Protein	Protein ID	Entry Name	Gene	Protein Length	Organism	Protein Existence	Description	Protein Probability	Top Peptide Probability	Combined Total Peptides	Combined Spectral Count	Combined Unique Spectral Count	Combined Total Spectral Count	yeast1 Spectral Count	yeast2 Spectral Count	yeast3 Spectral Count	yeast1 Unique Spectral Count	yeast2 Unique Spectral Count	yeast3 Unique Spectral Count	yeast1 Total Spectral Count	yeast2 Total Spectral Count	yeast3 Total Spectral Count	yeast1 Intensity	yeast2 Intensity	yeast3 Intensity	yeast1 MaxLFQ Intensity	yeast2 MaxLFQ Intensity	yeast3 MaxLFQ Intensity	Indistinguishable Proteins
contam_sp|P00761|TRYP_PIG	P00761	TRYP_PIG		231	Sus scrofa	1:Experimental evidence at protein level	Trypsin	1.0	0.999	4	112	112	112	37	38	37	37	38	37	37	38	37	8.6955398E8	9.5388442E8	9.3922048E8	3.46025984E8	4.33321088E8	4.2535024E8	
contam_sp|P12081|HARS1_HUMAN	P12081	HARS1_HUMAN	HARS1	509	Homo sapiens	1:Experimental evidence at protein level	Histidine--tRNA ligase, cytoplasmic	0.9301	0.9864	2	1	1	10	0	0	1	0	0	1	3	3	4	2647322.2	3312809.2	5158803.0	2647322.2	3312809.2	5158803.0	
contam_sp|P32503|GAG_SCVLA	P32503	GAG_SCVLA	gag	680	Saccharomyces cerevisiae virus L-A	1:Experimental evidence at protein level	Major capsid protein	1.0	0.999	13	124	124	124	38	42	44	38	42	44	38	42	44	4.07518304E8	4.01132128E8	4.26874848E8	6.9243416E7	7.57236E7	7.3955408E7	
contam_sp|P68871|HBB_HUMAN	P68871	HBB_HUMAN	HBB	147	Homo sapiens	1:Experimental evidence at protein level	Hemoglobin subunit beta	0.9674	0.999	1	3	3	3	1	1	1	1	1	1	1	1	1	9895801.0	3118190.8	1.0066576E7	9895801.0	3118190.8	1.0066576E7	
contam_sp|P69905|HBA_HUMAN	P69905	HBA_HUMAN	HBA2	142	Homo sapiens	1:Experimental evidence at protein level	Hemoglobin subunit alpha	0.675	0.9859	1	3	3	3	1	1	1	1	1	1	1	1	1	4647874.5	4155309.8	4486456.0	4647874.5	4155309.8	4486456.0	
contam_sp|Q06830|PRDX1_HUMAN	Q06830	PRDX1_HUMAN	PRDX1	199	Homo sapiens	1:Experimental evidence at protein level	Peroxiredoxin-1	0.9627	0.9988	1	1	1	1	0	1	0	0	1	0	0	1	0	1758812.1	2694560.2	0.0	1758812.1	2694560.2	0.0	
contam_sp|Q92764|KRT35_HUMAN	Q92764	KRT35_HUMAN	KRT35	455	Homo sapiens	1:Experimental evidence at protein level	Keratin, type I cuticular Ha5	0.7195	0.9885	1	1	1	1	1	0	0	1	0	0	1	0	0	4885324.5	4067137.5	3144763.0	4885324.5	4067137.5	3144763.0	
sp|O13297|CET1_YEAST	O13297	CET1_YEAST	CET1	549	Saccharomyces cerevisiae (strain ATCC 204508 / S288c)	1:Experimental evidence at protein level	mRNA-capping enzyme subunit beta	0.9999	0.999	2	5	5	5	3	1	1	3	1	1	3	1	1	5300554.5	3855814.0	3979233.2	3637354.0	2726344.2	2250061.0	
sp|O13516|RS9A_YEAST	O13516	RS9A_YEAST	RPS9A	197	Saccharomyces cerevisiae (strain ATCC 204508 / S288c)	1:Experimental evidence at protein level	40S ribosomal protein S9-A	1.0	0.999	12	3	3	210	1	1	1	1	1	1	70	70	70	1.482889E7	1.9849714E7	1.9458994E7	1.482889E7	1.9849714E7	1.9458994E7	
sp|O13535|YH11B_YEAST	O13535	YH11B_YEAST	TY1B-H	1793	Saccharomyces cerevisiae (strain ATCC 204508 / S288c)	3:Protein inferred from homology	Transposon Ty1-H Gag-Pol polyprotein	1.0	0.999	14	101	0	101	35	35	31	0	0	0	35	35	31	4.12988864E8	4.74731232E8	5.15561536E8	1.13874744E8	1.271254E8	1.41116272E8	
sp|O13547|CCW14_YEAST	O13547	CCW14_YEAST	CCW14	238	Saccharomyces cerevisiae (strain ATCC 204508 / S288c)	1:Experimental evidence at protein level	Covalently-linked cell wall protein 14	0.9674	0.999	1	5	5	5	1	2	2	1	2	2	1	2	2	3.6989136E7	2.6651574E7	3.7403556E7	3.6989136E7	2.6651574E7	3.7403556E7	
sp|O13563|RPN13_YEAST	O13563	RPN13_YEAST	RPN13	156	Saccharomyces cerevisiae (strain ATCC 204508 / S288c)	1:Experimental evidence at protein level	26S proteasome regulatory subunit RPN13	1.0	0.999	3	5	5	5	1	1	3	1	1	3	1	1	3	2.818708E7	2.939503E7	3.2543472E7	1.7566334E7	1.6717985E7	1.5894684E7	
sp|O14455|RL36B_YEAST	O14455	RL36B_YEAST	RPL36B	100	Saccharomyces cerevisiae (strain ATCC 204508 / S288c)	1:Experimental evidence at protein level	60S ribosomal protein L36-B	1.0	0.999	4	81	21	81	26	24	31	7	6	8	26	24	31	7.5924403E8	7.2521568E8	5.6980973E8	2.65328944E8	2.32178608E8	2.30917136E8	
sp|O14467|MBF1_YEAST	O14467	MBF1_YEAST	MBF1	151	Saccharomyces cerevisiae (strain ATCC 204508 / S288c)	1:Experimental evidence at protein level	Multiprotein-bridging factor 1	1.0	0.999	9	58	58	58	19	19	20	19	19	20	19	19	20	3.70325312E8	3.26150624E8	4.13457696E8	1.1682948E8	1.03101792E8	1.07577912E8	
sp|O43137|YB085_YEAST	O43137	YB085_YEAST	YBR085C-A	85	Saccharomyces cerevisiae (strain ATCC 204508 / S288c)	1:Experimental evidence at protein level	Uncharacterized protein YBR085C-A	1.0	0.999	2	9	9	9	3	3	3	3	3	3	3	3	3	5.6639872E7	5.7777796E7	6.172294E7	4.013496E7	4.6498972E7	4.9575812E7	
sp|O60200|MDM35_YEAST	O60200	MDM35_YEAST	MDM35	86	Saccharomyces cerevisiae (strain ATCC 204508 / S288c)	1:Experimental evidence at protein level	Mitochondrial distribution and morphology protein 35	0.9674	0.999	1	1	1	1	0	0	1	0	0	1	0	0	1	3491396.8	5320799.5	5749668.5	3491396.8	5320799.5	5749668.5	
sp|O74700|TIM9_YEAST	O74700	TIM9_YEAST	TIM9	87	Saccharomyces cerevisiae (strain ATCC 204508 / S288c)	1:Experimental evidence at protein level	Mitochondrial import inner membrane translocase subunit TIM9	1.0	0.999	2	8	8	8	3	2	3	3	2	3	3	2	3	7.885112E7	7.6786888E7	6.9609888E7	6.0356928E7	5.84544E7	5.7918384E7	
sp|O94742|SEM1_YEAST	O94742	SEM1_YEAST	SEM1	89	Saccharomyces cerevisiae (strain ATCC 204508 / S288c)	1:Experimental evidence at protein level	26S proteasome complex subunit SEM1	0.9674	0.999	1	3	3	3	1	1	1	1	1	1	1	1	1	8283865.0	8836772.0	1.2322696E7	8283865.0	8836772.0	1.2322696E7	
sp|P00045|CYC7_YEAST	P00045	CYC7_YEAST	CYC7	113	Saccharomyces cerevisiae (strain ATCC 204508 / S288c)	1:Experimental evidence at protein level	Cytochrome c isoform 2	1.0	0.999	2	2	1	2	1	1	0	1	0	0	1	1	0	7995940.0	8187535.0	6734884.0	5099742.5	5038944.0	4101842.8	
sp|P00127|QCR6_YEAST	P00127	QCR6_YEAST	QCR6	147	Saccharomyces cerevisiae (strain ATCC 204508 / S288c)	1:Experimental evidence at protein level	Cytochrome b-c1 complex subunit 6, mitochondrial	0.9674	0.999	1	2	2	2	1	1	0	1	1	0	1	1	0	1.0977214E7	1.2184738E7	1.1860522E7	1.0977214E7	1.2184738E7	1.1860522E7	
sp|P00330|ADH1_YEAST	P00330	ADH1_YEAST	ADH1	348	Saccharomyces cerevisiae (strain ATCC 204508 / S288c)	1:Experimental evidence at protein level	Alcohol dehydrogenase 1	1.0	0.999	15	743	351	743	258	249	236	123	121	107	258	249	236	1.83953408E10	1.55401206E10	1.79791974E10	2.81273011E9	2.60345318E9	2.78058317E9	
sp|P00358|G3P2_YEAST	P00358	G3P2_YEAST	TDH2	332	Saccharomyces cerevisiae (strain ATCC 204508 / S288c)	1:Experimental evidence at protein level	Glyceraldehyde-3-phosphate dehydrogenase 2	1.0	0.999	19	947	148	947	356	316	275	52	51	45	356	316	275	3.626265E10	3.5431223E10	3.6509876E10	7.7682365E9	7.9331507E9	8.0503352E9	
sp|P00359|G3P3_YEAST	P00359	G3P3_YEAST	TDH3	332	Saccharomyces cerevisiae (strain ATCC 204508 / S288c)	1:Experimental evidence at protein level	Glyceraldehyde-3-phosphate dehydrogenase 3	1.0	0.999	20	135	87	926	47	50	38	29	32	26	348	312	266	4.7202447E9	5.628225E9	6.0755574E9	3.09675366E9	4.9665198E9	5.1495368E9	
sp|P00360|G3P1_YEAST	P00360	G3P1_YEAST	TDH1	332	Saccharomyces cerevisiae (strain ATCC 204508 / S288c)	1:Experimental evidence at protein level	Glyceraldehyde-3-phosphate dehydrogenase 1	1.0	0.999	19	254	254	712	85	84	85	85	84	85	256	243	213	3.90365235E9	3.80986035E9	4.02670592E9	8.7992237E8	8.9051046E8	9.5720794E8	
sp|P00425|COX5B_YEAST	P00425	COX5B_YEAST	COX5B	151	Saccharomyces cerevisiae (strain ATCC 204508 / S288c)	1:Experimental evidence at protein level	Cytochrome c oxidase subunit 5B, mitochondrial	0.9432	0.9982	1	2	2	2	0	1	1	0	1	1	0	1	1	5742183.5	5820290.0	6668053.0	5742183.5	5820290.0	6668053.0	
sp|P00427|COX6_YEAST	P00427	COX6_YEAST	COX6	148	Saccharomyces cerevisiae (strain ATCC 204508 / S288c)	1:Experimental evidence at protein level	Cytochrome c oxidase subunit 6, mitochondrial	0.9999	0.999	2	6	6	6	3	1	2	3	1	2	3	1	2	1.0964978E7	9767967.0	1.1749331E7	6323287.0	5380038.0	6733156.5	
sp|P00431|CCPR_YEAST	P00431	CCPR_YEAST	CCP1	361	Saccharomyces cerevisiae (strain ATCC 204508 / S288c)	1:Experimental evidence at protein level	Cytochrome c peroxidase, mitochondrial	1.0	0.999	5	14	14	14	4	4	6	4	4	6	4	4	6	2.52157E7	1.4329797E7	2.3825796E7	8347922.5	8283710.5	6996479.5	
sp|P00445|SODC_YEAST	P00445	SODC_YEAST	SOD1	154	Saccharomyces cerevisiae (strain ATCC 204508 / S288c)	1:Experimental evidence at protein level	Superoxide dismutase [Cu-Zn]	1.0	0.999	10	201	201	201	62	67	72	62	67	72	62	67	72	1.71546266E9	1.70620838E9	1.75505741E9	3.75825408E8	3.94369248E8	4.12962048E8	
sp|P00447|SODM_YEAST	P00447	SODM_YEAST	SOD2	233	Saccharomyces cerevisiae (strain ATCC 204508 / S288c)	1:Experimental evidence at protein level	Superoxide dismutase [Mn], mitochondrial	1.0	0.999	7	35	35	35	11	11	13	11	11	13	11	11	13	8.1393976E7	8.6552504E7	8.8015728E7	1.98166E7	2.1120114E7	2.0980794E7	
sp|P00498|HIS1_YEAST	P00498	HIS1_YEAST	HIS1	297	Saccharomyces cerevisiae (strain ATCC 204508 / S288c)	1:Experimental evidence at protein level	ATP phosphoribosyltransferase	1.0	0.999	9	38	38	38	13	13	12	13	13	12	13	13	12	1.85645584E8	1.62665968E8	1.73355104E8	3.5372236E7	2.7988096E7	3.1597448E7	
sp|P00546|CDK1_YEAST	P00546	CDK1_YEAST	CDC28	298	Saccharomyces cerevisiae (strain ATCC 204508 / S288c)	1:Experimental evidence at protein level	Cyclin-dependent kinase 1	1.0	0.999	4	2	2	9	1	0	1	1	0	1	4	3	2	8914551.0	5952292.0	3633823.8	4415188.0	3196415.8	4316426.0	
sp|P00549|KPYK1_YEAST	P00549	KPYK1_YEAST	CDC19	500	Saccharomyces cerevisiae (strain ATCC 204508 / S288c)	1:Experimental evidence at protein level	Pyruvate kinase 1	1.0	0.999	28	1070	933	1070	378	365	327	325	316	292	378	365	327	2.13895864E10	2.35654615E10	2.34967286E10	2.62591155E9	3.11095142E9	3.29320141E9	
sp|P00560|PGK_YEAST	P00560	PGK_YEAST	PGK1	416	Saccharomyces cerevisiae (strain ATCC 204508 / S288c)	1:Experimental evidence at protein level	Phosphoglycerate kinase	1.0	0.999	26	1093	1093	1093	371	374	348	371	374	348	371	374	348	1.9305857E10	1.94465137E10	2.05130875E10	2.37714022E9	2.41307034E9	2.56642944E9	
sp|P00724|INV2_YEAST	P00724	INV2_YEAST	SUC2	532	Saccharomyces cerevisiae (strain ATCC 204508 / S288c)	1:Experimental evidence at protein level	Invertase 2	1.0	0.999	3	8	8	8	2	3	3	2	3	3	2	3	3	2.9343544E7	2.7155764E7	3.1714942E7	1.0583094E7	9764700.0	1.1349614E7	
sp|P00729|CBPY_YEAST	P00729	CBPY_YEAST	PRC1	532	Saccharomyces cerevisiae (strain ATCC 204508 / S288c)	1:Experimental evidence at protein level	Carboxypeptidase Y	1.0	0.999	7	94	94	94	30	32	32	30	32	32	30	32	32	1.56598592E8	2.5072064E8	2.4874816E8	3.006084E7	4.7506572E7	4.6170456E7	
sp|P00812|ARGI_YEAST	P00812	ARGI_YEAST	CAR1	333	Saccharomyces cerevisiae (strain ATCC 204508 / S288c)	1:Experimental evidence at protein level	Arginase	1.0	0.999	7	17	17	17	6	7	4	6	7	4	6	7	4	6.1179344E7	6.2868016E7	5.33134E7	1.2521662E7	1.222044E7	1.3407594E7	
sp|P00815|HIS2_YEAST	P00815	HIS2_YEAST	HIS4	799	Saccharomyces cerevisiae (strain ATCC 204508 / S288c)	1:Experimental evidence at protein level	Histidine biosynthesis trifunctional protein	1.0	0.999	25	163	163	163	50	59	54	50	59	54	50	59	54	5.4472576E8	6.2515091E8	6.3149261E8	5.5336844E7	5.264092E7	5.7704572E7	
sp|P00817|IPYR_YEAST	P00817	IPYR_YEAST	IPP1	287	Saccharomyces cerevisiae (strain ATCC 204508 / S288c)	1:Experimental evidence at protein level	Inorganic pyrophosphatase	1.0	0.999	11	168	165	168	54	57	57	53	56	56	54	57	57	1.0715744E9	1.02589728E9	9.6211987E8	2.26898832E8	2.38408672E8	2.07791792E8	
sp|P00830|ATPB_YEAST	P00830	ATPB_YEAST	ATP2	511	Saccharomyces cerevisiae (strain ATCC 204508 / S288c)	1:Experimental evidence at protein level	ATP synthase subunit beta, mitochondrial	1.0	0.999	16	115	115	115	36	41	38	36	41	38	36	41	38	4.6717872E8	4.59366656E8	5.26119712E8	9.1799736E7	9.4278952E7	1.03563664E8	
sp|P00890|CISY1_YEAST	P00890	CISY1_YEAST	CIT1	479	Saccharomyces cerevisiae (strain ATCC 204508 / S288c)	1:Experimental evidence at protein level	Citrate synthase, mitochondrial	1.0	0.999	19	108	108	108	37	37	34	37	37	34	37	37	34	3.38405952E8	3.4096064E8	3.73226336E8	4.0700632E7	4.4626488E7	4.5876408E7	
sp|P00899|TRPE_YEAST	P00899	TRPE_YEAST	TRP2	507	Saccharomyces cerevisiae (strain ATCC 204508 / S288c)	1:Experimental evidence at protein level	Anthranilate synthase component 1	1.0	0.999	10	27	27	27	11	8	8	11	8	8	11	8	8	8.8971648E7	7.570112E7	8.021764E7	1.6918536E7	1.4497926E7	1.693096E7	
sp|P00912|TRPF_YEAST	P00912	TRPF_YEAST	TRP1	224	Saccharomyces cerevisiae (strain ATCC 204508 / S288c)	1:Experimental evidence at protein level	N-(5'-phosphoribosyl)anthranilate isomerase	0.7405	0.9897	1	3	3	3	1	1	1	1	1	1	1	1	1	3095354.8	1979589.5	2435606.0	3095354.8	1979589.5	2435606.0	
sp|P00924|ENO1_YEAST	P00924	ENO1_YEAST	ENO1	437	Saccharomyces cerevisiae (strain ATCC 204508 / S288c)	1:Experimental evidence at protein level	Enolase 1	1.0	0.999	21	473	473	1029	147	165	161	147	165	161	348	353	328	4.759425E9	4.7442934E9	5.0624968E9	1.46200576E9	1.62990106E9	1.78120077E9	
sp|P00925|ENO2_YEAST	P00925	ENO2_YEAST	ENO2	437	Saccharomyces cerevisiae (strain ATCC 204508 / S288c)	1:Experimental evidence at protein level	Enolase 2	1.0	0.999	23	1159	603	1159	402	391	366	201	203	199	402	391	366	2.37445366E10	2.54410199E10	2.70008975E10	4.7082522E9	5.3355699E9	5.4993787E9	
sp|P00927|THDH_YEAST	P00927	THDH_YEAST	ILV1	576	Saccharomyces cerevisiae (strain ATCC 204508 / S288c)	1:Experimental evidence at protein level	Threonine dehydratase, mitochondrial	1.0	0.999	3	5	5	5	3	1	1	3	1	1	3	1	1	1.3406026E7	1.5031533E7	9245930.0	5386251.0	6408355.5	6455987.0	
sp|P00931|TRP_YEAST	P00931	TRP_YEAST	TRP5	707	Saccharomyces cerevisiae (strain ATCC 204508 / S288c)	1:Experimental evidence at protein level	Tryptophan synthase	1.0	0.999	25	143	143	143	46	49	48	46	49	48	46	49	48	5.3526192E8	5.0872112E8	5.893872E8	4.9002356E7	4.777188E7	4.8528648E7	
sp|P00937|TRPG_YEAST	P00937	TRPG_YEAST	TRP3	484	Saccharomyces cerevisiae (strain ATCC 204508 / S288c)	1:Experimental evidence at protein level	Multifunctional tryptophan biosynthesis protein	1.0	0.999	11	31	31	31	12	9	10	12	9	10	12	9	10	7.2164768E7	6.0040612E7	1.69205616E8	2.7144274E7	2.4263596E7	2.778433E7	
sp|P00942|TPIS_YEAST	P00942	TPIS_YEAST	TPI1	248	Saccharomyces cerevisiae (strain ATCC 204508 / S288c)	1:Experimental evidence at protein level	Triosephosphate isomerase	1.0	0.999	10	307	307	307	102	101	104	102	101	104	102	101	104	4.7013033E9	4.9079839E9	4.8349629E9	7.578016E8	7.7645331E8	7.6841018E8	
sp|P00950|PMG1_YEAST	P00950	PMG1_YEAST	GPM1	247	Saccharomyces cerevisiae (strain ATCC 204508 / S288c)	1:Experimental evidence at protein level	Phosphoglycerate mutase 1	1.0	0.999	15	380	380	380	131	127	122	131	127	122	131	127	122	8.8879329E9	8.5984461E9	9.4182308E9	1.81978381E9	1.86429901E9	1.9110976E9	
sp|P00958|SYMC_YEAST	P00958	SYMC_YEAST	MES1	751	Saccharomyces cerevisiae (strain ATCC 204508 / S288c)	1:Experimental evidence at protein level	Methionine--tRNA ligase, cytoplasmic	1.0	0.999	23	94	94	94	32	32	30	32	32	30	32	32	30	2.5224392E8	2.4962632E8	2.54607792E8	2.8167132E7	2.7450322E7	2.4775278E7	
sp|P01094|IPA3_YEAST	P01094	IPA3_YEAST	PAI3	68	Saccharomyces cerevisiae (strain ATCC 204508 / S288c)	1:Experimental evidence at protein level	Protease A inhibitor 3	0.9674	0.999	1	4	4	4	1	1	2	1	1	2	1	1	2	1.0102237E7	9517007.0	1.0452289E7	1.0102237E7	9517007.0	1.0452289E7	
sp|P01098|STF1_YEAST	P01098	STF1_YEAST	STF1	86	Saccharomyces cerevisiae (strain ATCC 204508 / S288c)	1:Experimental evidence at protein level	ATPase-stabilizing factor 9 kDa, mitochondrial	0.7742	0.9914	1	3	3	3	1	1	1	1	1	1	1	1	1	5412434.0	5099260.5	5297900.5	5412434.0	5099260.5	5297900.5	
sp|P01120|RAS2_YEAST	P01120	RAS2_YEAST	RAS2	322	Saccharomyces cerevisiae (strain ATCC 204508 / S288c)	1:Experimental evidence at protein level	Ras-like protein 2	1.0	0.999	13	50	40	50	15	16	19	12	13	15	15	16	19	1.96171856E8	1.85564368E8	1.98238656E8	2.5159512E7	2.5667808E7	2.647726E7	
sp|P01123|YPT1_YEAST	P01123	YPT1_YEAST	YPT1	206	Saccharomyces cerevisiae (strain ATCC 204508 / S288c)	1:Experimental evidence at protein level	GTP-binding protein YPT1	1.0	0.999	6	20	20	32	7	7	6	7	7	6	11	11	10	1.36029376E8	1.34969776E8	1.3128748E8	4.4698308E7	4.7118248E7	4.5988828E7	
sp|P02293|H2B1_YEAST	P02293	H2B1_YEAST	HTB1	131	Saccharomyces cerevisiae (strain ATCC 204508 / S288c)	1:Experimental evidence at protein level	Histone H2B.1	1.0	0.999	3	67	0	67	21	24	22	0	0	0	21	24	22	6.870761E8	5.8497126E8	6.0556614E8	4.2795584E8	3.81217216E8	3.4360512E8	sp|P02294|H2B2_YEAST
sp|P02309|H4_YEAST	P02309	H4_YEAST	HHF1	103	Saccharomyces cerevisiae (strain ATCC 204508 / S288c)	1:Experimental evidence at protein level	Histone H4	1.0	0.999	6	90	90	90	27	30	33	27	30	33	27	30	33	7.0273389E8	5.7823078E8	6.8821088E8	2.23881024E8	2.01284624E8	2.2502368E8	
sp|P02400|RLA4_YEAST	P02400	RLA4_YEAST	RPP2B	110	Saccharomyces cerevisiae (strain ATCC 204508 / S288c)	1:Experimental evidence at protein level	60S acidic ribosomal protein P2-beta	1.0	0.999	5	90	90	90	27	31	32	27	31	32	27	31	32	8.7941811E8	9.7720518E8	9.4264896E8	2.95340704E8	3.67152704E8	3.9247776E8	
sp|P02406|RL28_YEAST	P02406	RL28_YEAST	RPL28	149	Saccharomyces cerevisiae (strain ATCC 204508 / S288c)	1:Experimental evidence at protein level	60S ribosomal protein L28	1.0	0.999	8	60	60	60	20	20	20	20	20	20	20	20	20	5.4320045E8	6.4966579E8	6.436327E8	2.94277568E8	3.04290304E8	3.28413728E8	
sp|P02407|RS17A_YEAST	P02407	RS17A_YEAST	RPS17A	136	Saccharomyces cerevisiae (strain ATCC 204508 / S288c)	1:Experimental evidence at protein level	40S ribosomal protein S17-A	1.0	0.999	6	97	0	97	35	30	32	0	0	0	35	30	32	1.3577591E9	1.18569894E9	1.2995776E9	4.09019392E8	3.68818048E8	3.9501744E8	sp|P14127|RS17B_YEAST
sp|P02557|TBB_YEAST	P02557	TBB_YEAST	TUB2	457	Saccharomyces cerevisiae (strain ATCC 204508 / S288c)	1:Experimental evidence at protein level	Tubulin beta chain	1.0	0.999	9	45	45	45	15	14	16	15	14	16	15	14	16	1.34426112E8	1.69387088E8	1.6648272E8	2.8623618E7	3.8270432E7	3.4314192E7	
sp|P02829|HSP82_YEAST	P02829	HSP82_YEAST	HSP82	709	Saccharomyces cerevisiae (strain ATCC 204508 / S288c)	1:Experimental evidence at protein level	ATP-dependent molecular chaperone HSP82	1.0	0.999	32	46	46	515	14	16	16	14	16	16	171	160	184	3.29740352E8	2.96271136E8	2.90955648E8	6.0339108E7	5.9943756E7	5.7399704E7	
sp|P02992|EFTU_YEAST	P02992	EFTU_YEAST	TUF1	437	Saccharomyces cerevisiae (strain ATCC 204508 / S288c)	1:Experimental evidence at protein level	Elongation factor Tu, mitochondrial	1.0	0.999	7	28	28	28	11	8	9	11	8	9	11	8	9	9.8281944E7	9.8462416E7	1.12875384E8	2.1844946E7	2.3738046E7	2.667191E7	
sp|P02994|EF1A_YEAST	P02994	EF1A_YEAST	TEF1	458	Saccharomyces cerevisiae (strain ATCC 204508 / S288c)	1:Experimental evidence at protein level	Elongation factor 1-alpha	1.0	0.999	21	847	847	847	306	289	252	306	289	252	306	289	252	1.86172477E10	1.85076142E10	1.84679055E10	2.7244585E9	2.95431987E9	3.01819725E9	
sp|P03965|CARB_YEAST	P03965	CARB_YEAST	CPA2	1118	Saccharomyces cerevisiae (strain ATCC 204508 / S288c)	1:Experimental evidence at protein level	Carbamoyl-phosphate synthase arginine-specific large chain	1.0	0.999	20	49	49	60	18	17	14	18	17	14	22	20	18	1.84539024E8	1.83562208E8	1.67938416E8	6.5872456E7	6.6647452E7	6.8226888E7	
sp|P04046|PUR1_YEAST	P04046	PUR1_YEAST	ADE4	510	Saccharomyces cerevisiae (strain ATCC 204508 / S288c)	1:Experimental evidence at protein level	Amidophosphoribosyltransferase	1.0	0.999	13	47	47	47	17	16	14	17	16	14	17	16	14	1.90986448E8	1.6305976E8	1.72582592E8	2.9510586E7	2.4298908E7	2.470701E7	
sp|P04050|RPB1_YEAST	P04050	RPB1_YEAST	RPO21	1733	Saccharomyces cerevisiae (strain ATCC 204508 / S288c)	1:Experimental evidence at protein level	DNA-directed RNA polymerase II subunit RPB1	1.0	0.999	25	74	74	74	23	26	25	23	26	25	23	26	25	1.5950224E8	1.58472256E8	1.54108272E8	1.7188266E7	1.6384235E7	1.6648295E7	
sp|P04076|ARLY_YEAST	P04076	ARLY_YEAST	ARG4	463	Saccharomyces cerevisiae (strain ATCC 204508 / S288c)	1:Experimental evidence at protein level	Argininosuccinate lyase	1.0	0.999	12	37	37	37	13	13	11	13	13	11	13	13	11	1.20593192E8	1.0361728E8	1.14282976E8	4.5217704E7	3.9433204E7	4.2021348E7	
sp|P04147|PABP_YEAST	P04147	PABP_YEAST	PAB1	577	Saccharomyces cerevisiae (strain ATCC 204508 / S288c)	1:Experimental evidence at protein level	Polyadenylate-binding protein, cytoplasmic and nuclear	1.0	0.999	21	153	153	153	49	49	55	49	49	55	49	49	55	7.4804864E8	6.7880826E8	7.0379117E8	8.2472816E7	7.5935904E7	7.8437416E7	
sp|P04161|PUR3_YEAST	P04161	PUR3_YEAST	ADE8	214	Saccharomyces cerevisiae (strain ATCC 204508 / S288c)	1:Experimental evidence at protein level	Phosphoribosylglycinamide formyltransferase	1.0	0.999	3	8	8	8	3	2	3	3	2	3	3	2	3	1.8915238E7	1.9542182E7	1.7483544E7	1.1030628E7	9551311.0	9127742.0	
sp|P04449|RL24A_YEAST	P04449	RL24A_YEAST	RPL24A	155	Saccharomyces cerevisiae (strain ATCC 204508 / S288c)	1:Experimental evidence at protein level	60S ribosomal protein L24-A	1.0	0.999	7	114	13	114	39	36	39	4	4	5	39	36	39	6.868752E8	7.5317427E8	5.9056467E8	1.73450432E8	1.6048088E8	1.45334272E8	
sp|P04456|RL25_YEAST	P04456	RL25_YEAST	RPL25	142	Saccharomyces cerevisiae (strain ATCC 204508 / S288c)	1:Experimental evidence at protein level	60S ribosomal protein L25	1.0	0.999	5	127	127	127	43	39	45	43	39	45	43	39	45	1.40374118E9	1.54732749E9	1.46865741E9	5.3979731E8	5.8820442E8	5.6561747E8	
sp|P04650|RL39_YEAST	P04650	RL39_YEAST	RPL39	51	Saccharomyces cerevisiae (strain ATCC 204508 / S288c)	1:Experimental evidence at protein level	60S ribosomal protein L39	1.0	0.999	2	40	40	40	13	12	15	13	12	15	13	12	15	3.27393664E8	2.49490816E8	2.44455552E8	2.38005024E8	1.98074544E8	1.965376E8	
sp|P04801|SYTC_YEAST	P04801	SYTC_YEAST	THS1	734	Saccharomyces cerevisiae (strain ATCC 204508 / S288c)	1:Experimental evidence at protein level	Threonine--tRNA ligase, cytoplasmic	1.0	0.999	23	148	148	148	49	53	46	49	53	46	49	53	46	5.4037824E8	5.7500154E8	5.18372192E8	4.1967344E7	4.4310352E7	4.3067512E7	
sp|P04802|SYDC_YEAST	P04802	SYDC_YEAST	DPS1	557	Saccharomyces cerevisiae (strain ATCC 204508 / S288c)	1:Experimental evidence at protein level	Aspartate--tRNA ligase, cytoplasmic	1.0	0.999	26	196	196	196	64	68	64	64	68	64	64	68	64	9.4306656E8	8.6035219E8	8.8229914E8	1.32855584E8	1.25040424E8	1.26773616E8	
sp|P04806|HXKA_YEAST	P04806	HXKA_YEAST	HXK1	485	Saccharomyces cerevisiae (strain ATCC 204508 / S288c)	1:Experimental evidence at protein level	Hexokinase-1	1.0	0.999	19	228	228	286	78	80	70	78	80	70	97	97	92	1.89580774E9	2.16084429E9	2.26042342E9	3.08253856E8	4.30791744E8	4.18405056E8	
sp|P04807|HXKB_YEAST	P04807	HXKB_YEAST	HXK2	486	Saccharomyces cerevisiae (strain ATCC 204508 / S288c)	1:Experimental evidence at protein level	Hexokinase-2	1.0	0.999	23	327	269	327	103	107	117	84	90	95	103	107	117	2.61718477E9	2.93971661E9	3.01757926E9	3.94417952E8	5.06308128E8	4.98783712E8	
sp|P04819|DNLI1_YEAST	P04819	DNLI1_YEAST	CDC9	755	Saccharomyces cerevisiae (strain ATCC 204508 / S288c)	1:Experimental evidence at protein level	DNA ligase 1	0.9674	0.999	1	4	4	4	2	1	1	2	1	1	2	1	1	1847747.6	2621666.8	2609054.5	1847747.6	2621666.8	2609054.5	
sp|P04840|VDAC1_YEAST	P04840	VDAC1_YEAST	POR1	283	Saccharomyces cerevisiae (strain ATCC 204508 / S288c)	1:Experimental evidence at protein level	Mitochondrial outer membrane protein porin 1	1.0	0.999	12	188	188	188	62	59	67	62	59	67	62	59	67	1.55030426E9	1.4542688E9	1.57167642E9	2.20794528E8	2.20614256E8	2.46127264E8	
sp|P04911|H2A1_YEAST	P04911	H2A1_YEAST	HTA1	132	Saccharomyces cerevisiae (strain ATCC 204508 / S288c)	1:Experimental evidence at protein level	Histone H2A.1	1.0	0.999	4	92	0	92	29	32	31	0	0	0	29	32	31	5.183488E8	6.1583482E8	6.0425779E8	2.07640768E8	2.196248E8	2.22045856E8	sp|P04912|H2A2_YEAST
sp|P05030|PMA1_YEAST	P05030	PMA1_YEAST	PMA1	918	Saccharomyces cerevisiae (strain ATCC 204508 / S288c)	1:Experimental evidence at protein level	Plasma membrane ATPase 1	1.0	0.999	27	353	153	353	115	116	122	48	51	54	115	116	122	3.59870259E9	3.39565594E9	3.75066189E9	4.02867232E8	4.19917088E8	4.43230432E8	
sp|P05317|RLA0_YEAST	P05317	RLA0_YEAST	RPP0	312	Saccharomyces cerevisiae (strain ATCC 204508 / S288c)	1:Experimental evidence at protein level	60S acidic ribosomal protein P0	1.0	0.999	12	138	138	138	47	40	51	47	40	51	47	40	51	1.23555891E9	1.28016768E9	1.27072986E9	2.89556672E8	2.94930944E8	2.90159712E8	
sp|P05318|RLA1_YEAST	P05318	RLA1_YEAST	RPP1A	106	Saccharomyces cerevisiae (strain ATCC 204508 / S288c)	1:Experimental evidence at protein level	60S acidic ribosomal protein P1-alpha	1.0	0.999	2	23	23	23	7	9	7	7	9	7	7	9	7	2.16581456E8	3.005264E8	2.29897616E8	1.97548736E8	2.67620752E8	2.05198128E8	
sp|P05319|RLA2_YEAST	P05319	RLA2_YEAST	RPP2A	106	Saccharomyces cerevisiae (strain ATCC 204508 / S288c)	1:Experimental evidence at protein level	60S acidic ribosomal protein P2-alpha	1.0	0.999	4	55	55	55	18	19	18	18	19	18	18	19	18	7.7583078E8	6.8433549E8	8.285232E8	3.1963664E8	3.443376E8	3.85157344E8	
sp|P05373|HEM2_YEAST	P05373	HEM2_YEAST	HEM2	342	Saccharomyces cerevisiae (strain ATCC 204508 / S288c)	1:Experimental evidence at protein level	Delta-aminolevulinic acid dehydratase	1.0	0.999	6	22	22	22	8	7	7	8	7	7	8	7	7	3.9428264E7	3.3423236E7	3.707608E7	1.0727623E7	1.041172E7	1.1557817E7	
sp|P05374|CHO2_YEAST	P05374	CHO2_YEAST	CHO2	869	Saccharomyces cerevisiae (strain ATCC 204508 / S288c)	1:Experimental evidence at protein level	Phosphatidylethanolamine N-methyltransferase	1.0	0.999	6	13	13	14	7	3	3	7	3	3	7	3	4	1.8004772E7	2.3732856E7	2.1505958E7	5059134.5	6474520.5	6343831.0	
sp|P05375|PLMT_YEAST	P05375	PLMT_YEAST	OPI3	206	Saccharomyces cerevisiae (strain ATCC 204508 / S288c)	1:Experimental evidence at protein level	Phosphatidyl-N-methylethanolamine N-methyltransferase	0.9674	0.999	1	2	2	2	0	1	1	0	1	1	0	1	1	0.0	4494519.5	6106407.0	0.0	4494519.5	6106407.0	
sp|P05453|ERF3_YEAST	P05453	ERF3_YEAST	SUP35	685	Saccharomyces cerevisiae (strain ATCC 204508 / S288c)	1:Experimental evidence at protein level	Eukaryotic peptide chain release factor GTP-binding subunit	1.0	0.999	15	44	44	44	17	16	11	17	16	11	17	16	11	1.46615216E8	1.56267216E8	1.82246688E8	2.8385228E7	2.745389E7	2.936196E7	
sp|P05694|METE_YEAST	P05694	METE_YEAST	MET6	767	Saccharomyces cerevisiae (strain ATCC 204508 / S288c)	1:Experimental evidence at protein level	5-methyltetrahydropteroyltriglutamate--homocysteine methyltransferase	1.0	0.999	34	237	237	237	77	84	76	77	84	76	77	84	76	9.3088499E8	9.321783E8	1.00104947E9	9.1366544E7	9.2329744E7	9.604324E7	
sp|P05737|RL7A_YEAST	P05737	RL7A_YEAST	RPL7A	244	Saccharomyces cerevisiae (strain ATCC 204508 / S288c)	1:Experimental evidence at protein level	60S ribosomal protein L7-A	1.0	0.999	11	169	23	169	54	55	60	8	8	7	54	55	60	1.89817536E9	1.76465946E9	1.798704E9	3.88525568E8	3.71277312E8	4.10127392E8	
sp|P05738|RL9A_YEAST	P05738	RL9A_YEAST	RPL9A	191	Saccharomyces cerevisiae (strain ATCC 204508 / S288c)	1:Experimental evidence at protein level	60S ribosomal protein L9-A	1.0	0.999	7	105	5	105	36	32	37	2	1	2	36	32	37	7.3222451E8	7.9002829E8	7.6667603E8	2.68376256E8	2.81008064E8	2.95525632E8	
sp|P05739|RL6B_YEAST	P05739	RL6B_YEAST	RPL6B	176	Saccharomyces cerevisiae (strain ATCC 204508 / S288c)	1:Experimental evidence at protein level	60S ribosomal protein L6-B	1.0	0.999	8	163	89	163	51	53	59	28	31	30	51	53	59	1.03571354E9	1.07122291E9	8.7697997E8	3.016648E8	2.85795072E8	2.66575312E8	
sp|P05740|RL17A_YEAST	P05740	RL17A_YEAST	RPL17A	184	Saccharomyces cerevisiae (strain ATCC 204508 / S288c)	1:Experimental evidence at protein level	60S ribosomal protein L17-A	1.0	0.999	6	120	23	120	36	40	44	7	8	8	36	40	44	1.23027136E9	1.01504461E9	1.06125101E9	3.35403392E8	2.91925088E8	2.96571424E8	
sp|P05743|RL26A_YEAST	P05743	RL26A_YEAST	RPL26A	127	Saccharomyces cerevisiae (strain ATCC 204508 / S288c)	1:Experimental evidence at protein level	60S ribosomal protein L26-A	1.0	0.999	9	5	5	130	1	3	1	1	3	1	42	41	47	5.8913692E7	6.9117072E7	7.1516544E7	5.8913692E7	6.9117072E7	7.1516544E7	
sp|P05744|RL33A_YEAST	P05744	RL33A_YEAST	RPL33A	107	Saccharomyces cerevisiae (strain ATCC 204508 / S288c)	1:Experimental evidence at protein level	60S ribosomal protein L33-A	1.0	0.999	3	29	0	29	10	8	11	0	0	0	10	8	11	4.00242176E8	3.40513504E8	3.54765632E8	3.04332E8	3.54598624E8	3.73436864E8	sp|P41056|RL33B_YEAST
sp|P05745|RL36A_YEAST	P05745	RL36A_YEAST	RPL36A	100	Saccharomyces cerevisiae (strain ATCC 204508 / S288c)	1:Experimental evidence at protein level	60S ribosomal protein L36-A	0.9946	0.999	4	8	8	68	2	3	3	2	3	3	21	21	26	5.2901672E7	4.4622828E7	4.6597652E7	5.2901672E7	4.4622828E7	4.6597652E7	
sp|P05747|RL29_YEAST	P05747	RL29_YEAST	RPL29	59	Saccharomyces cerevisiae (strain ATCC 204508 / S288c)	1:Experimental evidence at protein level	60S ribosomal protein L29	1.0	0.999	2	18	18	18	8	7	3	8	7	3	8	7	3	2.70420192E8	1.01024128E8	6.6067352E7	2.25075776E8	6.841472E7	3.1135542E7	
sp|P05748|RL15A_YEAST	P05748	RL15A_YEAST	RPL15A	204	Saccharomyces cerevisiae (strain ATCC 204508 / S288c)	1:Experimental evidence at protein level	60S ribosomal protein L15-A	1.0	0.999	8	135	66	135	42	45	48	21	21	24	42	45	48	1.40482816E9	1.38221299E9	1.37274637E9	2.74705824E8	2.90708608E8	2.88826784E8	
sp|P05749|RL22A_YEAST	P05749	RL22A_YEAST	RPL22A	121	Saccharomyces cerevisiae (strain ATCC 204508 / S288c)	1:Experimental evidence at protein level	60S ribosomal protein L22-A	1.0	0.999	2	28	17	28	9	9	10	5	6	6	9	9	10	1.44203968E8	1.23327232E8	1.33591408E8	8.2430768E7	8.3081336E7	8.943988E7	
sp|P05750|RS3_YEAST	P05750	RS3_YEAST	RPS3	240	Saccharomyces cerevisiae (strain ATCC 204508 / S288c)	1:Experimental evidence at protein level	40S ribosomal protein S3	1.0	0.999	15	249	249	249	80	86	83	80	86	83	80	86	83	2.21895168E9	2.315904E9	2.4208087E9	3.21983616E8	3.40306048E8	3.47708E8	
sp|P05755|RS9B_YEAST	P05755	RS9B_YEAST	RPS9B	195	Saccharomyces cerevisiae (strain ATCC 204508 / S288c)	1:Experimental evidence at protein level	40S ribosomal protein S9-B	1.0	0.999	12	217	10	217	71	73	73	2	4	4	71	73	73	2.20453478E9	1.93626035E9	1.91025216E9	2.90524032E8	2.70083648E8	2.69381216E8	
sp|P05756|RS13_YEAST	P05756	RS13_YEAST	RPS13	151	Saccharomyces cerevisiae (strain ATCC 204508 / S288c)	1:Experimental evidence at protein level	40S ribosomal protein S13	1.0	0.999	7	115	115	115	36	42	37	36	42	37	36	42	37	5.29362144E8	5.6580922E8	6.371017E8	1.41299744E8	1.57350592E8	1.63968608E8	
sp|P05759|RS31_YEAST	P05759	RS31_YEAST	RPS31	152	Saccharomyces cerevisiae (strain ATCC 204508 / S288c)	1:Experimental evidence at protein level	Ubiquitin-40S ribosomal protein S31	1.0	0.999	5	119	25	119	44	36	39	10	6	9	44	36	39	1.03483987E9	8.6631712E8	1.03135552E9	3.99015232E8	3.87724576E8	4.28265888E8	
sp|P05986|KAPC_YEAST	P05986	KAPC_YEAST	TPK3	398	Saccharomyces cerevisiae (strain ATCC 204508 / S288c)	1:Experimental evidence at protein level	cAMP-dependent protein kinase type 3	0.0	0.9988	2	4	0	4	1	2	1	0	0	0	1	2	1	1.1487817E7	1.0545022E7	6228156.5	7072234.0	6222638.0	6228156.5	
sp|P06101|CDC37_YEAST	P06101	CDC37_YEAST	CDC37	506	Saccharomyces cerevisiae (strain ATCC 204508 / S288c)	1:Experimental evidence at protein level	Hsp90 co-chaperone Cdc37	1.0	0.999	8	22	22	22	8	8	6	8	8	6	8	8	6	8.7963936E7	6.733768E7	5.6834796E7	2.1001692E7	2.066725E7	2.3902216E7	
sp|P06102|NOT3_YEAST	P06102	NOT3_YEAST	NOT3	836	Saccharomyces cerevisiae (strain ATCC 204508 / S288c)	1:Experimental evidence at protein level	General negative regulator of transcription subunit 3	0.9674	0.999	1	1	1	1	1	0	0	1	0	0	1	0	0	3251974.5	2818095.5	3326473.8	3251974.5	2818095.5	3326473.8	
sp|P06103|EIF3B_YEAST	P06103	EIF3B_YEAST	PRT1	763	Saccharomyces cerevisiae (strain ATCC 204508 / S288c)	1:Experimental evidence at protein level	Eukaryotic translation initiation factor 3 subunit B	1.0	0.999	23	90	90	90	30	30	30	30	30	30	30	30	30	2.76750208E8	2.52737504E8	2.63053152E8	3.356502E7	3.0462594E7	3.1021502E7	
sp|P06105|SC160_YEAST	P06105	SC160_YEAST	SCP160	1222	Saccharomyces cerevisiae (strain ATCC 204508 / S288c)	1:Experimental evidence at protein level	Protein SCP160	1.0	0.999	47	176	176	176	59	62	55	59	62	55	59	62	55	6.7839322E8	5.989127E8	6.6298438E8	3.8724572E7	3.4930592E7	3.936738E7	
sp|P06168|ILV5_YEAST	P06168	ILV5_YEAST	ILV5	395	Saccharomyces cerevisiae (strain ATCC 204508 / S288c)	1:Experimental evidence at protein level	Ketol-acid reductoisomerase, mitochondrial	1.0	0.999	14	187	187	187	59	65	63	59	65	63	59	65	63	7.9818605E8	8.6586842E8	9.21096E8	1.40079392E8	1.42359504E8	1.47340848E8	
sp|P06169|PDC1_YEAST	P06169	PDC1_YEAST	PDC1	563	Saccharomyces cerevisiae (strain ATCC 204508 / S288c)	1:Experimental evidence at protein level	Pyruvate decarboxylase isozyme 1	1.0	0.999	29	1054	579	1054	357	364	333	198	202	179	357	364	333	2.14727148E10	1.9149482E10	2.16408187E10	2.90592742E9	3.18710221E9	3.28835866E9	
sp|P06182|CCHL_YEAST	P06182	CCHL_YEAST	CYC3	269	Saccharomyces cerevisiae (strain ATCC 204508 / S288c)	1:Experimental evidence at protein level	Holocytochrome-c synthase	1.0	0.999	6	13	13	13	5	4	4	5	4	4	5	4	4	2.8556312E7	2.8735448E7	2.8955738E7	1.0458246E7	1.036334E7	1.0365933E7	
sp|P06197|PIS_YEAST	P06197	PIS_YEAST	PIS1	220	Saccharomyces cerevisiae (strain ATCC 204508 / S288c)	1:Experimental evidence at protein level	CDP-diacylglycerol--inositol 3-phosphatidyltransferase	1.0	0.999	3	12	12	12	4	5	3	4	5	3	4	5	3	3.6271656E7	3.4679188E7	3.51733E7	1.7251698E7	1.6762431E7	1.6519915E7	
sp|P06208|LEU1_YEAST	P06208	LEU1_YEAST	LEU4	619	Saccharomyces cerevisiae (strain ATCC 204508 / S288c)	1:Experimental evidence at protein level	2-isopropylmalate synthase	1.0	0.999	14	53	21	53	19	17	17	8	7	6	19	17	17	1.8443936E8	1.72189888E8	1.51463568E8	3.9091512E7	3.5416936E7	3.3099204E7	
sp|P06244|KAPA_YEAST	P06244	KAPA_YEAST	TPK1	397	Saccharomyces cerevisiae (strain ATCC 204508 / S288c)	1:Experimental evidence at protein level	cAMP-dependent protein kinase type 1	0.9989	0.999	4	3	3	7	1	1	1	1	1	1	2	3	2	4203819.0	0.0	0.0	0.0	0.0	0.0	
sp|P06245|KAPB_YEAST	P06245	KAPB_YEAST	TPK2	380	Saccharomyces cerevisiae (strain ATCC 204508 / S288c)	1:Experimental evidence at protein level	cAMP-dependent protein kinase type 2	0.9946	0.999	3	7	7	11	3	2	2	3	2	2	4	4	3	4167545.8	9272809.0	8950413.0	4167545.8	9272809.0	8950413.0	
sp|P06367|RS14A_YEAST	P06367	RS14A_YEAST	RPS14A	137	Saccharomyces cerevisiae (strain ATCC 204508 / S288c)	1:Experimental evidence at protein level	40S ribosomal protein S14-A	0.9972	0.996	7	6	6	77	2	1	3	2	1	3	25	24	28	1.906784E7	2.2156628E7	1.9966278E7	1.5376495E7	1.7119918E7	1.5633436E7	
sp|P06634|DED1_YEAST	P06634	DED1_YEAST	DED1	604	Saccharomyces cerevisiae (strain ATCC 204508 / S288c)	1:Experimental evidence at protein level	ATP-dependent RNA helicase DED1	1.0	0.999	18	74	53	74	28	26	20	21	19	13	28	26	20	2.92251008E8	3.18951264E8	3.13126368E8	4.2224612E7	4.0298012E7	4.094526E7	
sp|P06700|SIR2_YEAST	P06700	SIR2_YEAST	SIR2	562	Saccharomyces cerevisiae (strain ATCC 204508 / S288c)	1:Experimental evidence at protein level	NAD-dependent histone deacetylase SIR2	0.6566	0.9847	1	1	1	1	1	0	0	1	0	0	1	0	0	0.0	0.0	0.0	0.0	0.0	0.0	
sp|P06704|CDC31_YEAST	P06704	CDC31_YEAST	CDC31	161	Saccharomyces cerevisiae (strain ATCC 204508 / S288c)	1:Experimental evidence at protein level	Cell division control protein 31	0.9673	0.999	1	2	2	2	1	0	1	1	0	1	1	0	1	6201414.0	6258024.0	7354237.0	6201414.0	6258024.0	7354237.0	
sp|P06738|PHSG_YEAST	P06738	PHSG_YEAST	GPH1	902	Saccharomyces cerevisiae (strain ATCC 204508 / S288c)	1:Experimental evidence at protein level	Glycogen phosphorylase	1.0	0.999	24	106	106	106	37	38	31	37	38	31	37	38	31	2.71496288E8	3.4235984E8	2.9976608E8	5.1930096E7	5.7181848E7	5.4289216E7	
sp|P06780|RHO1_YEAST	P06780	RHO1_YEAST	RHO1	209	Saccharomyces cerevisiae (strain ATCC 204508 / S288c)	1:Experimental evidence at protein level	GTP-binding protein RHO1	1.0	0.999	5	28	28	28	8	8	12	8	8	12	8	8	12	1.85548144E8	1.21280112E8	1.87900256E8	6.552402E7	5.8663568E7	8.386036E7	
sp|P06782|SNF1_YEAST	P06782	SNF1_YEAST	SNF1	633	Saccharomyces cerevisiae (strain ATCC 204508 / S288c)	1:Experimental evidence at protein level	Carbon catabolite-derepressing protein kinase	1.0	0.999	7	18	18	18	5	6	7	5	6	7	5	6	7	3.0834078E7	2.7849038E7	3.5179092E7	7577972.0	8248796.0	8657608.0	
sp|P06785|TYSY_YEAST	P06785	TYSY_YEAST	CDC21	304	Saccharomyces cerevisiae (strain ATCC 204508 / S288c)	1:Experimental evidence at protein level	Thymidylate synthase	1.0	0.999	5	14	14	14	5	4	5	5	4	5	5	4	5	2.6970006E7	3.2891148E7	3.1499716E7	1.0633967E7	1.0781161E7	1.1626592E7	
sp|P06787|CALM_YEAST	P06787	CALM_YEAST	CMD1	147	Saccharomyces cerevisiae (strain ATCC 204508 / S288c)	1:Experimental evidence at protein level	Calmodulin	1.0	0.999	5	32	32	32	11	11	10	11	11	10	11	11	10	1.68338912E8	1.55958992E8	2.13635584E8	7.3816864E7	9.2632776E7	1.00478344E8	
sp|P07149|FAS1_YEAST	P07149	FAS1_YEAST	FAS1	2051	Saccharomyces cerevisiae (strain ATCC 204508 / S288c)	1:Experimental evidence at protein level	Fatty acid synthase subunit beta	1.0	0.999	60	436	436	436	137	151	148	137	151	148	137	151	148	1.67686285E9	1.72284416E9	1.87166733E9	6.3296436E7	6.631362E7	6.83806E7	
sp|P07170|KAD2_YEAST	P07170	KAD2_YEAST	ADK1	222	Saccharomyces cerevisiae (strain ATCC 204508 / S288c)	1:Experimental evidence at protein level	Adenylate kinase	1.0	0.999	14	171	171	171	54	56	61	54	56	61	54	56	61	1.06340192E9	1.03414637E9	1.04016774E9	1.62454224E8	1.60798992E8	1.57746448E8	
sp|P07172|HIS8_YEAST	P07172	HIS8_YEAST	HIS5	385	Saccharomyces cerevisiae (strain ATCC 204508 / S288c)	1:Experimental evidence at protein level	Histidinol-phosphate aminotransferase	1.0	0.999	6	19	19	19	7	7	5	7	7	5	7	7	5	6.8468976E7	6.7234592E7	6.4049864E7	1.7190398E7	1.8735488E7	1.6187038E7	
sp|P07213|TOM70_YEAST	P07213	TOM70_YEAST	TOM70	617	Saccharomyces cerevisiae (strain ATCC 204508 / S288c)	1:Experimental evidence at protein level	Mitochondrial import receptor subunit TOM70	1.0	0.999	24	105	105	105	37	36	32	37	36	32	37	36	32	2.97218752E8	2.73775712E8	2.7503376E8	2.556551E7	2.5300726E7	2.518441E7	
sp|P07244|PUR2_YEAST	P07244	PUR2_YEAST	ADE57	802	Saccharomyces cerevisiae (strain ATCC 204508 / S288c)	1:Experimental evidence at protein level	Bifunctional purine biosynthetic protein ADE5,7	1.0	0.999	25	168	168	168	54	59	55	54	59	55	54	59	55	5.9811296E8	6.504912E8	6.8165293E8	6.7743648E7	7.4571952E7	7.99596E7	
sp|P07245|C1TC_YEAST	P07245	C1TC_YEAST	ADE3	946	Saccharomyces cerevisiae (strain ATCC 204508 / S288c)	1:Experimental evidence at protein level	C-1-tetrahydrofolate synthase, cytoplasmic	1.0	0.999	39	305	281	305	97	107	101	89	98	94	97	107	101	1.02581216E9	1.19479373E9	1.19233165E9	7.7077728E7	8.8020784E7	8.7302016E7	
sp|P07246|ADH3_YEAST	P07246	ADH3_YEAST	ADH3	375	Saccharomyces cerevisiae (strain ATCC 204508 / S288c)	1:Experimental evidence at protein level	Alcohol dehydrogenase 3, mitochondrial	1.0	0.999	13	96	92	358	32	32	32	30	31	31	120	120	118	2.92732256E8	2.93606656E8	2.82943392E8	4.6508136E7	4.4711908E7	4.3716188E7	
sp|P07251|ATPA_YEAST	P07251	ATPA_YEAST	ATP1	545	Saccharomyces cerevisiae (strain ATCC 204508 / S288c)	1:Experimental evidence at protein level	ATP synthase subunit alpha, mitochondrial	1.0	0.999	15	140	140	140	44	52	44	44	52	44	44	52	44	6.4998662E8	6.0820538E8	6.4217216E8	9.1367048E7	8.5199688E7	8.719336E7	
sp|P07256|QCR1_YEAST	P07256	QCR1_YEAST	COR1	457	Saccharomyces cerevisiae (strain ATCC 204508 / S288c)	1:Experimental evidence at protein level	Cytochrome b-c1 complex subunit 1, mitochondrial	1.0	0.999	10	31	31	31	12	12	7	12	12	7	12	12	7	7.527824E7	9.7656112E7	6.9940776E7	1.7954546E7	1.8909044E7	1.7634868E7	
sp|P07257|QCR2_YEAST	P07257	QCR2_YEAST	QCR2	368	Saccharomyces cerevisiae (strain ATCC 204508 / S288c)	1:Experimental evidence at protein level	Cytochrome b-c1 complex subunit 2, mitochondrial	1.0	0.999	10	29	29	29	10	8	11	10	8	11	10	8	11	1.28040576E8	1.52361248E8	1.56996496E8	3.2670598E7	3.0727138E7	3.3930556E7	
sp|P07259|PYR1_YEAST	P07259	PYR1_YEAST	URA2	2214	Saccharomyces cerevisiae (strain ATCC 204508 / S288c)	1:Experimental evidence at protein level	Protein URA2	1.0	0.999	90	818	807	818	257	275	286	253	272	282	257	275	286	3.57814016E9	3.68078362E9	3.86016538E9	1.41144304E8	1.3995696E8	1.46915456E8	
sp|P07260|IF4E_YEAST	P07260	IF4E_YEAST	CDC33	213	Saccharomyces cerevisiae (strain ATCC 204508 / S288c)	1:Experimental evidence at protein level	Eukaryotic translation initiation factor 4E	1.0	0.999	8	52	52	52	15	19	18	15	19	18	15	19	18	1.88370544E8	2.06111824E8	1.77061072E8	5.190804E7	6.397974E7	5.9228164E7	
sp|P07262|DHE4_YEAST	P07262	DHE4_YEAST	GDH1	454	Saccharomyces cerevisiae (strain ATCC 204508 / S288c)	1:Experimental evidence at protein level	NADP-specific glutamate dehydrogenase 1	1.0	0.999	21	124	84	124	42	43	39	29	29	26	42	43	39	4.6002176E8	4.60558208E8	4.94097184E8	5.9237108E7	6.0667372E7	6.104918E7	
sp|P07263|SYH_YEAST	P07263	SYH_YEAST	HTS1	546	Saccharomyces cerevisiae (strain ATCC 204508 / S288c)	1:Experimental evidence at protein level	Histidine--tRNA ligase, mitochondrial	1.0	0.999	10	45	36	45	15	16	14	12	13	11	15	16	14	1.28475552E8	1.18802896E8	1.2777736E8	1.8481414E7	1.9484672E7	2.1638346E7	
sp|P07264|LEUC_YEAST	P07264	LEUC_YEAST	LEU1	779	Saccharomyces cerevisiae (strain ATCC 204508 / S288c)	1:Experimental evidence at protein level	3-isopropylmalate dehydratase	1.0	0.999	11	28	28	28	11	10	7	11	10	7	11	10	7	6.9685472E7	6.2424688E7	7.955644E7	1.1373735E7	1.2950005E7	1.2827996E7	
sp|P07267|CARP_YEAST	P07267	CARP_YEAST	PEP4	405	Saccharomyces cerevisiae (strain ATCC 204508 / S288c)	1:Experimental evidence at protein level	Saccharopepsin	1.0	0.999	10	73	73	73	25	24	24	25	24	24	25	24	24	4.47379456E8	5.7654458E8	5.7933651E8	1.3944128E8	1.834592E8	2.00289312E8	
sp|P07273|TFS2_YEAST	P07273	TFS2_YEAST	DST1	309	Saccharomyces cerevisiae (strain ATCC 204508 / S288c)	1:Experimental evidence at protein level	Transcription elongation factor S-II	1.0	0.999	8	15	15	15	6	5	4	6	5	4	6	5	4	2.5330896E7	2.1752076E7	1.8064596E7	1.0607228E7	8513826.0	7367731.0	
sp|P07274|PROF_YEAST	P07274	PROF_YEAST	PFY1	126	Saccharomyces cerevisiae (strain ATCC 204508 / S288c)	1:Experimental evidence at protein level	Profilin	1.0	0.999	1	15	15	15	5	5	5	5	5	5	5	5	5	4.3231996E7	3.5060516E7	2.7219776E7	2.717282E7	2.7346218E7	2.0754398E7	
sp|P07275|PUT2_YEAST	P07275	PUT2_YEAST	PUT2	575	Saccharomyces cerevisiae (strain ATCC 204508 / S288c)	1:Experimental evidence at protein level	Delta-1-pyrroline-5-carboxylate dehydrogenase, mitochondrial	1.0	0.999	3	5	5	5	2	2	1	2	2	1	2	2	1	7085383.0	8185704.5	8259173.0	4555257.5	5248532.0	5096779.5	
sp|P07278|KAPR_YEAST	P07278	KAPR_YEAST	BCY1	416	Saccharomyces cerevisiae (strain ATCC 204508 / S288c)	1:Experimental evidence at protein level	cAMP-dependent protein kinase regulatory subunit	1.0	0.999	14	56	56	56	20	17	19	20	17	19	20	17	19	1.5354592E8	1.6820656E8	1.49735936E8	2.163061E7	2.0517786E7	2.1329444E7	
sp|P07280|RS19A_YEAST	P07280	RS19A_YEAST	RPS19A	144	Saccharomyces cerevisiae (strain ATCC 204508 / S288c)	1:Experimental evidence at protein level	40S ribosomal protein S19-A	1.0	0.999	9	145	0	145	45	51	49	0	0	0	45	51	49	1.29942874E9	1.3606647E9	1.49273254E9	3.62935392E8	3.51425056E8	3.77547104E8	sp|P07281|RS19B_YEAST
sp|P07283|PMM_YEAST	P07283	PMM_YEAST	SEC53	254	Saccharomyces cerevisiae (strain ATCC 204508 / S288c)	1:Experimental evidence at protein level	Phosphomannomutase	1.0	0.999	13	101	101	101	35	33	33	35	33	33	35	33	33	2.4486384E8	2.17393488E8	2.35218128E8	4.3259792E7	4.1191348E7	4.7190008E7	
sp|P07284|SYSC_YEAST	P07284	SYSC_YEAST	SES1	462	Saccharomyces cerevisiae (strain ATCC 204508 / S288c)	1:Experimental evidence at protein level	Serine--tRNA ligase, cytoplasmic	1.0	0.999	18	101	101	101	32	36	33	32	36	33	32	36	33	4.88954464E8	5.4314682E8	5.33628064E8	8.204712E7	8.3386296E7	8.5017296E7	
sp|P07285|TRPD_YEAST	P07285	TRPD_YEAST	TRP4	380	Saccharomyces cerevisiae (strain ATCC 204508 / S288c)	1:Experimental evidence at protein level	Anthranilate phosphoribosyltransferase	0.9674	0.999	1	2	2	2	1	1	0	1	1	0	1	1	0	1828250.2	1909660.4	1528703.1	1828250.2	1909660.4	1528703.1	
sp|P07342|ILVB_YEAST	P07342	ILVB_YEAST	ILV2	687	Saccharomyces cerevisiae (strain ATCC 204508 / S288c)	1:Experimental evidence at protein level	Acetolactate synthase catalytic subunit, mitochondrial	1.0	0.999	9	29	29	29	10	10	9	10	10	9	10	10	9	8.7835488E7	8.0120368E7	8.2395168E7	1.943518E7	1.8047444E7	1.7919282E7	
sp|P07347|ARD1_YEAST	P07347	ARD1_YEAST	ARD1	238	Saccharomyces cerevisiae (strain ATCC 204508 / S288c)	1:Experimental evidence at protein level	N-terminal acetyltransferase A complex catalytic subunit ARD1	1.0	0.999	3	10	10	10	3	4	3	3	4	3	3	4	3	2.4218718E7	2.1775056E7	2.3570112E7	1.0703788E7	7841826.0	9331487.0	
sp|P07560|SEC4_YEAST	P07560	SEC4_YEAST	SEC4	215	Saccharomyces cerevisiae (strain ATCC 204508 / S288c)	1:Experimental evidence at protein level	Ras-related protein SEC4	1.0	0.999	9	53	41	53	17	19	17	13	15	13	17	19	17	1.95304192E8	1.82784864E8	1.95348064E8	4.341744E7	4.0655512E7	4.0133472E7	
sp|P07702|LYS2_YEAST	P07702	LYS2_YEAST	LYS2	1392	Saccharomyces cerevisiae (strain ATCC 204508 / S288c)	1:Experimental evidence at protein level	L-2-aminoadipate reductase	1.0	0.999	13	30	30	30	11	11	8	11	11	8	11	11	8	5.347236E7	7.0951072E7	6.7204096E7	1.7212996E7	1.8422554E7	1.6993058E7	
sp|P07703|RPAC1_YEAST	P07703	RPAC1_YEAST	RPC40	335	Saccharomyces cerevisiae (strain ATCC 204508 / S288c)	1:Experimental evidence at protein level	DNA-directed RNA polymerases I and III subunit RPAC1	1.0	0.999	4	11	11	11	4	3	4	4	3	4	4	3	4	3.2678112E7	2.9252074E7	3.1798044E7	9697033.0	9074460.0	9779923.0	
sp|P07806|SYV_YEAST	P07806	SYV_YEAST	VAS1	1104	Saccharomyces cerevisiae (strain ATCC 204508 / S288c)	1:Experimental evidence at protein level	Valine--tRNA ligase, mitochondrial	1.0	0.999	29	161	161	161	52	57	52	52	57	52	52	57	52	5.4794541E8	5.04448768E8	5.17388928E8	4.3134992E7	3.9716884E7	4.0263044E7	
sp|P07991|OAT_YEAST	P07991	OAT_YEAST	CAR2	424	Saccharomyces cerevisiae (strain ATCC 204508 / S288c)	1:Experimental evidence at protein level	Ornithine aminotransferase	1.0	0.999	3	9	9	9	4	2	3	4	2	3	4	2	3	3.9003344E7	4.715828E7	6.6803912E7	2.3203484E7	2.5255596E7	3.201975E7	
sp|P08417|FUMH_YEAST	P08417	FUMH_YEAST	FUM1	488	Saccharomyces cerevisiae (strain ATCC 204508 / S288c)	1:Experimental evidence at protein level	Fumarate hydratase, mitochondrial	1.0	0.999	11	56	56	56	18	18	20	18	18	20	18	18	20	1.52941504E8	1.36374176E8	1.54625264E8	3.308415E7	3.347927E7	3.4575724E7	
sp|P08456|PSS_YEAST	P08456	PSS_YEAST	CHO1	276	Saccharomyces cerevisiae (strain ATCC 204508 / S288c)	1:Experimental evidence at protein level	CDP-diacylglycerol--serine O-phosphatidyltransferase	1.0	0.999	2	6	6	6	2	2	2	2	2	2	2	2	2	1.8567892E7	1.3493372E7	3.0060068E7	1.3574533E7	9758680.0	1.0084323E7	
sp|P08518|RPB2_YEAST	P08518	RPB2_YEAST	RPB2	1224	Saccharomyces cerevisiae (strain ATCC 204508 / S288c)	1:Experimental evidence at protein level	DNA-directed RNA polymerase II subunit RPB2	1.0	0.999	18	49	49	49	20	17	12	20	17	12	20	17	12	1.3262896E8	1.08543456E8	1.14447224E8	1.3749593E7	1.2351264E7	1.3834835E7	
sp|P08524|ERG20_YEAST	P08524	ERG20_YEAST	ERG20	352	Saccharomyces cerevisiae (strain ATCC 204508 / S288c)	1:Experimental evidence at protein level	Farnesyl pyrophosphate synthase	1.0	0.999	11	86	86	86	29	30	27	29	30	27	29	30	27	4.17865536E8	3.84502464E8	3.39669472E8	8.148296E7	6.8988144E7	7.57462E7	
sp|P08566|ARO1_YEAST	P08566	ARO1_YEAST	ARO1	1588	Saccharomyces cerevisiae (strain ATCC 204508 / S288c)	1:Experimental evidence at protein level	Pentafunctional AROM polypeptide	1.0	0.999	36	129	129	129	42	44	43	42	44	43	42	44	43	4.2648576E8	4.04807616E8	4.39920416E8	8.5291728E7	8.7956952E7	9.0281624E7	
sp|P08679|CISY2_YEAST	P08679	CISY2_YEAST	CIT2	460	Saccharomyces cerevisiae (strain ATCC 204508 / S288c)	1:Experimental evidence at protein level	Citrate synthase, peroxisomal	1.0	0.999	5	14	14	14	5	5	4	5	5	4	5	5	4	1.8838056E7	2.0662454E7	2.2304384E7	5270841.0	6556989.5	6766367.5	
sp|P09032|EI2BG_YEAST	P09032	EI2BG_YEAST	GCD1	578	Saccharomyces cerevisiae (strain ATCC 204508 / S288c)	1:Experimental evidence at protein level	Translation initiation factor eIF-2B subunit gamma	1.0	0.999	3	5	5	5	1	1	3	1	1	3	1	1	3	1.2234832E7	9667198.0	1.2483396E7	4946112.5	3859890.2	4958463.0	
sp|P09064|IF2B_YEAST	P09064	IF2B_YEAST	SUI3	285	Saccharomyces cerevisiae (strain ATCC 204508 / S288c)	1:Experimental evidence at protein level	Eukaryotic translation initiation factor 2 subunit beta	1.0	0.999	11	45	45	45	14	15	16	14	15	16	14	15	16	1.77057552E8	1.80170592E8	1.88499808E8	3.5142416E7	3.4712204E7	3.4729464E7	
sp|P09232|PRTB_YEAST	P09232	PRTB_YEAST	PRB1	635	Saccharomyces cerevisiae (strain ATCC 204508 / S288c)	1:Experimental evidence at protein level	Cerevisin	1.0	0.999	7	80	80	80	24	26	30	24	26	30	24	26	30	4.811016E8	4.8918672E8	5.25388256E8	1.13809496E8	1.0606064E8	1.14045024E8	
sp|P09436|SYIC_YEAST	P09436	SYIC_YEAST	ILS1	1072	Saccharomyces cerevisiae (strain ATCC 204508 / S288c)	1:Experimental evidence at protein level	Isoleucine--tRNA ligase, cytoplasmic	1.0	0.999	37	242	242	242	78	84	80	78	84	80	78	84	80	8.4758982E8	8.0878675E8	8.4790694E8	7.8381704E7	8.630768E7	8.9635872E7	
sp|P09440|C1TM_YEAST	P09440	C1TM_YEAST	MIS1	975	Saccharomyces cerevisiae (strain ATCC 204508 / S288c)	1:Experimental evidence at protein level	C-1-tetrahydrofolate synthase, mitochondrial	0.9986	0.9786	7	4	4	37	2	2	0	2	2	0	13	14	10	5235763.0	4969655.5	0.0	5235763.0	4969655.5	0.0	
sp|P09457|ATPO_YEAST	P09457	ATPO_YEAST	ATP5	212	Saccharomyces cerevisiae (strain ATCC 204508 / S288c)	1:Experimental evidence at protein level	ATP synthase subunit 5, mitochondrial	1.0	0.999	2	5	5	5	3	1	1	3	1	1	3	1	1	1.6475311E7	1.1265657E7	1.3940118E7	1.0834944E7	8753847.0	8951539.0	
sp|P09620|KEX1_YEAST	P09620	KEX1_YEAST	KEX1	729	Saccharomyces cerevisiae (strain ATCC 204508 / S288c)	1:Experimental evidence at protein level	Pheromone-processing carboxypeptidase KEX1	0.9992	0.999	2	3	3	3	1	1	1	1	1	1	1	1	1	7526626.0	1.0668492E7	1.0399058E7	4216059.5	6302505.0	6068369.5	
sp|P09624|DLDH_YEAST	P09624	DLDH_YEAST	LPD1	499	Saccharomyces cerevisiae (strain ATCC 204508 / S288c)	1:Experimental evidence at protein level	Dihydrolipoyl dehydrogenase, mitochondrial	1.0	0.999	15	66	66	66	18	26	22	18	26	22	18	26	22	2.33514992E8	2.01176064E8	1.81123696E8	3.5717304E7	3.2189856E7	3.0258626E7	
sp|P09733|TBA1_YEAST	P09733	TBA1_YEAST	TUB1	447	Saccharomyces cerevisiae (strain ATCC 204508 / S288c)	1:Experimental evidence at protein level	Tubulin alpha-1 chain	1.0	0.999	11	44	18	44	14	16	14	6	6	6	14	16	14	1.23855896E8	1.22601064E8	1.36438416E8	2.4053728E7	2.671995E7	2.9456608E7	
sp|P09734|TBA3_YEAST	P09734	TBA3_YEAST	TUB3	445	Saccharomyces cerevisiae (strain ATCC 204508 / S288c)	1:Experimental evidence at protein level	Tubulin alpha-3 chain	1.0	0.999	11	8	8	34	3	4	1	3	4	1	11	14	9	3.2171696E7	3.4124204E7	3.426246E7	1.1408742E7	1.1827913E7	1.0987194E7	
sp|P09938|RIR2_YEAST	P09938	RIR2_YEAST	RNR2	399	Saccharomyces cerevisiae (strain ATCC 204508 / S288c)	1:Experimental evidence at protein level	Ribonucleoside-diphosphate reductase small chain 1	1.0	0.999	14	143	143	143	45	49	49	45	49	49	45	49	49	7.1659469E8	8.1903699E8	7.4297907E8	1.39082752E8	1.39421328E8	1.30177264E8	
sp|P09950|HEM1_YEAST	P09950	HEM1_YEAST	HEM1	548	Saccharomyces cerevisiae (strain ATCC 204508 / S288c)	1:Experimental evidence at protein level	5-aminolevulinate synthase, mitochondrial	0.9987	0.999	2	4	4	4	2	1	1	2	1	1	2	1	1	7444730.0	1.0363167E7	1.0637396E7	6008320.5	7116517.0	7784760.0	
sp|P0C0T4|RS25B_YEAST	P0C0T4	RS25B_YEAST	RPS25B	108	Saccharomyces cerevisiae (strain ATCC 204508 / S288c)	1:Experimental evidence at protein level	40S ribosomal protein S25-B	1.0	0.999	3	51	0	51	17	18	16	0	0	0	17	18	16	4.40883872E8	4.5953248E8	3.4299856E8	3.18703872E8	2.82650688E8	2.39570848E8	sp|Q3E792|RS25A_YEAST
sp|P0C0V8|RS21A_YEAST	P0C0V8	RS21A_YEAST	RPS21A	87	Saccharomyces cerevisiae (strain ATCC 204508 / S288c)	1:Experimental evidence at protein level	40S ribosomal protein S21-A	0.9993	0.999	7	6	6	136	2	2	2	2	2	2	45	44	47	2209430.8	4251142.0	4560844.0	2209430.8	4251142.0	4560844.0	
sp|P0C0W1|RS22A_YEAST	P0C0W1	RS22A_YEAST	RPS22A	130	Saccharomyces cerevisiae (strain ATCC 204508 / S288c)	1:Experimental evidence at protein level	40S ribosomal protein S22-A	1.0	0.999	6	100	0	100	34	31	35	0	0	0	34	31	35	7.473271E8	6.9722118E8	7.2142278E8	2.26557408E8	1.97462896E8	2.10761104E8	sp|Q3E7Y3|RS22B_YEAST
sp|P0C0W9|RL11A_YEAST	P0C0W9	RL11A_YEAST	RPL11A	174	Saccharomyces cerevisiae (strain ATCC 204508 / S288c)	1:Experimental evidence at protein level	60S ribosomal protein L11-A	1.0	0.999	4	65	0	65	23	24	18	0	0	0	23	24	18	6.2430291E8	5.8910176E8	5.745015E8	2.91628064E8	2.76299296E8	2.68104768E8	sp|Q3E757|RL11B_YEAST
sp|P0C0X0|RS28B_YEAST	P0C0X0	RS28B_YEAST	RPS28B	67	Saccharomyces cerevisiae (strain ATCC 204508 / S288c)	1:Experimental evidence at protein level	40S ribosomal protein S28-B	1.0	0.999	4	108	0	108	35	36	37	0	0	0	35	36	37	7.3063635E8	9.0108576E8	8.2257075E8	2.24125392E8	2.8861008E8	3.03271296E8	sp|Q3E7X9|RS28A_YEAST
sp|P0C2H6|RL27A_YEAST	P0C2H6	RL27A_YEAST	RPL27A	136	Saccharomyces cerevisiae (strain ATCC 204508 / S288c)	1:Experimental evidence at protein level	60S ribosomal protein L27-A	1.0	0.999	6	141	0	141	45	51	45	0	0	0	45	51	45	1.3247849E9	1.29490739E9	1.42049946E9	3.60045184E8	3.37202752E8	3.44355264E8	sp|P0C2H7|RL27B_YEAST
sp|P0C2H8|RL31A_YEAST	P0C2H8	RL31A_YEAST	RPL31A	113	Saccharomyces cerevisiae (strain ATCC 204508 / S288c)	1:Experimental evidence at protein level	60S ribosomal protein L31-A	1.0	0.999	7	129	32	129	45	41	43	9	11	12	45	41	43	9.6829779E8	1.03572678E9	1.02169082E9	3.9989152E8	4.65192992E8	4.6181968E8	
sp|P0C2H9|RL31B_YEAST	P0C2H9	RL31B_YEAST	RPL31B	113	Saccharomyces cerevisiae (strain ATCC 204508 / S288c)	1:Experimental evidence at protein level	60S ribosomal protein L31-B	1.0	0.999	7	13	13	110	4	4	5	4	4	5	40	34	36	5.3600464E7	5.5231212E7	4.45798E7	2.7838414E7	2.7453396E7	2.7307716E7	
sp|P0CH08|RL40A_YEAST	P0CH08	RL40A_YEAST	RPL40A	128	Saccharomyces cerevisiae (strain ATCC 204508 / S288c)	1:Experimental evidence at protein level	Ubiquitin-60S ribosomal protein L40	0.9946	0.999	4	11	0	105	3	4	4	0	0	0	37	34	34	1.6182504E8	1.72237792E8	2.70949984E8	1.6182504E8	1.72237792E8	2.70949984E8	sp|P0CH09|RL40B_YEAST
sp|P0CS90|HSP77_YEAST	P0CS90	HSP77_YEAST	SSC1	654	Saccharomyces cerevisiae (strain ATCC 204508 / S288c)	1:Experimental evidence at protein level	Import motor subunit, mitochondrial	1.0	0.999	27	282	181	282	89	91	102	61	57	63	89	91	102	2.06983002E9	2.07733094E9	2.11098317E9	2.36513696E8	2.53695712E8	2.52896752E8	
sp|P0CT04|IPB2_YEAST	P0CT04	IPB2_YEAST	PBI2	75	Saccharomyces cerevisiae (strain ATCC 204508 / S288c)	1:Experimental evidence at protein level	Protease B inhibitor 2	1.0	0.999	6	94	94	94	32	32	30	32	32	30	32	32	30	3.0243808E8	2.59026096E8	2.7633056E8	1.11880536E8	9.8028504E7	1.09195848E8	
sp|P0CX23|RL20A_YEAST	P0CX23	RL20A_YEAST	RPL20A	172	Saccharomyces cerevisiae (strain ATCC 204508 / S288c)	1:Experimental evidence at protein level	60S ribosomal protein L20-A	1.0	0.999	7	121	0	121	40	41	40	0	0	0	40	41	40	1.03624691E9	1.05238182E9	9.7613901E8	2.99881984E8	2.75317216E8	2.88843616E8	sp|P0CX24|RL20B_YEAST
sp|P0CX25|RL43A_YEAST	P0CX25	RL43A_YEAST	RPL43A	92	Saccharomyces cerevisiae (strain ATCC 204508 / S288c)	1:Experimental evidence at protein level	60S ribosomal protein L43-A	1.0	0.999	4	54	0	54	14	17	23	0	0	0	14	17	23	2.52998096E8	2.51806352E8	2.95892352E8	7.6459272E7	7.7019992E7	7.5931288E7	sp|P0CX26|RL43B_YEAST
sp|P0CX27|RL44A_YEAST	P0CX27	RL44A_YEAST	RPL42A	106	Saccharomyces cerevisiae (strain ATCC 204508 / S288c)	1:Experimental evidence at protein level	60S ribosomal protein L42-A	1.0	0.999	2	27	0	27	8	9	10	0	0	0	8	9	10	3.61100928E8	2.8939648E8	2.66670896E8	3.48342048E8	2.64993488E8	2.63526816E8	sp|P0CX28|RL44B_YEAST
sp|P0CX29|RS23A_YEAST	P0CX29	RS23A_YEAST	RPS23A	145	Saccharomyces cerevisiae (strain ATCC 204508 / S288c)	1:Experimental evidence at protein level	40S ribosomal protein S23-A	1.0	0.999	5	35	0	35	13	11	11	0	0	0	13	11	11	1.3905E8	1.90276256E8	1.6503432E8	6.497492E7	8.6538616E7	7.9406592E7	sp|P0CX30|RS23B_YEAST
sp|P0CX31|RS24A_YEAST	P0CX31	RS24A_YEAST	RPS24A	135	Saccharomyces cerevisiae (strain ATCC 204508 / S288c)	1:Experimental evidence at protein level	40S ribosomal protein S24-A	1.0	0.999	4	89	0	89	25	37	27	0	0	0	25	37	27	8.026983E8	7.2621722E8	7.8072832E8	3.72328608E8	3.87772128E8	4.40960288E8	sp|P0CX32|RS24B_YEAST
sp|P0CX33|RS30A_YEAST	P0CX33	RS30A_YEAST	RPS30A	63	Saccharomyces cerevisiae (strain ATCC 204508 / S288c)	1:Experimental evidence at protein level	40S ribosomal protein S30-A	0.9674	0.999	1	28	0	28	7	9	12	0	0	0	7	9	12	1.85859984E8	2.09602208E8	2.09987456E8	1.85859984E8	2.09602208E8	2.09987456E8	sp|P0CX34|RS30B_YEAST
sp|P0CX35|RS4A_YEAST	P0CX35	RS4A_YEAST	RPS4A	261	Saccharomyces cerevisiae (strain ATCC 204508 / S288c)	1:Experimental evidence at protein level	40S ribosomal protein S4-A	1.0	0.999	15	244	0	244	83	78	83	0	0	0	83	78	83	2.39959552E9	2.21409229E9	2.17512474E9	3.2489888E8	2.86883168E8	2.80370336E8	sp|P0CX36|RS4B_YEAST
sp|P0CX37|RS6A_YEAST	P0CX37	RS6A_YEAST	RPS6A	236	Saccharomyces cerevisiae (strain ATCC 204508 / S288c)	1:Experimental evidence at protein level	40S ribosomal protein S6-A	1.0	0.999	8	110	0	110	34	38	38	0	0	0	34	38	38	9.8198285E8	1.09980774E9	1.07139642E9	3.06234816E8	3.05871872E8	3.15390592E8	sp|P0CX38|RS6B_YEAST
sp|P0CX39|RS8A_YEAST	P0CX39	RS8A_YEAST	RPS8A	200	Saccharomyces cerevisiae (strain ATCC 204508 / S288c)	1:Experimental evidence at protein level	40S ribosomal protein S8-A	1.0	0.999	6	78	0	78	26	21	31	0	0	0	26	21	31	5.6723296E8	6.5528781E8	6.7580858E8	2.47584544E8	2.626124E8	2.73937056E8	sp|P0CX40|RS8B_YEAST
sp|P0CX41|RL23A_YEAST	P0CX41	RL23A_YEAST	RPL23A	137	Saccharomyces cerevisiae (strain ATCC 204508 / S288c)	1:Experimental evidence at protein level	60S ribosomal protein L23-A	1.0	0.999	7	102	0	102	34	34	34	0	0	0	34	34	34	5.19893856E8	6.120473E8	5.06201952E8	1.46384608E8	1.77374176E8	1.75547392E8	sp|P0CX42|RL23B_YEAST
sp|P0CX43|RL1A_YEAST	P0CX43	RL1A_YEAST	RPL1A	217	Saccharomyces cerevisiae (strain ATCC 204508 / S288c)	1:Experimental evidence at protein level	60S ribosomal protein L1-A	1.0	0.999	5	69	0	69	23	23	23	0	0	0	23	23	23	7.849063E8	7.4669715E8	7.4870752E8	3.06810048E8	2.85865568E8	2.70498784E8	sp|P0CX44|RL1B_YEAST
sp|P0CX45|RL2A_YEAST	P0CX45	RL2A_YEAST	RPL2A	254	Saccharomyces cerevisiae (strain ATCC 204508 / S288c)	1:Experimental evidence at protein level	60S ribosomal protein L2-A	1.0	0.999	11	144	0	144	47	46	51	0	0	0	47	46	51	1.07878106E9	9.3868902E8	1.06634067E9	3.16475616E8	2.93802048E8	3.19499904E8	sp|P0CX46|RL2B_YEAST
sp|P0CX47|RS11A_YEAST	P0CX47	RS11A_YEAST	RPS11A	156	Saccharomyces cerevisiae (strain ATCC 204508 / S288c)	1:Experimental evidence at protein level	40S ribosomal protein S11-A	1.0	0.999	9	132	0	132	46	43	43	0	0	0	46	43	43	1.80875827E9	1.46095757E9	1.52825242E9	5.16250944E8	4.32770112E8	4.43414304E8	sp|P0CX48|RS11B_YEAST
sp|P0CX49|RL18A_YEAST	P0CX49	RL18A_YEAST	RPL18A	186	Saccharomyces cerevisiae (strain ATCC 204508 / S288c)	1:Experimental evidence at protein level	60S ribosomal protein L18-A	1.0	0.999	9	186	0	186	61	61	64	0	0	0	61	61	64	1.15751821E9	1.21101171E9	1.11333005E9	3.02795776E8	3.1585088E8	2.77246048E8	sp|P0CX50|RL18B_YEAST
sp|P0CX51|RS16A_YEAST	P0CX51	RS16A_YEAST	RPS16A	143	Saccharomyces cerevisiae (strain ATCC 204508 / S288c)	1:Experimental evidence at protein level	40S ribosomal protein S16-A	1.0	0.999	9	120	0	120	41	39	40	0	0	0	41	39	40	1.09297946E9	1.0815721E9	1.12820134E9	2.91134976E8	2.8113104E8	3.05381344E8	sp|P0CX52|RS16B_YEAST
sp|P0CX53|RL12A_YEAST	P0CX53	RL12A_YEAST	RPL12A	165	Saccharomyces cerevisiae (strain ATCC 204508 / S288c)	1:Experimental evidence at protein level	60S ribosomal protein L12-A	1.0	0.999	7	85	0	85	28	25	32	0	0	0	28	25	32	9.8314643E8	8.3861824E8	9.4837434E8	3.2836352E8	2.84460768E8	3.29076096E8	sp|P0CX54|RL12B_YEAST
sp|P0CX55|RS18A_YEAST	P0CX55	RS18A_YEAST	RPS18A	146	Saccharomyces cerevisiae (strain ATCC 204508 / S288c)	1:Experimental evidence at protein level	40S ribosomal protein S18-A	1.0	0.999	12	246	0	246	82	79	85	0	0	0	82	79	85	1.76650726E9	1.67513766E9	1.65299942E9	3.69122112E8	3.48109312E8	3.43457184E8	sp|P0CX56|RS18B_YEAST
sp|P0CX70|YD15A_YEAST	P0CX70	YD15A_YEAST	TY1A-DR6	440	Saccharomyces cerevisiae (strain ATCC 204508 / S288c)	2:Experimental evidence at transcript level	Transposon Ty1-DR6 Gag polyprotein	0.9991	0.999	14	3	0	100	2	1	0	0	0	0	35	35	30	1.744127E7	1.6320282E7	1.4298521E7	1.2181084E7	1.121296E7	9719748.0	sp|P0CX71|YE11A_YEAST, sp|P0CX72|YL12A_YEAST, sp|P0CX73|YP11A_YEAST
sp|P0CX80|MTCU1_YEAST	P0CX80	MTCU1_YEAST	CUP1-1	61	Saccharomyces cerevisiae (strain ATCC 204508 / S288c)	1:Experimental evidence at protein level	Copper metallothionein 1-1	0.9674	0.999	1	3	0	3	1	1	1	0	0	0	1	1	1	3891116.8	6081936.5	9132201.0	3891116.8	6081936.5	9132201.0	sp|P0CX81|MTCU2_YEAST
sp|P0CX82|RL19A_YEAST	P0CX82	RL19A_YEAST	RPL19A	189	Saccharomyces cerevisiae (strain ATCC 204508 / S288c)	1:Experimental evidence at protein level	60S ribosomal protein L19-A	1.0	0.999	6	107	0	107	37	35	35	0	0	0	37	35	35	1.44294669E9	1.41167885E9	1.40519642E9	4.54170304E8	4.21743456E8	4.2789792E8	sp|P0CX83|RL19B_YEAST
sp|P0CX84|RL35A_YEAST	P0CX84	RL35A_YEAST	RPL35A	120	Saccharomyces cerevisiae (strain ATCC 204508 / S288c)	1:Experimental evidence at protein level	60S ribosomal protein L35-A	1.0	0.999	6	47	0	47	17	16	14	0	0	0	17	16	14	9.503065E8	8.688471E8	8.698663E8	3.73520608E8	3.41499616E8	3.39741216E8	sp|P0CX85|RL35B_YEAST
sp|P10080|SSBP1_YEAST	P10080	SSBP1_YEAST	SBP1	294	Saccharomyces cerevisiae (strain ATCC 204508 / S288c)	1:Experimental evidence at protein level	Single-stranded nucleic acid-binding protein	1.0	0.999	9	73	73	73	22	23	28	22	23	28	22	23	28	3.5306896E8	3.70654432E8	4.88755072E8	8.358872E7	8.6718768E7	9.324E7	
sp|P10081|IF4A_YEAST	P10081	IF4A_YEAST	TIF1	395	Saccharomyces cerevisiae (strain ATCC 204508 / S288c)	1:Experimental evidence at protein level	ATP-dependent RNA helicase eIF4A	1.0	0.999	17	246	246	246	79	81	86	79	81	86	79	81	86	1.5232759E9	1.69479322E9	1.89311808E9	2.11308528E8	2.41169952E8	2.6705608E8	
sp|P10507|MPPB_YEAST	P10507	MPPB_YEAST	MAS1	462	Saccharomyces cerevisiae (strain ATCC 204508 / S288c)	1:Experimental evidence at protein level	Mitochondrial-processing peptidase subunit beta	0.9979	0.999	2	4	4	4	2	1	1	2	1	1	2	1	1	5218560.5	3284809.8	5565322.5	5218560.5	3284809.8	3934688.0	
sp|P10591|HSP71_YEAST	P10591	HSP71_YEAST	SSA1	642	Saccharomyces cerevisiae (strain ATCC 204508 / S288c)	1:Experimental evidence at protein level	Heat shock protein SSA1	1.0	0.999	36	883	102	883	297	289	297	32	32	38	297	289	297	1.07327631E10	1.08793733E10	1.13964032E10	9.8230982E8	1.03037939E9	1.06263226E9	
sp|P10592|HSP72_YEAST	P10592	HSP72_YEAST	SSA2	639	Saccharomyces cerevisiae (strain ATCC 204508 / S288c)	1:Experimental evidence at protein level	Heat shock protein SSA2	1.0	0.999	35	89	81	855	30	29	30	27	26	28	291	281	283	1.04721946E9	1.09338342E9	1.17965184E9	3.05224128E8	3.49844768E8	4.14611968E8	
sp|P10614|CP51_YEAST	P10614	CP51_YEAST	ERG11	530	Saccharomyces cerevisiae (strain ATCC 204508 / S288c)	1:Experimental evidence at protein level	Lanosterol 14-alpha demethylase CYP51	1.0	0.999	7	28	28	28	8	10	10	8	10	10	8	10	10	3.7559164E7	5.1088952E7	6.5203764E7	1.0072731E7	1.1875471E7	1.3539653E7	
sp|P10622|RLA3_YEAST	P10622	RLA3_YEAST	RPP1B	106	Saccharomyces cerevisiae (strain ATCC 204508 / S288c)	1:Experimental evidence at protein level	60S acidic ribosomal protein P1-beta	1.0	0.999	2	25	25	25	7	8	10	7	8	10	7	8	10	2.10709968E8	2.25484688E8	2.50688144E8	1.76024784E8	2.0459624E8	2.30029248E8	
sp|P10659|METK1_YEAST	P10659	METK1_YEAST	SAM1	382	Saccharomyces cerevisiae (strain ATCC 204508 / S288c)	1:Experimental evidence at protein level	S-adenosylmethionine synthase 1	1.0	0.999	17	146	68	146	44	50	52	20	23	25	44	50	52	1.05010598E9	1.05387693E9	1.17829619E9	2.5414472E8	2.69793888E8	2.83569568E8	
sp|P10664|RL4A_YEAST	P10664	RL4A_YEAST	RPL4A	362	Saccharomyces cerevisiae (strain ATCC 204508 / S288c)	1:Experimental evidence at protein level	60S ribosomal protein L4-A	1.0	0.999	13	169	30	169	55	56	58	10	10	10	55	56	58	1.9214921E9	1.67764685E9	1.9029335E9	4.92314784E8	4.23363008E8	4.72813664E8	
sp|P10869|AK_YEAST	P10869	AK_YEAST	HOM3	527	Saccharomyces cerevisiae (strain ATCC 204508 / S288c)	1:Experimental evidence at protein level	Aspartokinase	1.0	0.999	9	32	32	32	11	10	11	11	10	11	11	10	11	5.9955536E7	6.108318E7	6.9306792E7	1.2225937E7	1.2377646E7	1.2785237E7	
sp|P10964|RPA1_YEAST	P10964	RPA1_YEAST	RPA190	1664	Saccharomyces cerevisiae (strain ATCC 204508 / S288c)	1:Experimental evidence at protein level	DNA-directed RNA polymerase I subunit RPA190	1.0	0.999	16	37	37	37	12	12	13	12	12	13	12	12	13	8.3047128E7	6.6064904E7	6.0077204E7	1.2536567E7	1.1294305E7	1.2309743E7	
sp|P11075|SEC7_YEAST	P11075	SEC7_YEAST	SEC7	2009	Saccharomyces cerevisiae (strain ATCC 204508 / S288c)	1:Experimental evidence at protein level	Protein transport protein SEC7	1.0	0.999	19	42	42	42	15	14	13	15	14	13	15	14	13	1.30401832E8	1.2930572E8	1.2421324E8	3.8398028E7	4.1415664E7	3.9228676E7	
sp|P11076|ARF1_YEAST	P11076	ARF1_YEAST	ARF1	181	Saccharomyces cerevisiae (strain ATCC 204508 / S288c)	1:Experimental evidence at protein level	ADP-ribosylation factor 1	1.0	0.999	7	5	5	65	2	1	2	2	1	2	22	20	23	4.1580396E7	3.4219116E7	5.926062E7	4.1580396E7	3.4219116E7	5.926062E7	
sp|P11154|PYC1_YEAST	P11154	PYC1_YEAST	PYC1	1178	Saccharomyces cerevisiae (strain ATCC 204508 / S288c)	1:Experimental evidence at protein level	Pyruvate carboxylase 1	1.0	0.999	27	40	40	177	8	13	19	8	13	19	52	59	66	5.0640872E7	7.980848E7	1.18367152E8	2.3230088E7	3.2486406E7	3.26982E7	
sp|P11353|HEM6_YEAST	P11353	HEM6_YEAST	HEM13	328	Saccharomyces cerevisiae (strain ATCC 204508 / S288c)	1:Experimental evidence at protein level	Oxygen-dependent coproporphyrinogen-III oxidase	1.0	0.999	5	16	16	16	7	5	4	7	5	4	7	5	4	2.319983E7	1.2587543E7	1.5538123E7	7008319.5	7438373.5	5620334.5	
sp|P11412|G6PD_YEAST	P11412	G6PD_YEAST	ZWF1	505	Saccharomyces cerevisiae (strain ATCC 204508 / S288c)	1:Experimental evidence at protein level	Glucose-6-phosphate 1-dehydrogenase	1.0	0.999	18	73	73	73	28	23	22	28	23	22	28	23	22	2.24841488E8	1.86622064E8	2.09568112E8	2.384624E7	1.9385312E7	2.1712588E7	
sp|P11484|SSB1_YEAST	P11484	SSB1_YEAST	SSB1	613	Saccharomyces cerevisiae (strain ATCC 204508 / S288c)	1:Experimental evidence at protein level	Ribosome-associated molecular chaperone SSB1	1.0	0.999	26	411	49	433	135	140	136	15	17	17	143	146	144	4.07552563E9	4.4352005E9	4.828138E9	3.85696384E8	4.59999456E8	4.9654768E8	
sp|P11491|PPB_YEAST	P11491	PPB_YEAST	PHO8	566	Saccharomyces cerevisiae (strain ATCC 204508 / S288c)	1:Experimental evidence at protein level	Repressible alkaline phosphatase	1.0	0.999	7	22	22	22	8	8	6	8	8	6	8	8	6	6.4312256E7	6.1281976E7	6.6889068E7	1.3842806E7	1.2772481E7	1.2657852E7	
sp|P11632|NHP6A_YEAST	P11632	NHP6A_YEAST	NHP6A	93	Saccharomyces cerevisiae (strain ATCC 204508 / S288c)	1:Experimental evidence at protein level	Non-histone chromosomal protein 6A	0.7853	0.9919	1	2	2	2	1	1	0	1	1	0	1	1	0	3902061.2	4594525.5	4881830.5	3902061.2	4594525.5	4881830.5	
sp|P11633|NHP6B_YEAST	P11633	NHP6B_YEAST	NHP6B	99	Saccharomyces cerevisiae (strain ATCC 204508 / S288c)	1:Experimental evidence at protein level	Non-histone chromosomal protein 6B	0.9998	0.999	2	8	8	8	2	3	3	2	3	3	2	3	3	4.1837088E7	3.0457842E7	2.8453694E7	3.2436522E7	2.544182E7	2.3308952E7	
sp|P11745|RNA1_YEAST	P11745	RNA1_YEAST	RNA1	407	Saccharomyces cerevisiae (strain ATCC 204508 / S288c)	1:Experimental evidence at protein level	Ran GTPase-activating protein 1	1.0	0.999	12	37	37	37	12	17	8	12	17	8	12	17	8	8.1778832E7	1.01133712E8	9.0227208E7	1.3875882E7	1.716669E7	1.9483612E7	
sp|P11938|RAP1_YEAST	P11938	RAP1_YEAST	RAP1	827	Saccharomyces cerevisiae (strain ATCC 204508 / S288c)	1:Experimental evidence at protein level	DNA-binding protein RAP1	1.0	0.999	5	10	10	10	2	4	4	2	4	4	2	4	4	1.1051314E7	1.4448287E7	1.886372E7	3977558.8	5624579.5	6638221.5	
sp|P12385|ERF1_YEAST	P12385	ERF1_YEAST	SUP45	437	Saccharomyces cerevisiae (strain ATCC 204508 / S288c)	1:Experimental evidence at protein level	Eukaryotic peptide chain release factor subunit 1	1.0	0.999	12	39	39	39	13	10	16	13	10	16	13	10	16	1.44575872E8	1.52779952E8	1.31100048E8	2.4737966E7	2.7475782E7	2.3570692E7	
sp|P12611|WHI2_YEAST	P12611	WHI2_YEAST	WHI2	486	Saccharomyces cerevisiae (strain ATCC 204508 / S288c)	1:Experimental evidence at protein level	Growth regulation protein	0.9674	0.999	1	1	1	1	0	0	1	0	0	1	0	0	1	1095214.2	1738902.9	1701914.2	1095214.2	1738902.9	1701914.2	
sp|P12612|TCPA_YEAST	P12612	TCPA_YEAST	TCP1	559	Saccharomyces cerevisiae (strain ATCC 204508 / S288c)	1:Experimental evidence at protein level	T-complex protein 1 subunit alpha	1.0	0.999	9	26	26	26	8	10	8	8	10	8	8	10	8	8.928728E7	8.701256E7	9.4269952E7	1.8645922E7	1.6946066E7	1.7000466E7	
sp|P12684|HMDH2_YEAST	P12684	HMDH2_YEAST	HMG2	1045	Saccharomyces cerevisiae (strain ATCC 204508 / S288c)	1:Experimental evidence at protein level	3-hydroxy-3-methylglutaryl-coenzyme A reductase 2	1.0	0.999	3	6	3	6	2	2	2	1	1	1	2	2	2	8063649.5	8838458.0	7605502.0	5410576.0	6578019.5	6026484.0	
sp|P12688|YPK1_YEAST	P12688	YPK1_YEAST	YPK1	680	Saccharomyces cerevisiae (strain ATCC 204508 / S288c)	1:Experimental evidence at protein level	Serine/threonine-protein kinase YPK1	1.0	0.999	11	23	16	23	10	6	7	6	4	6	10	6	7	6.662196E7	5.913436E7	6.8622472E7	1.3225133E7	1.157699E7	1.3876543E7	
sp|P12695|ODP2_YEAST	P12695	ODP2_YEAST	LAT1	482	Saccharomyces cerevisiae (strain ATCC 204508 / S288c)	1:Experimental evidence at protein level	Dihydrolipoyllysine-residue acetyltransferase component of pyruvate dehydrogenase complex, mitochondrial	1.0	0.999	12	67	67	67	19	23	25	19	23	25	19	23	25	1.36043664E8	1.4933864E8	1.4919784E8	1.6170146E7	1.7814704E7	1.864445E7	
sp|P12709|G6PI_YEAST	P12709	G6PI_YEAST	PGI1	554	Saccharomyces cerevisiae (strain ATCC 204508 / S288c)	1:Experimental evidence at protein level	Glucose-6-phosphate isomerase	1.0	0.999	22	438	438	438	144	146	148	144	146	148	144	146	148	4.06082611E9	4.5085486E9	4.6094147E9	4.74031392E8	5.6952E8	5.4914074E8	
sp|P12754|EI2BD_YEAST	P12754	EI2BD_YEAST	GCD2	651	Saccharomyces cerevisiae (strain ATCC 204508 / S288c)	1:Experimental evidence at protein level	Translation initiation factor eIF-2B subunit delta	0.9985	0.999	2	7	7	7	2	3	2	2	3	2	2	3	2	2281472.8	3170693.2	2245762.0	2281472.8	3170693.2	2245762.0	
sp|P12904|AAKG_YEAST	P12904	AAKG_YEAST	SNF4	322	Saccharomyces cerevisiae (strain ATCC 204508 / S288c)	1:Experimental evidence at protein level	5'-AMP-activated protein kinase subunit gamma	1.0	0.999	4	12	12	12	3	5	4	3	5	4	3	5	4	2.2274458E7	2.14319E7	2.470503E7	9989597.0	1.0166043E7	1.057068E7	
sp|P12945|NAT1_YEAST	P12945	NAT1_YEAST	NAT1	854	Saccharomyces cerevisiae (strain ATCC 204508 / S288c)	1:Experimental evidence at protein level	N-terminal acetyltransferase A complex subunit NAT1	1.0	0.999	9	22	22	22	8	8	6	8	8	6	8	8	6	3.9977776E7	5.7947792E7	3.8127088E7	9906634.0	1.0870274E7	9945349.0	
sp|P12962|CAF20_YEAST	P12962	CAF20_YEAST	CAF20	161	Saccharomyces cerevisiae (strain ATCC 204508 / S288c)	1:Experimental evidence at protein level	Cap-associated protein CAF20	1.0	0.999	2	10	10	10	3	3	4	3	3	4	3	3	4	5.548012E7	5.6807292E7	6.2990612E7	2.6946094E7	2.6206606E7	2.644806E7	
sp|P13188|SYQ_YEAST	P13188	SYQ_YEAST	GLN4	809	Saccharomyces cerevisiae (strain ATCC 204508 / S288c)	1:Experimental evidence at protein level	Glutamine--tRNA ligase	1.0	0.999	21	78	78	78	30	27	21	30	27	21	30	27	21	2.01223392E8	1.817004E8	1.83558992E8	2.4502012E7	2.3288684E7	2.5255504E7	
sp|P13259|PCY1_YEAST	P13259	PCY1_YEAST	PCT1	424	Saccharomyces cerevisiae (strain ATCC 204508 / S288c)	1:Experimental evidence at protein level	Choline-phosphate cytidylyltransferase	0.9672	0.999	1	3	3	3	0	1	2	0	1	2	0	1	2	2202554.0	4604278.0	3144638.8	2202554.0	4604278.0	3144638.8	
sp|P13298|PYRE_YEAST	P13298	PYRE_YEAST	URA5	226	Saccharomyces cerevisiae (strain ATCC 204508 / S288c)	1:Experimental evidence at protein level	Orotate phosphoribosyltransferase 1	1.0	0.999	7	25	22	25	7	9	9	6	8	8	7	9	9	1.02091864E8	7.846216E7	1.05352704E8	2.5894502E7	2.2691376E7	2.8978122E7	
sp|P13517|CAPZB_YEAST	P13517	CAPZB_YEAST	CAP2	287	Saccharomyces cerevisiae (strain ATCC 204508 / S288c)	1:Experimental evidence at protein level	F-actin-capping protein subunit beta	1.0	0.999	6	21	21	21	7	7	7	7	7	7	7	7	7	6.1469116E7	6.5933696E7	6.3731108E7	1.7512408E7	1.81676E7	1.7469374E7	
sp|P13586|ATC1_YEAST	P13586	ATC1_YEAST	PMR1	950	Saccharomyces cerevisiae (strain ATCC 204508 / S288c)	1:Experimental evidence at protein level	Calcium-transporting ATPase 1	1.0	0.999	12	31	31	31	11	11	9	11	11	9	11	11	9	7.9761088E7	6.3583304E7	5.7298908E7	1.0433723E7	1.0062941E7	9696000.0	
sp|P13587|ATN1_YEAST	P13587	ATN1_YEAST	ENA1	1091	Saccharomyces cerevisiae (strain ATCC 204508 / S288c)	1:Experimental evidence at protein level	Sodium/potassium exporting P-type ATPase 1	1.0	0.999	9	28	3	28	8	9	11	1	1	1	8	9	11	7.1748488E7	7.579832E7	7.7139192E7	1.5288231E7	1.33975E7	1.2496345E7	
sp|P13663|DHAS_YEAST	P13663	DHAS_YEAST	HOM2	365	Saccharomyces cerevisiae (strain ATCC 204508 / S288c)	1:Experimental evidence at protein level	Aspartate-semialdehyde dehydrogenase	1.0	0.999	12	81	81	81	27	27	27	27	27	27	27	27	27	3.78451712E8	3.1149824E8	3.19435616E8	6.3819348E7	5.364528E7	5.450818E7	
sp|P14020|DPM1_YEAST	P14020	DPM1_YEAST	DPM1	267	Saccharomyces cerevisiae (strain ATCC 204508 / S288c)	1:Experimental evidence at protein level	Dolichol-phosphate mannosyltransferase	1.0	0.999	9	58	58	58	17	22	19	17	22	19	17	22	19	2.558108E8	2.69892352E8	2.70299488E8	5.1229856E7	4.8871696E7	4.975428E7	
sp|P14065|GCY1_YEAST	P14065	GCY1_YEAST	GCY1	312	Saccharomyces cerevisiae (strain ATCC 204508 / S288c)	1:Experimental evidence at protein level	Glycerol 2-dehydrogenase (NADP(+))	1.0	0.999	5	6	6	12	2	3	1	2	3	1	4	5	3	2.8709388E7	2.0672282E7	2.2216448E7	1.0038824E7	9800731.0	9539439.0	
sp|P14120|RL30_YEAST	P14120	RL30_YEAST	RPL30	105	Saccharomyces cerevisiae (strain ATCC 204508 / S288c)	1:Experimental evidence at protein level	60S ribosomal protein L30	1.0	0.999	4	59	59	59	19	19	21	19	19	21	19	19	21	3.22290528E8	3.14004896E8	3.24536416E8	9.0046424E7	9.561544E7	9.540848E7	
sp|P14126|RL3_YEAST	P14126	RL3_YEAST	RPL3	387	Saccharomyces cerevisiae (strain ATCC 204508 / S288c)	1:Experimental evidence at protein level	60S ribosomal protein L3	1.0	0.999	21	349	349	349	118	111	120	118	111	120	118	111	120	2.30103552E9	2.20553344E9	2.20100352E9	2.2164216E8	2.25276832E8	2.4069736E8	
sp|P14164|ABF1_YEAST	P14164	ABF1_YEAST	ABF1	731	Saccharomyces cerevisiae (strain ATCC 204508 / S288c)	1:Experimental evidence at protein level	ARS-binding factor 1	1.0	0.999	2	8	8	8	3	3	2	3	3	2	3	3	2	9281541.0	1.1464181E7	1.4377218E7	5272527.5	6722777.5	8590695.0	
sp|P14306|CPYI_YEAST	P14306	CPYI_YEAST	TFS1	219	Saccharomyces cerevisiae (strain ATCC 204508 / S288c)	1:Experimental evidence at protein level	Carboxypeptidase Y inhibitor	1.0	0.999	3	17	17	17	6	6	5	6	6	5	6	6	5	2.6201532E7	2.030881E7	2.3091304E7	9344498.0	1.0086184E7	1.1293919E7	
sp|P14540|ALF_YEAST	P14540	ALF_YEAST	FBA1	359	Saccharomyces cerevisiae (strain ATCC 204508 / S288c)	1:Experimental evidence at protein level	Fructose-bisphosphate aldolase	1.0	0.999	14	584	584	584	189	202	193	189	202	193	189	202	193	7.6585907E9	7.7790551E9	8.786388E9	2.37529754E9	2.64283546E9	2.8806441E9	
sp|P14742|GFA1_YEAST	P14742	GFA1_YEAST	GFA1	717	Saccharomyces cerevisiae (strain ATCC 204508 / S288c)	1:Experimental evidence at protein level	Glutamine--fructose-6-phosphate aminotransferase [isomerizing]	1.0	0.999	15	66	66	66	22	23	21	22	23	21	22	23	21	1.72249568E8	1.39835536E8	1.539508E8	2.5024148E7	2.2933632E7	2.5343626E7	
sp|P14743|NMT_YEAST	P14743	NMT_YEAST	NMT1	455	Saccharomyces cerevisiae (strain ATCC 204508 / S288c)	1:Experimental evidence at protein level	Glycylpeptide N-tetradecanoyltransferase	1.0	0.999	4	6	6	6	2	3	1	2	3	1	2	3	1	1.6018535E7	2.5293868E7	2.061895E7	1.0867501E7	1.3381077E7	1.0426425E7	
sp|P14747|PP2B2_YEAST	P14747	PP2B2_YEAST	CMP2	604	Saccharomyces cerevisiae (strain ATCC 204508 / S288c)	1:Experimental evidence at protein level	Serine/threonine-protein phosphatase 2B catalytic subunit A2	0.999	0.999	2	3	3	3	2	0	1	2	0	1	2	0	1	2.91763264E8	2954167.5	3716202.2	1.6739183E7	1.2247804E7	1.5407155E7	
sp|P14832|CYPH_YEAST	P14832	CYPH_YEAST	CPR1	162	Saccharomyces cerevisiae (strain ATCC 204508 / S288c)	1:Experimental evidence at protein level	Peptidyl-prolyl cis-trans isomerase	1.0	0.999	10	201	196	201	68	65	68	66	64	66	68	65	68	1.80345715E9	1.92027034E9	1.82928538E9	4.3189504E8	5.34437152E8	5.4124282E8	
sp|P14843|AROF_YEAST	P14843	AROF_YEAST	ARO3	370	Saccharomyces cerevisiae (strain ATCC 204508 / S288c)	1:Experimental evidence at protein level	Phospho-2-dehydro-3-deoxyheptonate aldolase, phenylalanine-inhibited	1.0	0.999	10	44	36	44	14	14	16	12	11	13	14	14	16	8.9426E7	9.71464E7	9.4515832E7	1.7594048E7	1.8190522E7	1.6985216E7	
sp|P14904|AMPL_YEAST	P14904	AMPL_YEAST	APE1	514	Saccharomyces cerevisiae (strain ATCC 204508 / S288c)	1:Experimental evidence at protein level	Vacuolar aminopeptidase 1	1.0	0.999	9	27	27	27	10	8	9	10	8	9	10	8	9	6.9606064E7	6.028276E7	6.7580256E7	1.5417091E7	1.4254846E7	1.4575992E7	
sp|P14906|SEC63_YEAST	P14906	SEC63_YEAST	SEC63	663	Saccharomyces cerevisiae (strain ATCC 204508 / S288c)	1:Experimental evidence at protein level	Protein translocation protein SEC63	1.0	0.999	14	40	40	40	14	13	13	14	13	13	14	13	13	1.23003752E8	1.20447392E8	1.13455992E8	1.8483252E7	1.7949566E7	1.8019666E7	
sp|P14907|NSP1_YEAST	P14907	NSP1_YEAST	NSP1	823	Saccharomyces cerevisiae (strain ATCC 204508 / S288c)	1:Experimental evidence at protein level	Nucleoporin NSP1	1.0	0.999	13	30	30	30	12	7	11	12	7	11	12	7	11	8.9706032E7	7.2592856E7	8.1751952E7	1.280344E7	1.194696E7	1.2445245E7	
sp|P14922|CYC8_YEAST	P14922	CYC8_YEAST	CYC8	966	Saccharomyces cerevisiae (strain ATCC 204508 / S288c)	1:Experimental evidence at protein level	General transcriptional corepressor CYC8	0.9881	0.9815	2	4	4	4	2	1	1	2	1	1	2	1	1	6370740.5	5999816.0	7049338.5	3832030.5	3595041.2	4083410.0	
sp|P15019|TAL1_YEAST	P15019	TAL1_YEAST	TAL1	335	Saccharomyces cerevisiae (strain ATCC 204508 / S288c)	1:Experimental evidence at protein level	Transaldolase	1.0	0.999	14	177	173	177	55	59	63	53	58	62	55	59	63	1.43667085E9	1.66319181E9	1.23817997E9	2.82412256E8	2.24282592E8	2.3976936E8	
sp|P15108|HSC82_YEAST	P15108	HSC82_YEAST	HSC82	705	Saccharomyces cerevisiae (strain ATCC 204508 / S288c)	1:Experimental evidence at protein level	ATP-dependent molecular chaperone HSC82	1.0	0.999	34	604	135	604	197	191	216	40	47	48	197	191	216	6.0820859E9	5.7570611E9	6.2699587E9	5.05220384E8	4.950552E8	5.06670688E8	
sp|P15180|SYKC_YEAST	P15180	SYKC_YEAST	KRS1	591	Saccharomyces cerevisiae (strain ATCC 204508 / S288c)	1:Experimental evidence at protein level	Lysine--tRNA ligase, cytoplasmic	1.0	0.999	18	122	122	122	42	42	38	42	42	38	42	42	38	3.4397424E8	3.76767552E8	3.8451152E8	4.841272E7	5.046758E7	5.086866E7	
sp|P15274|AMPD_YEAST	P15274	AMPD_YEAST	AMD1	810	Saccharomyces cerevisiae (strain ATCC 204508 / S288c)	1:Experimental evidence at protein level	AMP deaminase	1.0	0.999	10	17	17	17	8	4	5	8	4	5	8	4	5	3.7655564E7	4.1602084E7	4.5347304E7	8380640.5	9817866.0	9034505.0	
sp|P15303|SEC23_YEAST	P15303	SEC23_YEAST	SEC23	768	Saccharomyces cerevisiae (strain ATCC 204508 / S288c)	1:Experimental evidence at protein level	Protein transport protein SEC23	1.0	0.999	15	51	51	51	17	17	17	17	17	17	17	17	17	1.6875448E8	1.53796208E8	1.62302368E8	2.9706262E7	2.5477234E7	2.9332382E7	
sp|P15454|KGUA_YEAST	P15454	KGUA_YEAST	GUK1	187	Saccharomyces cerevisiae (strain ATCC 204508 / S288c)	1:Experimental evidence at protein level	Guanylate kinase	1.0	0.999	10	61	61	61	20	24	17	20	24	17	20	24	17	3.05692384E8	2.66786112E8	2.79107136E8	6.9719648E7	6.4367612E7	6.81886E7	
sp|P15496|IDI1_YEAST	P15496	IDI1_YEAST	IDI1	288	Saccharomyces cerevisiae (strain ATCC 204508 / S288c)	1:Experimental evidence at protein level	Isopentenyl-diphosphate delta-isomerase	1.0	0.999	7	21	21	21	8	6	7	8	6	7	8	6	7	6.3054464E7	6.02661E7	6.6763764E7	1.5492171E7	1.3904993E7	1.5922634E7	
sp|P15565|TRM1_YEAST	P15565	TRM1_YEAST	TRM1	570	Saccharomyces cerevisiae (strain ATCC 204508 / S288c)	1:Experimental evidence at protein level	tRNA (guanine(26)-N(2))-dimethyltransferase, mitochondrial	1.0	0.999	2	5	5	5	2	2	1	2	2	1	2	2	1	6189506.5	7350744.5	3452671.8	3237957.2	3654632.5	3749850.8	
sp|P15624|SYFB_YEAST	P15624	SYFB_YEAST	FRS1	595	Saccharomyces cerevisiae (strain ATCC 204508 / S288c)	1:Experimental evidence at protein level	Phenylalanine--tRNA ligase beta subunit	1.0	0.999	18	133	133	133	43	46	44	43	46	44	43	46	44	3.70836128E8	4.54296352E8	4.59524608E8	7.1881344E7	7.9766248E7	8.1764392E7	
sp|P15625|SYFA_YEAST	P15625	SYFA_YEAST	FRS2	503	Saccharomyces cerevisiae (strain ATCC 204508 / S288c)	1:Experimental evidence at protein level	Phenylalanine--tRNA ligase alpha subunit	1.0	0.999	19	87	87	87	28	29	30	28	29	30	28	29	30	2.3222936E8	2.30952448E8	2.51354048E8	2.115534E7	2.1584526E7	2.1939068E7	
sp|P15646|FBRL_YEAST	P15646	FBRL_YEAST	NOP1	327	Saccharomyces cerevisiae (strain ATCC 204508 / S288c)	1:Experimental evidence at protein level	rRNA 2'-O-methyltransferase fibrillarin	1.0	0.999	6	20	20	20	8	6	6	8	6	6	8	6	6	1.18966504E8	8.762544E7	1.0156324E8	4.1238704E7	3.2274824E7	3.729912E7	
sp|P15700|KCY_YEAST	P15700	KCY_YEAST	URA6	204	Saccharomyces cerevisiae (strain ATCC 204508 / S288c)	1:Experimental evidence at protein level	Uridylate kinase	1.0	0.999	5	17	17	17	5	6	6	5	6	6	5	6	6	3.1275702E7	3.6590392E7	4.0603952E7	8575595.0	8644887.0	8582800.0	
sp|P15703|BGL2_YEAST	P15703	BGL2_YEAST	BGL2	313	Saccharomyces cerevisiae (strain ATCC 204508 / S288c)	1:Experimental evidence at protein level	Glucan 1,3-beta-glucosidase	1.0	0.999	6	29	29	29	8	10	11	8	10	11	8	10	11	1.37877792E8	1.33808832E8	1.29897976E8	4.8852288E7	5.2919676E7	4.8807212E7	
sp|P15705|STI1_YEAST	P15705	STI1_YEAST	STI1	589	Saccharomyces cerevisiae (strain ATCC 204508 / S288c)	1:Experimental evidence at protein level	Heat shock protein STI1	1.0	0.999	28	144	144	144	45	46	53	45	46	53	45	46	53	5.4974765E8	4.96556672E8	5.18845696E8	6.6798256E7	6.462318E7	6.385156E7	
sp|P15731|UBC4_YEAST	P15731	UBC4_YEAST	UBC4	148	Saccharomyces cerevisiae (strain ATCC 204508 / S288c)	1:Experimental evidence at protein level	Ubiquitin-conjugating enzyme E2 4	1.0	0.999	3	43	19	43	14	15	14	5	7	7	14	15	14	1.23724912E8	1.56311696E8	1.45906976E8	5.9554712E7	7.7575368E7	6.9565768E7	
sp|P15790|CSK21_YEAST	P15790	CSK21_YEAST	CKA1	372	Saccharomyces cerevisiae (strain ATCC 204508 / S288c)	1:Experimental evidence at protein level	Casein kinase II subunit alpha	1.0	0.9989	4	6	6	6	5	0	1	5	0	1	5	0	1	1.953475E7	3114359.0	5830868.5	4616213.0	4549003.0	3708195.5	
sp|P15873|PCNA_YEAST	P15873	PCNA_YEAST	POL30	258	Saccharomyces cerevisiae (strain ATCC 204508 / S288c)	1:Experimental evidence at protein level	Proliferating cell nuclear antigen	1.0	0.999	6	13	13	13	3	4	6	3	4	6	3	4	6	6.3748884E7	5.1941196E7	6.5668788E7	1.8827572E7	1.7701184E7	2.2153614E7	
sp|P15891|ABP1_YEAST	P15891	ABP1_YEAST	ABP1	592	Saccharomyces cerevisiae (strain ATCC 204508 / S288c)	1:Experimental evidence at protein level	Actin-binding protein	1.0	0.999	22	156	156	156	49	55	52	49	55	52	49	55	52	6.7512115E8	7.9610195E8	8.3479002E8	6.2794464E7	7.6419536E7	7.4433632E7	
sp|P15992|HSP26_YEAST	P15992	HSP26_YEAST	HSP26	214	Saccharomyces cerevisiae (strain ATCC 204508 / S288c)	1:Experimental evidence at protein level	Heat shock protein 26	1.0	0.999	11	134	134	134	41	45	48	41	45	48	41	45	48	1.21444006E9	1.2752681E9	1.47068096E9	4.10187936E8	4.47251424E8	4.29349696E8	
sp|P16120|THRC_YEAST	P16120	THRC_YEAST	THR4	514	Saccharomyces cerevisiae (strain ATCC 204508 / S288c)	1:Experimental evidence at protein level	Threonine synthase	1.0	0.999	15	115	115	115	33	38	44	33	38	44	33	38	44	5.17490336E8	4.43700736E8	4.6511488E8	7.8087E7	7.4833536E7	8.3985288E7	
sp|P16140|VATB_YEAST	P16140	VATB_YEAST	VMA2	517	Saccharomyces cerevisiae (strain ATCC 204508 / S288c)	1:Experimental evidence at protein level	V-type proton ATPase subunit B	1.0	0.999	24	205	205	205	67	69	69	67	69	69	67	69	69	1.09215334E9	1.05414074E9	1.08567578E9	1.5392384E8	1.57294608E8	1.67450064E8	
sp|P16370|RPB3_YEAST	P16370	RPB3_YEAST	RPB3	318	Saccharomyces cerevisiae (strain ATCC 204508 / S288c)	1:Experimental evidence at protein level	DNA-directed RNA polymerase II subunit RPB3	0.9995	0.9989	3	8	8	8	2	4	2	2	4	2	2	4	2	3.8998744E7	2.7329286E7	3.6620004E7	3.2765334E7	2.758597E7	3.0524404E7	
sp|P16387|ODPA_YEAST	P16387	ODPA_YEAST	PDA1	420	Saccharomyces cerevisiae (strain ATCC 204508 / S288c)	1:Experimental evidence at protein level	Pyruvate dehydrogenase E1 component subunit alpha, mitochondrial	1.0	0.999	21	125	125	125	44	43	38	44	43	38	44	43	38	4.43771872E8	4.5700032E8	4.3733712E8	6.552432E7	6.5216484E7	6.3043544E7	
sp|P16451|ODPX_YEAST	P16451	ODPX_YEAST	PDX1	410	Saccharomyces cerevisiae (strain ATCC 204508 / S288c)	1:Experimental evidence at protein level	Pyruvate dehydrogenase complex protein X component, mitochondrial	1.0	0.999	4	9	9	9	4	2	3	4	2	3	4	2	3	2.5193352E7	2.7312894E7	2.7495844E7	1.0030607E7	1.0990772E7	1.096254E7	
sp|P16467|PDC5_YEAST	P16467	PDC5_YEAST	PDC5	563	Saccharomyces cerevisiae (strain ATCC 204508 / S288c)	1:Experimental evidence at protein level	Pyruvate decarboxylase isozyme 2	1.0	0.999	7	7	7	380	3	2	2	3	2	2	128	129	123	1432051.1	0.0	2241237.8	1432051.1	0.0	2241237.8	
sp|P16474|BIP_YEAST	P16474	BIP_YEAST	KAR2	682	Saccharomyces cerevisiae (strain ATCC 204508 / S288c)	1:Experimental evidence at protein level	Endoplasmic reticulum chaperone BiP	1.0	0.999	25	167	167	241	52	57	58	52	57	58	77	80	84	8.1666048E8	9.3435744E8	8.3861984E8	1.16103176E8	1.19081752E8	1.14216648E8	
sp|P16521|EF3A_YEAST	P16521	EF3A_YEAST	YEF3	1044	Saccharomyces cerevisiae (strain ATCC 204508 / S288c)	1:Experimental evidence at protein level	Elongation factor 3A	1.0	0.999	40	573	349	573	181	182	210	108	109	132	181	182	210	4.11232794E9	4.09386189E9	4.1079104E9	2.80216576E8	2.9716448E8	3.04585856E8	
sp|P16547|OM45_YEAST	P16547	OM45_YEAST	OM45	393	Saccharomyces cerevisiae (strain ATCC 204508 / S288c)	1:Experimental evidence at protein level	Mitochondrial outer membrane protein OM45	1.0	0.999	8	20	20	20	8	6	6	8	6	6	8	6	6	5.907768E7	3.9340308E7	4.9822384E7	9536034.0	8049078.0	9012051.0	
sp|P16550|APA1_YEAST	P16550	APA1_YEAST	APA1	321	Saccharomyces cerevisiae (strain ATCC 204508 / S288c)	1:Experimental evidence at protein level	Protein APA1	1.0	0.999	13	64	64	64	19	21	24	19	21	24	19	21	24	2.74836224E8	2.79501408E8	2.90196128E8	7.5586928E7	7.0876096E7	6.9044216E7	
sp|P16603|NCPR_YEAST	P16603	NCPR_YEAST	NCP1	691	Saccharomyces cerevisiae (strain ATCC 204508 / S288c)	1:Experimental evidence at protein level	NADPH--cytochrome P450 reductase	1.0	0.999	16	81	81	81	26	28	27	26	28	27	26	28	27	1.83597536E8	2.50809056E8	2.80813856E8	5.3123844E7	6.5524872E7	7.2463952E7	
sp|P16622|HEMH_YEAST	P16622	HEMH_YEAST	HEM15	393	Saccharomyces cerevisiae (strain ATCC 204508 / S288c)	1:Experimental evidence at protein level	Ferrochelatase, mitochondrial	1.0	0.999	4	14	14	14	5	4	5	5	4	5	5	4	5	2.6397352E7	3.6415128E7	3.6897256E7	1.1934017E7	1.0731321E7	1.1470614E7	
sp|P16649|TUP1_YEAST	P16649	TUP1_YEAST	TUP1	713	Saccharomyces cerevisiae (strain ATCC 204508 / S288c)	1:Experimental evidence at protein level	General transcriptional corepressor TUP1	1.0	0.999	16	34	34	34	14	9	11	14	9	11	14	9	11	1.12817872E8	1.02371056E8	1.14034048E8	1.5517376E7	1.5162427E7	1.5708969E7	
sp|P16661|ALG1_YEAST	P16661	ALG1_YEAST	ALG1	449	Saccharomyces cerevisiae (strain ATCC 204508 / S288c)	1:Experimental evidence at protein level	Chitobiosyldiphosphodolichol beta-mannosyltransferase	0.9674	0.999	1	3	3	3	1	1	1	1	1	1	1	1	1	2959911.5	4406943.5	4134511.2	2959911.5	4406943.5	4134511.2	
sp|P16861|PFKA1_YEAST	P16861	PFKA1_YEAST	PFK1	987	Saccharomyces cerevisiae (strain ATCC 204508 / S288c)	1:Experimental evidence at protein level	ATP-dependent 6-phosphofructokinase subunit alpha	1.0	0.999	42	362	346	362	118	121	123	113	116	117	118	121	123	2.0058953E9	1.93073971E9	1.86836979E9	1.08551752E8	1.10671896E8	1.1570448E8	
sp|P16862|PFKA2_YEAST	P16862	PFKA2_YEAST	PFK2	959	Saccharomyces cerevisiae (strain ATCC 204508 / S288c)	1:Experimental evidence at protein level	ATP-dependent 6-phosphofructokinase subunit beta	1.0	0.999	33	248	248	264	75	85	88	75	85	88	80	90	94	1.725024E9	1.44118682E9	1.68675443E9	1.73511728E8	1.58945216E8	1.62223008E8	
sp|P16965|STF2_YEAST	P16965	STF2_YEAST	STF2	84	Saccharomyces cerevisiae (strain ATCC 204508 / S288c)	1:Experimental evidence at protein level	ATPase-stabilizing factor 15 kDa protein	1.0	0.999	5	27	27	27	10	9	8	10	9	8	10	9	8	1.16497016E8	1.30189488E8	1.24566896E8	3.7958068E7	4.3302144E7	4.468292E7	
sp|P17076|RL8A_YEAST	P17076	RL8A_YEAST	RPL8A	256	Saccharomyces cerevisiae (strain ATCC 204508 / S288c)	1:Experimental evidence at protein level	60S ribosomal protein L8-A	1.0	0.999	12	14	14	149	5	5	4	5	5	4	50	49	50	2.4218196E7	3.0328058E7	1.9202408E7	1.30455E7	1.623908E7	1.0282797E7	
sp|P17106|CBF1_YEAST	P17106	CBF1_YEAST	CBF1	351	Saccharomyces cerevisiae (strain ATCC 204508 / S288c)	1:Experimental evidence at protein level	Centromere-binding protein 1	1.0	0.999	5	12	12	12	4	4	4	4	4	4	4	4	4	4.5477388E7	5.5747672E7	5.42711E7	2.5863968E7	3.1271434E7	2.5943778E7	
sp|P17157|PHO85_YEAST	P17157	PHO85_YEAST	PHO85	305	Saccharomyces cerevisiae (strain ATCC 204508 / S288c)	1:Experimental evidence at protein level	Cyclin-dependent protein kinase PHO85	1.0	0.999	4	13	6	13	5	5	3	2	2	2	5	5	3	5.599528E7	4.2093284E7	4.6294424E7	2.0658002E7	1.4777176E7	1.7609328E7	
sp|P17255|VATA_YEAST	P17255	VATA_YEAST	VMA1	1071	Saccharomyces cerevisiae (strain ATCC 204508 / S288c)	1:Experimental evidence at protein level	V-type proton ATPase catalytic subunit A	1.0	0.999	46	491	491	491	149	166	176	149	166	176	149	166	176	2.41573658E9	2.42823475E9	2.49595238E9	1.28516984E8	1.28535496E8	1.34884E8	
sp|P17423|KHSE_YEAST	P17423	KHSE_YEAST	THR1	357	Saccharomyces cerevisiae (strain ATCC 204508 / S288c)	1:Experimental evidence at protein level	Homoserine kinase	1.0	0.999	8	29	29	29	9	10	10	9	10	10	9	10	10	1.22822392E8	9.6863856E7	1.18266568E8	2.7329584E7	2.2333856E7	2.690957E7	
sp|P17442|PHO81_YEAST	P17442	PHO81_YEAST	PHO81	1178	Saccharomyces cerevisiae (strain ATCC 204508 / S288c)	1:Experimental evidence at protein level	Phosphate system positive regulatory protein PHO81	1.0	0.999	3	7	7	7	3	2	2	3	2	2	3	2	2	9319605.0	1.0680996E7	1.1916758E7	3481302.5	4371255.0	4924620.5	
sp|P17505|MDHM_YEAST	P17505	MDHM_YEAST	MDH1	334	Saccharomyces cerevisiae (strain ATCC 204508 / S288c)	1:Experimental evidence at protein level	Malate dehydrogenase, mitochondrial	1.0	0.999	12	54	54	54	19	17	18	19	17	18	19	17	18	1.9443248E8	2.35650064E8	2.37968704E8	3.8006252E7	4.0978884E7	3.905908E7	
sp|P17536|TPM1_YEAST	P17536	TPM1_YEAST	TPM1	199	Saccharomyces cerevisiae (strain ATCC 204508 / S288c)	1:Experimental evidence at protein level	Tropomyosin-1	1.0	0.999	11	82	82	82	24	27	31	24	27	31	24	27	31	5.29558176E8	5.34509568E8	5.10893952E8	6.9697104E7	7.1937544E7	7.3032776E7	
sp|P17555|CAP_YEAST	P17555	CAP_YEAST	SRV2	526	Saccharomyces cerevisiae (strain ATCC 204508 / S288c)	1:Experimental evidence at protein level	Adenylyl cyclase-associated protein	1.0	0.999	16	72	72	72	21	26	25	21	26	25	21	26	25	1.82088848E8	2.46623792E8	2.56503184E8	4.7604476E7	5.0647132E7	5.13746E7	
sp|P17649|GABAT_YEAST	P17649	GABAT_YEAST	UGA1	471	Saccharomyces cerevisiae (strain ATCC 204508 / S288c)	1:Experimental evidence at protein level	4-aminobutyrate aminotransferase	1.0	0.999	17	54	54	54	19	15	20	19	15	20	19	15	20	1.05841392E8	9.5014E7	1.33127472E8	1.4503925E7	1.4888174E7	1.594101E7	
sp|P17695|GLRX2_YEAST	P17695	GLRX2_YEAST	GRX2	143	Saccharomyces cerevisiae (strain ATCC 204508 / S288c)	1:Experimental evidence at protein level	Glutaredoxin-2	1.0	0.999	6	36	36	36	11	12	13	11	12	13	11	12	13	1.11491776E8	1.07543448E8	1.14812464E8	2.581947E7	2.8940216E7	2.9975792E7	
sp|P17709|HXKG_YEAST	P17709	HXKG_YEAST	GLK1	500	Saccharomyces cerevisiae (strain ATCC 204508 / S288c)	1:Experimental evidence at protein level	Glucokinase-1	1.0	0.999	18	209	209	209	64	70	75	64	70	75	64	70	75	1.09278797E9	1.13254131E9	1.15698586E9	1.263526E8	1.3277172E8	1.34284944E8	
sp|P17883|SKI3_YEAST	P17883	SKI3_YEAST	SKI3	1432	Saccharomyces cerevisiae (strain ATCC 204508 / S288c)	1:Experimental evidence at protein level	Superkiller protein 3	0.9998	0.999	2	4	4	4	0	2	2	0	2	2	0	2	2	924485.7	4065172.0	4310780.0	924485.7	2471179.5	2595902.5	
sp|P17891|CLC1_YEAST	P17891	CLC1_YEAST	CLC1	233	Saccharomyces cerevisiae (strain ATCC 204508 / S288c)	1:Experimental evidence at protein level	Clathrin light chain	1.0	0.999	7	34	34	34	10	12	12	10	12	12	10	12	12	1.18894952E8	8.6914952E7	1.04746704E8	3.007233E7	2.1307586E7	2.6798146E7	
sp|P17967|PDI_YEAST	P17967	PDI_YEAST	PDI1	522	Saccharomyces cerevisiae (strain ATCC 204508 / S288c)	1:Experimental evidence at protein level	Protein disulfide-isomerase	1.0	0.999	18	164	164	164	53	56	55	53	56	55	53	56	55	1.20844083E9	1.33064384E9	1.33319616E9	1.93315488E8	2.0588064E8	1.96091424E8	
sp|P18239|ADT2_YEAST	P18239	ADT2_YEAST	PET9	318	Saccharomyces cerevisiae (strain ATCC 204508 / S288c)	1:Experimental evidence at protein level	ADP,ATP carrier protein 2	1.0	0.999	11	74	36	74	27	24	23	12	12	12	27	24	23	3.8561728E8	5.09514016E8	5.30840512E8	9.2246832E7	9.2672744E7	9.4989616E7	
sp|P18412|TEC1_YEAST	P18412	TEC1_YEAST	TEC1	486	Saccharomyces cerevisiae (strain ATCC 204508 / S288c)	1:Experimental evidence at protein level	Ty transcription activator TEC1	0.6152	0.9817	1	4	4	4	2	1	1	2	1	1	2	1	1	1.0266069E7	8650855.0	8482254.0	1.0266069E7	8650855.0	8482254.0	
sp|P18414|ERD2_YEAST	P18414	ERD2_YEAST	ERD2	219	Saccharomyces cerevisiae (strain ATCC 204508 / S288c)	1:Experimental evidence at protein level	ER lumen protein-retaining receptor	0.959	0.9987	1	2	2	2	0	1	1	0	1	1	0	1	1	0.0	3254367.0	4364268.0	0.0	3254367.0	4364268.0	
sp|P18562|UPP_YEAST	P18562	UPP_YEAST	FUR1	216	Saccharomyces cerevisiae (strain ATCC 204508 / S288c)	1:Experimental evidence at protein level	Uracil phosphoribosyltransferase	1.0	0.999	7	23	23	23	7	9	7	7	9	7	7	9	7	7.6897912E7	9.589276E7	1.02904128E8	2.7449792E7	2.6781602E7	2.6918142E7	
sp|P18759|SEC18_YEAST	P18759	SEC18_YEAST	SEC18	758	Saccharomyces cerevisiae (strain ATCC 204508 / S288c)	1:Experimental evidence at protein level	Vesicular-fusion protein SEC18	1.0	0.999	17	40	40	40	15	11	14	15	11	14	15	11	14	1.15075304E8	1.21907912E8	1.29541016E8	2.6513278E7	2.6359236E7	2.7345526E7	
sp|P18899|DDR48_YEAST	P18899	DDR48_YEAST	DDR48	430	Saccharomyces cerevisiae (strain ATCC 204508 / S288c)	1:Experimental evidence at protein level	Stress protein DDR48	1.0	0.999	7	27	27	27	9	10	8	9	10	8	9	10	8	1.21844528E8	1.32662648E8	1.30019104E8	3.6290988E7	4.1718292E7	4.225556E7	
sp|P19073|CDC42_YEAST	P19073	CDC42_YEAST	CDC42	191	Saccharomyces cerevisiae (strain ATCC 204508 / S288c)	1:Experimental evidence at protein level	Cell division control protein 42	1.0	0.999	3	7	7	7	3	2	2	3	2	2	3	2	2	3.452332E7	3.2029252E7	3.5149568E7	1.7555596E7	1.634628E7	1.3341899E7	
sp|P19097|FAS2_YEAST	P19097	FAS2_YEAST	FAS2	1887	Saccharomyces cerevisiae (strain ATCC 204508 / S288c)	1:Experimental evidence at protein level	Fatty acid synthase subunit alpha	1.0	0.999	69	403	403	403	135	134	134	135	134	134	135	134	134	1.6743168E9	1.56635878E9	1.57862016E9	6.9614112E7	6.63165E7	6.5813664E7	
sp|P19146|ARF2_YEAST	P19146	ARF2_YEAST	ARF2	181	Saccharomyces cerevisiae (strain ATCC 204508 / S288c)	1:Experimental evidence at protein level	ADP-ribosylation factor 2	1.0	0.999	7	69	9	69	23	22	24	3	3	3	23	22	24	4.88387744E8	4.78422688E8	4.74393888E8	1.35041456E8	1.33614208E8	1.510244E8	
sp|P19211|IF5A2_YEAST	P19211	IF5A2_YEAST	ANB1	157	Saccharomyces cerevisiae (strain ATCC 204508 / S288c)	1:Experimental evidence at protein level	Eukaryotic translation initiation factor 5A-2	0.9945	0.999	2	4	4	8	1	2	1	1	2	1	2	4	2	5136501.0	5183869.0	6439191.5	3186869.0	3366851.8	3822103.8	
sp|P19262|ODO2_YEAST	P19262	ODO2_YEAST	KGD2	463	Saccharomyces cerevisiae (strain ATCC 204508 / S288c)	1:Experimental evidence at protein level	Dihydrolipoyllysine-residue succinyltransferase component of 2-oxoglutarate dehydrogenase complex, mitochondrial	1.0	0.999	7	19	19	19	7	6	6	7	6	6	7	6	6	4.3372036E7	5.3375964E7	5.5836288E7	1.0099854E7	9735585.0	9890628.0	
sp|P19358|METK2_YEAST	P19358	METK2_YEAST	SAM2	384	Saccharomyces cerevisiae (strain ATCC 204508 / S288c)	1:Experimental evidence at protein level	S-adenosylmethionine synthase 2	1.0	0.999	15	37	37	115	13	12	12	13	12	12	37	39	39	1.51472768E8	1.42901248E8	1.70662272E8	3.6022248E7	3.6173728E7	4.3864888E7	
sp|P19414|ACON_YEAST	P19414	ACON_YEAST	ACO1	778	Saccharomyces cerevisiae (strain ATCC 204508 / S288c)	1:Experimental evidence at protein level	Aconitate hydratase, mitochondrial	1.0	0.999	41	612	598	612	198	202	212	193	197	208	198	202	212	3.69103795E9	3.60454016E9	3.88120499E9	3.42268256E8	3.60795424E8	3.89332384E8	
sp|P19454|CSK22_YEAST	P19454	CSK22_YEAST	CKA2	339	Saccharomyces cerevisiae (strain ATCC 204508 / S288c)	1:Experimental evidence at protein level	Casein kinase II subunit alpha'	1.0	0.999	7	15	15	15	6	4	5	6	4	5	6	4	5	2.7171122E7	2.5723972E7	2.76614E7	1.1568935E7	1.3939424E7	1.142554E7	
sp|P19524|MYO2_YEAST	P19524	MYO2_YEAST	MYO2	1574	Saccharomyces cerevisiae (strain ATCC 204508 / S288c)	1:Experimental evidence at protein level	Myosin-2	1.0	0.999	13	23	21	23	11	7	5	10	6	5	11	7	5	3.6468876E7	2.7710276E7	3.1294366E7	5816610.0	6285093.5	6129077.5	
sp|P19658|EXO70_YEAST	P19658	EXO70_YEAST	EXO70	623	Saccharomyces cerevisiae (strain ATCC 204508 / S288c)	1:Experimental evidence at protein level	Exocyst complex component EXO70	0.9878	0.9968	3	3	3	3	2	0	1	2	0	1	2	0	1	2008212.9	3004226.0	1.2250013E7	3574566.2	5347443.5	3284143.8	
sp|P19812|UBR1_YEAST	P19812	UBR1_YEAST	UBR1	1950	Saccharomyces cerevisiae (strain ATCC 204508 / S288c)	1:Experimental evidence at protein level	E3 ubiquitin-protein ligase UBR1	0.9492	0.9875	2	2	2	2	1	1	0	1	1	0	1	1	0	8.1065872E7	7.1472664E7	8.001588E7	7.7698032E7	6.6135E7	8.2815896E7	
sp|P19881|PNPP_YEAST	P19881	PNPP_YEAST	PHO13	312	Saccharomyces cerevisiae (strain ATCC 204508 / S288c)	1:Experimental evidence at protein level	4-nitrophenylphosphatase	1.0	0.999	4	9	9	9	3	2	4	3	2	4	3	2	4	2.3140048E7	1.4669742E7	2.7407496E7	7070449.0	6968136.0	8603022.0	
sp|P19882|HSP60_YEAST	P19882	HSP60_YEAST	HSP60	572	Saccharomyces cerevisiae (strain ATCC 204508 / S288c)	1:Experimental evidence at protein level	Heat shock protein 60, mitochondrial	1.0	0.999	27	299	299	299	95	96	108	95	96	108	95	96	108	1.90133978E9	1.69690765E9	1.81591962E9	1.40052976E8	1.27015392E8	1.38764896E8	
sp|P20049|TYR1_YEAST	P20049	TYR1_YEAST	TYR1	452	Saccharomyces cerevisiae (strain ATCC 204508 / S288c)	1:Experimental evidence at protein level	Prephenate dehydrogenase [NADP(+)]	1.0	0.999	2	3	3	3	1	1	1	1	1	1	1	1	1	4586012.0	7215599.0	8511467.0	4748694.5	3821679.2	4340468.0	
sp|P20051|PYRC_YEAST	P20051	PYRC_YEAST	URA4	364	Saccharomyces cerevisiae (strain ATCC 204508 / S288c)	1:Experimental evidence at protein level	Dihydroorotase	1.0	0.999	7	25	25	25	10	8	7	10	8	7	10	8	7	8.3514632E7	7.958292E7	9.0168456E7	1.8699684E7	1.8506776E7	2.0817458E7	
sp|P20081|FKBP_YEAST	P20081	FKBP_YEAST	FPR1	114	Saccharomyces cerevisiae (strain ATCC 204508 / S288c)	1:Experimental evidence at protein level	FK506-binding protein 1	1.0	0.999	6	65	65	65	19	22	24	19	22	24	19	22	24	5.5792666E8	5.5454906E8	6.1459802E8	2.08908592E8	1.93834272E8	2.3042912E8	
sp|P20107|ZRC1_YEAST	P20107	ZRC1_YEAST	ZRC1	442	Saccharomyces cerevisiae (strain ATCC 204508 / S288c)	1:Experimental evidence at protein level	Vacuolar zinc transporter ZRC1	1.0	0.999	2	4	4	4	2	1	1	2	1	1	2	1	1	1.1666084E7	1.1796682E7	1.2064575E7	7836740.0	8815687.0	8916985.0	
sp|P20424|SRP54_YEAST	P20424	SRP54_YEAST	SRP54	541	Saccharomyces cerevisiae (strain ATCC 204508 / S288c)	1:Experimental evidence at protein level	Signal recognition particle subunit SRP54	1.0	0.999	7	19	19	19	7	5	7	7	5	7	7	5	7	2.676531E7	2.3426208E7	4.116334E7	6231662.0	7379846.0	7920005.0	
sp|P20434|RPAB1_YEAST	P20434	RPAB1_YEAST	RPB5	215	Saccharomyces cerevisiae (strain ATCC 204508 / S288c)	1:Experimental evidence at protein level	DNA-directed RNA polymerases I, II, and III subunit RPABC1	0.9674	0.999	1	3	3	3	1	1	1	1	1	1	1	1	1	5649826.0	7559948.5	7545891.5	5649826.0	7559948.5	7545891.5	
sp|P20435|RPAB2_YEAST	P20435	RPAB2_YEAST	RPO26	155	Saccharomyces cerevisiae (strain ATCC 204508 / S288c)	1:Experimental evidence at protein level	DNA-directed RNA polymerases I, II, and III subunit RPABC2	0.9983	0.999	2	7	7	7	2	2	3	2	2	3	2	2	3	2.5442752E7	3.6625324E7	3.2789816E7	2.8495264E7	2.8456792E7	2.653863E7	
sp|P20436|RPAB3_YEAST	P20436	RPAB3_YEAST	RPB8	146	Saccharomyces cerevisiae (strain ATCC 204508 / S288c)	1:Experimental evidence at protein level	DNA-directed RNA polymerases I, II, and III subunit RPABC3	1.0	0.999	3	7	7	7	3	2	2	3	2	2	3	2	2	3.13432E7	2.5170574E7	2.8787916E7	1.5556886E7	1.6283809E7	1.4304888E7	
sp|P20447|DBP3_YEAST	P20447	DBP3_YEAST	DBP3	523	Saccharomyces cerevisiae (strain ATCC 204508 / S288c)	1:Experimental evidence at protein level	ATP-dependent RNA helicase DBP3	1.0	0.999	6	8	8	8	2	4	2	2	4	2	2	4	2	2.03439152E8	1.76225184E8	3.20050432E8	1.76152336E8	2.09172672E8	2.31184064E8	
sp|P20448|DBP4_YEAST	P20448	DBP4_YEAST	HCA4	770	Saccharomyces cerevisiae (strain ATCC 204508 / S288c)	1:Experimental evidence at protein level	ATP-dependent RNA helicase HCA4	0.8127	0.9932	1	1	1	1	1	0	0	1	0	0	1	0	0	3914747.8	4039600.0	0.0	3914747.8	4039600.0	0.0	
sp|P20449|DBP5_YEAST	P20449	DBP5_YEAST	DBP5	482	Saccharomyces cerevisiae (strain ATCC 204508 / S288c)	1:Experimental evidence at protein level	ATP-dependent RNA helicase DBP5	1.0	0.999	9	23	23	23	9	7	7	9	7	7	9	7	7	5.5197844E7	6.5439368E7	7.2483808E7	1.5098975E7	1.6148808E7	1.7506906E7	
sp|P20459|IF2A_YEAST	P20459	IF2A_YEAST	SUI2	304	Saccharomyces cerevisiae (strain ATCC 204508 / S288c)	1:Experimental evidence at protein level	Eukaryotic translation initiation factor 2 subunit alpha	1.0	0.999	10	34	34	34	12	12	10	12	12	10	12	12	10	1.19688224E8	1.10910208E8	1.031316E8	2.5432904E7	2.4249792E7	2.8364458E7	
sp|P20484|MAK11_YEAST	P20484	MAK11_YEAST	MAK11	414	Saccharomyces cerevisiae (strain ATCC 204508 / S288c)	1:Experimental evidence at protein level	Protein MAK11	0.9669	0.999	1	2	2	2	1	0	1	1	0	1	1	0	1	2788716.2	2824917.2	3438357.0	2788716.2	2824917.2	3438357.0	
sp|P20485|KICH_YEAST	P20485	KICH_YEAST	CKI1	582	Saccharomyces cerevisiae (strain ATCC 204508 / S288c)	1:Experimental evidence at protein level	Choline kinase	1.0	0.999	3	8	8	8	3	3	2	3	3	2	3	3	2	1.4350362E7	1.208637E7	1.5833127E7	5744802.0	4629367.5	5942834.5	
sp|P20604|PP11_YEAST	P20604	PP11_YEAST	SIT4	311	Saccharomyces cerevisiae (strain ATCC 204508 / S288c)	1:Experimental evidence at protein level	Serine/threonine-protein phosphatase PP1-1	1.0	0.999	3	6	6	6	2	2	2	2	2	2	2	2	2	1.610644E7	2.2239446E7	2.2041364E7	9596760.0	1.1559761E7	1.1584879E7	
sp|P20606|SAR1_YEAST	P20606	SAR1_YEAST	SAR1	190	Saccharomyces cerevisiae (strain ATCC 204508 / S288c)	1:Experimental evidence at protein level	Small COPII coat GTPase SAR1	1.0	0.999	6	34	34	34	11	13	10	11	13	10	11	13	10	1.70665952E8	2.24054608E8	2.33550288E8	5.4515844E7	7.8021688E7	8.7343592E7	
sp|P20967|ODO1_YEAST	P20967	ODO1_YEAST	KGD1	1014	Saccharomyces cerevisiae (strain ATCC 204508 / S288c)	1:Experimental evidence at protein level	2-oxoglutarate dehydrogenase, mitochondrial	1.0	0.999	9	17	17	17	8	3	6	8	3	6	8	3	6	3.2063712E7	3.3589264E7	4.3999596E7	7761559.0	9077439.0	9781943.0	
sp|P21242|PSA7_YEAST	P21242	PSA7_YEAST	PRE10	288	Saccharomyces cerevisiae (strain ATCC 204508 / S288c)	1:Experimental evidence at protein level	Probable proteasome subunit alpha type-7	1.0	0.999	8	46	46	46	15	16	15	15	16	15	15	16	15	1.32679616E8	1.26397168E8	1.13458448E8	4.0146524E7	3.5873368E7	3.3425172E7	
sp|P21243|PSA1_YEAST	P21243	PSA1_YEAST	SCL1	252	Saccharomyces cerevisiae (strain ATCC 204508 / S288c)	1:Experimental evidence at protein level	Proteasome subunit alpha type-1	1.0	0.999	11	50	50	50	14	20	16	14	20	16	14	20	16	2.0031184E8	1.79211632E8	1.92678208E8	2.7226728E7	2.444907E7	2.634659E7	
sp|P21264|PUR6_YEAST	P21264	PUR6_YEAST	ADE2	571	Saccharomyces cerevisiae (strain ATCC 204508 / S288c)	1:Experimental evidence at protein level	Phosphoribosylaminoimidazole carboxylase	1.0	0.999	20	103	103	103	32	35	36	32	35	36	32	35	36	2.836984E8	2.90139744E8	3.1254816E8	2.9246322E7	2.965402E7	3.0865408E7	
sp|P21269|CCA1_YEAST	P21269	CCA1_YEAST	CCA1	546	Saccharomyces cerevisiae (strain ATCC 204508 / S288c)	1:Experimental evidence at protein level	CCA tRNA nucleotidyltransferase, mitochondrial	0.9674	0.999	1	2	2	2	1	0	1	1	0	1	1	0	1	4381557.0	3149259.0	3641163.0	4381557.0	3149259.0	3641163.0	
sp|P21304|PWP1_YEAST	P21304	PWP1_YEAST	PWP1	576	Saccharomyces cerevisiae (strain ATCC 204508 / S288c)	1:Experimental evidence at protein level	Periodic tryptophan protein 1	1.0	0.999	5	12	12	12	4	5	3	4	5	3	4	5	3	2.2646772E7	2.7574436E7	2.3287912E7	1.3331266E7	1.526191E7	1.199069E7	
sp|P21306|ATP5E_YEAST	P21306	ATP5E_YEAST	ATP15	62	Saccharomyces cerevisiae (strain ATCC 204508 / S288c)	1:Experimental evidence at protein level	ATP synthase subunit epsilon, mitochondrial	0.9674	0.999	1	5	5	5	1	2	2	1	2	2	1	2	2	9978111.0	8536955.0	8137443.5	9978111.0	8536955.0	8137443.5	
sp|P21375|OSM1_YEAST	P21375	OSM1_YEAST	OSM1	501	Saccharomyces cerevisiae (strain ATCC 204508 / S288c)	1:Experimental evidence at protein level	Fumarate reductase 2	1.0	0.9989	3	3	3	3	2	0	1	2	0	1	2	0	1	1.0533558E7	1.0246389E7	1.2783314E7	4298301.5	5288850.5	6138433.0	
sp|P21524|RIR1_YEAST	P21524	RIR1_YEAST	RNR1	888	Saccharomyces cerevisiae (strain ATCC 204508 / S288c)	1:Experimental evidence at protein level	Ribonucleoside-diphosphate reductase large chain 1	0.9295	0.9977	1	1	1	1	1	0	0	1	0	0	1	0	0	1424961.8	3141190.2	3362350.0	1424961.8	3141190.2	3362350.0	
sp|P21538|REB1_YEAST	P21538	REB1_YEAST	REB1	810	Saccharomyces cerevisiae (strain ATCC 204508 / S288c)	1:Experimental evidence at protein level	DNA-binding protein REB1	1.0	0.999	2	5	5	5	2	2	1	2	2	1	2	2	1	9442495.0	8211306.0	1.0144501E7	5513503.5	4743524.0	5729786.5	
sp|P21560|CBP3_YEAST	P21560	CBP3_YEAST	CBP3	335	Saccharomyces cerevisiae (strain ATCC 204508 / S288c)	1:Experimental evidence at protein level	Protein CBP3, mitochondrial	0.9425	0.9982	1	1	1	1	1	0	0	1	0	0	1	0	0	2086238.9	1853437.2	1687988.2	2086238.9	1853437.2	1687988.2	
sp|P21576|VPS1_YEAST	P21576	VPS1_YEAST	VPS1	704	Saccharomyces cerevisiae (strain ATCC 204508 / S288c)	1:Experimental evidence at protein level	Vacuolar protein sorting-associated protein 1	1.0	0.999	26	106	103	106	34	40	32	33	40	30	34	40	32	3.11981248E8	2.94572256E8	3.48839232E8	2.7509038E7	2.7318752E7	2.9208082E7	
sp|P21734|UBC1_YEAST	P21734	UBC1_YEAST	UBC1	215	Saccharomyces cerevisiae (strain ATCC 204508 / S288c)	1:Experimental evidence at protein level	Ubiquitin-conjugating enzyme E2 1	1.0	0.999	6	21	21	21	7	7	7	7	7	7	7	7	7	5.9949492E7	5.4787704E7	7.2174168E7	1.8899562E7	1.7987702E7	2.0562626E7	
sp|P21825|SEC62_YEAST	P21825	SEC62_YEAST	SEC62	274	Saccharomyces cerevisiae (strain ATCC 204508 / S288c)	1:Experimental evidence at protein level	Translocation protein SEC62	1.0	0.9988	2	3	3	3	2	0	1	2	0	1	2	0	1	9204417.0	6443785.0	6043673.0	5259957.5	3593655.2	3418499.8	
sp|P21826|MLS2_YEAST	P21826	MLS2_YEAST	DAL7	554	Saccharomyces cerevisiae (strain ATCC 204508 / S288c)	1:Experimental evidence at protein level	Malate synthase 2	0.9698	0.9943	1	4	4	4	1	1	2	1	1	2	1	1	2	5.326064E7	7.5577648E7	7.965888E7	5.326064E7	7.5577648E7	7.965888E7	
sp|P21827|RCC1_YEAST	P21827	RCC1_YEAST	SRM1	482	Saccharomyces cerevisiae (strain ATCC 204508 / S288c)	1:Experimental evidence at protein level	Guanine nucleotide exchange factor SRM1	1.0	0.999	6	15	15	15	6	6	3	6	6	3	6	6	3	2.8362712E7	2.977015E7	2.425686E7	8895833.0	9739988.0	9540983.0	
sp|P21954|IDHP_YEAST	P21954	IDHP_YEAST	IDP1	428	Saccharomyces cerevisiae (strain ATCC 204508 / S288c)	1:Experimental evidence at protein level	Isocitrate dehydrogenase [NADP], mitochondrial	1.0	0.999	16	93	73	93	31	31	31	25	23	25	31	31	31	3.66262528E8	3.84952576E8	4.04814176E8	5.609574E7	5.7231216E7	5.9254412E7	
sp|P21965|MCK1_YEAST	P21965	MCK1_YEAST	MCK1	375	Saccharomyces cerevisiae (strain ATCC 204508 / S288c)	1:Experimental evidence at protein level	Protein kinase MCK1	1.0	0.999	7	20	19	20	8	6	6	8	5	6	8	6	6	5.2504892E7	4.4938064E7	4.293996E7	1.159138E7	9876328.0	1.0293505E7	
sp|P22133|MDHC_YEAST	P22133	MDHC_YEAST	MDH2	377	Saccharomyces cerevisiae (strain ATCC 204508 / S288c)	1:Experimental evidence at protein level	Malate dehydrogenase, cytoplasmic	0.9993	0.999	2	4	4	4	1	2	1	1	2	1	1	2	1	1.6048991E7	1.8912134E7	1.7140964E7	1.0685852E7	1.1819102E7	1.0798825E7	
sp|P22137|CLH_YEAST	P22137	CLH_YEAST	CHC1	1653	Saccharomyces cerevisiae (strain ATCC 204508 / S288c)	1:Experimental evidence at protein level	Clathrin heavy chain	1.0	0.999	49	273	273	273	93	91	89	93	91	89	93	91	89	1.14021542E9	1.15108429E9	1.16822451E9	1.09023144E8	1.17761576E8	1.20428384E8	
sp|P22138|RPA2_YEAST	P22138	RPA2_YEAST	RPA135	1203	Saccharomyces cerevisiae (strain ATCC 204508 / S288c)	1:Experimental evidence at protein level	DNA-directed RNA polymerase I subunit RPA135	1.0	0.999	8	15	15	15	6	4	5	6	4	5	6	4	5	4.9374288E7	4.7846692E7	4.9727136E7	9528189.0	8926688.0	8474508.0	
sp|P22139|RPAB5_YEAST	P22139	RPAB5_YEAST	RPB10	70	Saccharomyces cerevisiae (strain ATCC 204508 / S288c)	1:Experimental evidence at protein level	DNA-directed RNA polymerases I, II, and III subunit RPABC5	0.9674	0.999	1	2	2	2	1	0	1	1	0	1	1	0	1	8421319.0	6811054.0	6023353.0	8421319.0	6811054.0	6023353.0	
sp|P22141|PSB4_YEAST	P22141	PSB4_YEAST	PRE1	198	Saccharomyces cerevisiae (strain ATCC 204508 / S288c)	1:Experimental evidence at protein level	Proteasome subunit beta type-4	1.0	0.999	2	11	11	11	3	3	5	3	3	5	3	3	5	3.9342996E7	4.1787212E7	3.8759692E7	2.4208812E7	1.8940816E7	1.784574E7	
sp|P22146|GAS1_YEAST	P22146	GAS1_YEAST	GAS1	559	Saccharomyces cerevisiae (strain ATCC 204508 / S288c)	1:Experimental evidence at protein level	1,3-beta-glucanosyltransferase GAS1	1.0	0.999	6	14	14	14	4	5	5	4	5	5	4	5	5	9.636372E7	7.9336264E7	8.0690184E7	3.8103456E7	4.0462124E7	3.8942684E7	
sp|P22147|XRN1_YEAST	P22147	XRN1_YEAST	XRN1	1528	Saccharomyces cerevisiae (strain ATCC 204508 / S288c)	1:Experimental evidence at protein level	5'-3' exoribonuclease 1	1.0	0.999	29	86	86	86	29	29	28	29	29	28	29	29	28	2.48302672E8	2.76439616E8	2.91363872E8	3.4879812E7	3.955432E7	4.1844096E7	
sp|P22203|VATE_YEAST	P22203	VATE_YEAST	VMA4	233	Saccharomyces cerevisiae (strain ATCC 204508 / S288c)	1:Experimental evidence at protein level	V-type proton ATPase subunit E	1.0	0.999	12	122	122	122	40	39	43	40	39	43	40	39	43	6.8033491E8	6.4886144E8	7.2176749E8	8.8458344E7	8.7344848E7	9.2072808E7	
sp|P22213|SLY1_YEAST	P22213	SLY1_YEAST	SLY1	666	Saccharomyces cerevisiae (strain ATCC 204508 / S288c)	1:Experimental evidence at protein level	Protein SLY1	1.0	0.999	4	5	5	5	4	1	0	4	1	0	4	1	0	1.3589923E7	1.681485E7	1.5029688E7	5477871.5	6464965.5	5235991.0	
sp|P22214|SEC22_YEAST	P22214	SEC22_YEAST	SEC22	214	Saccharomyces cerevisiae (strain ATCC 204508 / S288c)	1:Experimental evidence at protein level	Protein transport protein SEC22	0.9998	0.999	2	7	7	7	3	2	2	3	2	2	3	2	2	4732933.0	5781740.0	7198980.0	4732933.0	5781740.0	7198980.0	
sp|P22217|TRX1_YEAST	P22217	TRX1_YEAST	TRX1	103	Saccharomyces cerevisiae (strain ATCC 204508 / S288c)	1:Experimental evidence at protein level	Thioredoxin-1	1.0	0.999	6	35	35	76	12	12	11	12	12	11	26	25	25	3.69304096E8	4.01900576E8	4.44572992E8	1.6385552E8	1.47879456E8	1.70012432E8	
sp|P22336|RFA1_YEAST	P22336	RFA1_YEAST	RFA1	621	Saccharomyces cerevisiae (strain ATCC 204508 / S288c)	1:Experimental evidence at protein level	Replication factor A protein 1	1.0	0.999	9	20	20	20	7	7	6	7	7	6	7	7	6	4.7101084E7	4.966886E7	4.897144E7	1.0571419E7	1.1269442E7	1.0814248E7	
sp|P22515|UBA1_YEAST	P22515	UBA1_YEAST	UBA1	1024	Saccharomyces cerevisiae (strain ATCC 204508 / S288c)	1:Experimental evidence at protein level	Ubiquitin-activating enzyme E1 1	1.0	0.999	31	202	202	202	66	72	64	66	72	64	66	72	64	8.6437178E8	8.5510605E8	7.8202054E8	5.3889972E7	5.0536836E7	5.2081992E7	
sp|P22517|KCC2_YEAST	P22517	KCC2_YEAST	CMK2	447	Saccharomyces cerevisiae (strain ATCC 204508 / S288c)	1:Experimental evidence at protein level	Calcium/calmodulin-dependent protein kinase II	1.0	0.999	13	54	54	54	17	17	20	17	17	20	17	17	20	2.47383472E8	2.30548E8	2.59199232E8	3.9118852E7	3.8174456E7	4.0552512E7	
sp|P22579|SIN3_YEAST	P22579	SIN3_YEAST	SIN3	1536	Saccharomyces cerevisiae (strain ATCC 204508 / S288c)	1:Experimental evidence at protein level	Transcriptional regulatory protein SIN3	0.9985	0.9895	3	6	6	6	2	2	2	2	2	2	2	2	2	3381181.8	1.228353E7	4360112.0	2964992.2	4598544.5	4445346.5	
sp|P22696|ESS1_YEAST	P22696	ESS1_YEAST	ESS1	170	Saccharomyces cerevisiae (strain ATCC 204508 / S288c)	1:Experimental evidence at protein level	Peptidyl-prolyl cis-trans isomerase ESS1	1.0	0.999	4	8	8	8	2	3	3	2	3	3	2	3	3	2.4619466E7	3.2772938E7	2.8569822E7	2.091831E7	2.4979454E7	2.822857E7	
sp|P22768|ASSY_YEAST	P22768	ASSY_YEAST	ARG1	420	Saccharomyces cerevisiae (strain ATCC 204508 / S288c)	1:Experimental evidence at protein level	Argininosuccinate synthase	1.0	0.999	7	22	22	22	7	6	9	7	6	9	7	6	9	5.8503372E7	5.1714172E7	6.0945352E7	1.2225933E7	1.0595968E7	1.2834138E7	
sp|P22803|TRX2_YEAST	P22803	TRX2_YEAST	TRX2	104	Saccharomyces cerevisiae (strain ATCC 204508 / S288c)	1:Experimental evidence at protein level	Thioredoxin-2	1.0	0.999	6	111	70	111	37	35	39	23	22	25	37	35	39	1.52566963E9	1.54076762E9	1.59852864E9	3.27045248E8	2.86908384E8	3.3111472E8	
sp|P22804|BET1_YEAST	P22804	BET1_YEAST	BET1	142	Saccharomyces cerevisiae (strain ATCC 204508 / S288c)	1:Experimental evidence at protein level	Protein transport protein BET1	0.9674	0.999	1	2	2	2	1	0	1	1	0	1	1	0	1	5731422.5	3072350.5	6526028.5	5731422.5	3072350.5	6526028.5	
sp|P22855|MAN1_YEAST	P22855	MAN1_YEAST	AMS1	1083	Saccharomyces cerevisiae (strain ATCC 204508 / S288c)	1:Experimental evidence at protein level	Alpha-mannosidase	1.0	0.999	23	70	70	70	24	21	25	24	21	25	24	21	25	1.40676736E8	1.29542136E8	1.52184656E8	1.2707944E7	1.2418829E7	1.4342893E7	
sp|P22936|APN1_YEAST	P22936	APN1_YEAST	APN1	367	Saccharomyces cerevisiae (strain ATCC 204508 / S288c)	1:Experimental evidence at protein level	Apurinic-apyrimidinic endonuclease 1	0.9347	0.9979	1	2	2	2	1	1	0	1	1	0	1	1	0	3162835.8	2319827.5	0.0	3162835.8	2319827.5	0.0	
sp|P22943|HSP12_YEAST	P22943	HSP12_YEAST	HSP12	109	Saccharomyces cerevisiae (strain ATCC 204508 / S288c)	1:Experimental evidence at protein level	12 kDa heat shock protein	1.0	0.999	6	80	80	80	25	28	27	25	28	27	25	28	27	8.6310675E8	7.665287E8	7.4067712E8	2.8291424E8	2.86446944E8	2.37276208E8	
sp|P23180|AIM17_YEAST	P23180	AIM17_YEAST	AIM17	465	Saccharomyces cerevisiae (strain ATCC 204508 / S288c)	1:Experimental evidence at protein level	Probable oxidoreductase AIM17	1.0	0.999	9	44	44	44	14	15	15	14	15	15	14	15	15	1.02942952E8	1.17980392E8	1.14215344E8	3.0438896E7	3.0063736E7	3.5649468E7	
sp|P23248|RS3A2_YEAST	P23248	RS3A2_YEAST	RPS1B	255	Saccharomyces cerevisiae (strain ATCC 204508 / S288c)	1:Experimental evidence at protein level	40S ribosomal protein S1-B	1.0	0.999	15	205	13	205	63	65	77	4	4	5	63	65	77	1.88372723E9	1.67211776E9	1.83558579E9	3.333376E8	2.94848032E8	3.05897248E8	
sp|P23254|TKT1_YEAST	P23254	TKT1_YEAST	TKL1	680	Saccharomyces cerevisiae (strain ATCC 204508 / S288c)	1:Experimental evidence at protein level	Transketolase 1	1.0	0.999	21	223	200	223	75	67	81	67	60	73	75	67	81	1.26585011E9	1.24565542E9	1.23118874E9	1.25840488E8	1.11207696E8	1.15882648E8	
sp|P23287|PP2B1_YEAST	P23287	PP2B1_YEAST	CNA1	553	Saccharomyces cerevisiae (strain ATCC 204508 / S288c)	1:Experimental evidence at protein level	Serine/threonine-protein phosphatase 2B catalytic subunit A1	0.9674	0.999	1	2	2	2	1	1	0	1	1	0	1	1	0	6237535.0	7204202.5	8159623.0	6237535.0	7204202.5	8159623.0	
sp|P23291|KC11_YEAST	P23291	KC11_YEAST	YCK1	538	Saccharomyces cerevisiae (strain ATCC 204508 / S288c)	1:Experimental evidence at protein level	Casein kinase I homolog 1	1.0	0.999	5	16	15	16	5	6	5	4	6	5	5	6	5	2.885923E7	3.8434312E7	2.6782224E7	9821193.0	1.1158657E7	8758688.0	
sp|P23292|KC12_YEAST	P23292	KC12_YEAST	YCK2	546	Saccharomyces cerevisiae (strain ATCC 204508 / S288c)	1:Experimental evidence at protein level	Casein kinase I homolog 2	1.0	0.999	6	12	12	13	5	3	4	5	3	4	6	3	4	1.8375588E7	2.0174152E7	2.0676622E7	5494954.5	6524029.5	6534104.5	
sp|P23301|IF5A1_YEAST	P23301	IF5A1_YEAST	HYP2	157	Saccharomyces cerevisiae (strain ATCC 204508 / S288c)	1:Experimental evidence at protein level	Eukaryotic translation initiation factor 5A-1	1.0	0.999	5	114	110	114	36	41	37	35	39	36	36	41	37	9.8098765E8	8.3334624E8	8.4682221E8	4.65588576E8	5.1499424E8	5.3917766E8	
sp|P23337|GYS1_YEAST	P23337	GYS1_YEAST	GSY1	708	Saccharomyces cerevisiae (strain ATCC 204508 / S288c)	1:Experimental evidence at protein level	Glycogen [starch] synthase isoform 1	1.0	0.999	7	12	12	31	3	3	6	3	3	6	9	9	13	1.3427298E7	5.009722E7	4.1931344E7	1.7331908E7	2.4249882E7	2.8405058E7	
sp|P23542|AATC_YEAST	P23542	AATC_YEAST	AAT2	418	Saccharomyces cerevisiae (strain ATCC 204508 / S288c)	1:Experimental evidence at protein level	Aspartate aminotransferase, cytoplasmic	1.0	0.999	14	115	115	115	38	40	37	38	40	37	38	40	37	4.40432736E8	4.66809728E8	4.74629632E8	9.833636E7	1.14180512E8	1.11886576E8	
sp|P23585|HXT2_YEAST	P23585	HXT2_YEAST	HXT2	541	Saccharomyces cerevisiae (strain ATCC 204508 / S288c)	1:Experimental evidence at protein level	High-affinity glucose transporter HXT2	1.0	0.999	4	8	8	21	3	3	2	3	3	2	7	7	7	4.6351048E7	1.218964E8	4.9556832E7	5.0496632E7	8.1435344E7	4.7588452E7	
sp|P23594|PP2A1_YEAST	P23594	PP2A1_YEAST	PPH21	369	Saccharomyces cerevisiae (strain ATCC 204508 / S288c)	1:Experimental evidence at protein level	Serine/threonine-protein phosphatase PP2A-1 catalytic subunit	1.0	0.999	6	17	3	17	6	6	5	1	1	1	6	6	5	4.5960088E7	4.819348E7	5.0529592E7	1.0654715E7	1.0393425E7	1.2385612E7	
sp|P23595|PP2A2_YEAST	P23595	PP2A2_YEAST	PPH22	377	Saccharomyces cerevisiae (strain ATCC 204508 / S288c)	1:Experimental evidence at protein level	Serine/threonine-protein phosphatase PP2A-2 catalytic subunit	1.0	0.999	6	3	3	17	1	1	1	1	1	1	6	6	5	9341844.0	7373877.0	7364432.0	9341844.0	7373877.0	7364432.0	
sp|P23615|SPT6_YEAST	P23615	SPT6_YEAST	SPT6	1451	Saccharomyces cerevisiae (strain ATCC 204508 / S288c)	1:Experimental evidence at protein level	Transcription elongation factor SPT6	1.0	0.999	15	35	35	35	13	10	12	13	10	12	13	10	12	1.0283924E8	6.9840264E7	8.4674992E7	2.6370722E7	2.7457692E7	3.0975776E7	
sp|P23638|PSA3_YEAST	P23638	PSA3_YEAST	PRE9	258	Saccharomyces cerevisiae (strain ATCC 204508 / S288c)	1:Experimental evidence at protein level	Proteasome subunit alpha type-3	1.0	0.999	8	35	35	35	11	13	11	11	13	11	11	13	11	9.6092256E7	9.5385936E7	8.266944E7	2.4294036E7	2.5087122E7	2.3984572E7	
sp|P23639|PSA2_YEAST	P23639	PSA2_YEAST	PRE8	250	Saccharomyces cerevisiae (strain ATCC 204508 / S288c)	1:Experimental evidence at protein level	Proteasome subunit alpha type-2	1.0	0.999	6	33	33	33	9	12	12	9	12	12	9	12	12	9.2452576E7	1.79873792E8	1.49258288E8	3.1034214E7	5.246114E7	4.6861144E7	
sp|P23641|MPCP_YEAST	P23641	MPCP_YEAST	MIR1	311	Saccharomyces cerevisiae (strain ATCC 204508 / S288c)	1:Experimental evidence at protein level	Mitochondrial phosphate carrier protein	1.0	0.999	8	28	28	28	10	8	10	10	8	10	10	8	10	7.2308E7	7.0230376E7	8.6085952E7	1.9238532E7	1.7960742E7	2.1855712E7	
sp|P23642|VAN1_YEAST	P23642	VAN1_YEAST	VAN1	535	Saccharomyces cerevisiae (strain ATCC 204508 / S288c)	1:Experimental evidence at protein level	Mannan polymerase I complex VAN1 subunit	0.9674	0.999	1	6	6	6	2	2	2	2	2	2	2	2	2	2667843.2	4060006.2	5213293.0	2667843.2	4060006.2	5213293.0	
sp|P23644|TOM40_YEAST	P23644	TOM40_YEAST	TOM40	387	Saccharomyces cerevisiae (strain ATCC 204508 / S288c)	1:Experimental evidence at protein level	Mitochondrial import receptor subunit TOM40	1.0	0.999	5	17	17	17	6	5	6	6	5	6	6	5	6	7.4463016E7	6.309792E7	7.7787504E7	2.978421E7	2.554982E7	3.074757E7	
sp|P23724|PSB6_YEAST	P23724	PSB6_YEAST	PRE7	241	Saccharomyces cerevisiae (strain ATCC 204508 / S288c)	1:Experimental evidence at protein level	Proteasome subunit beta type-6	1.0	0.999	7	21	21	21	8	6	7	8	6	7	8	6	7	7.2431872E7	5.8026584E7	6.025468E7	1.9123716E7	1.6327497E7	1.9612784E7	
sp|P23776|EXG1_YEAST	P23776	EXG1_YEAST	EXG1	448	Saccharomyces cerevisiae (strain ATCC 204508 / S288c)	1:Experimental evidence at protein level	Glucan 1,3-beta-glucosidase I/II	1.0	0.999	2	9	9	9	3	3	3	3	3	3	3	3	3	1.953372E7	2.18E7	2.1548512E7	1.1583221E7	1.2757374E7	1.233382E7	
sp|P23833|SCO1_YEAST	P23833	SCO1_YEAST	SCO1	295	Saccharomyces cerevisiae (strain ATCC 204508 / S288c)	1:Experimental evidence at protein level	Protein SCO1, mitochondrial	0.9993	0.999	3	5	5	5	2	2	1	2	2	1	2	2	1	6326490.5	1.1646077E7	9169798.0	2890140.8	5850709.5	4652641.0	
sp|P24000|RL24B_YEAST	P24000	RL24B_YEAST	RPL24B	155	Saccharomyces cerevisiae (strain ATCC 204508 / S288c)	1:Experimental evidence at protein level	60S ribosomal protein L24-B	1.0	0.999	7	5	5	106	2	2	1	2	2	1	37	34	35	2.390502E7	1.8317348E7	1.5634829E7	2.390502E7	1.8317348E7	1.5634829E7	
sp|P24276|SSD1_YEAST	P24276	SSD1_YEAST	SSD1	1250	Saccharomyces cerevisiae (strain ATCC 204508 / S288c)	1:Experimental evidence at protein level	Protein SSD1	1.0	0.999	16	71	71	71	24	23	24	24	23	24	24	23	24	1.75851696E8	1.67984064E8	1.47712704E8	5.018824E7	5.2900004E7	5.45645E7	
sp|P24279|MCM3_YEAST	P24279	MCM3_YEAST	MCM3	971	Saccharomyces cerevisiae (strain ATCC 204508 / S288c)	1:Experimental evidence at protein level	DNA replication licensing factor MCM3	0.9582	0.9898	2	3	3	3	2	1	0	2	1	0	2	1	0	0.0	2.7419248E7	1.3170713E7	0.0	2.7419248E7	1.3170713E7	
sp|P24280|SEC14_YEAST	P24280	SEC14_YEAST	SEC14	304	Saccharomyces cerevisiae (strain ATCC 204508 / S288c)	1:Experimental evidence at protein level	SEC14 cytosolic factor	1.0	0.999	16	59	47	59	20	21	18	17	16	14	20	21	18	2.54229376E8	2.38230992E8	2.51252256E8	5.0638676E7	4.7470232E7	4.6757988E7	
sp|P24521|ERG8_YEAST	P24521	ERG8_YEAST	ERG8	451	Saccharomyces cerevisiae (strain ATCC 204508 / S288c)	1:Experimental evidence at protein level	Phosphomevalonate kinase	1.0	0.999	4	6	6	6	3	1	2	3	1	2	3	1	2	1.8714904E7	1.055462E7	1.0802815E7	5259948.0	5362769.5	5443880.0	
sp|P24783|DBP2_YEAST	P24783	DBP2_YEAST	DBP2	546	Saccharomyces cerevisiae (strain ATCC 204508 / S288c)	1:Experimental evidence at protein level	ATP-dependent RNA helicase DBP2	1.0	0.999	9	25	25	33	7	10	8	7	10	8	10	12	11	2.02506976E8	8.4478776E7	2.001976E8	1.01669552E8	1.1066204E8	9.5696776E7	
sp|P25037|UBP1_YEAST	P25037	UBP1_YEAST	UBP1	809	Saccharomyces cerevisiae (strain ATCC 204508 / S288c)	1:Experimental evidence at protein level	Ubiquitin carboxyl-terminal hydrolase 1	0.9991	0.999	2	3	3	3	0	1	2	0	1	2	0	1	2	1406754.2	1892316.0	2068414.4	1406754.2	1892316.0	2068414.4	
sp|P25039|EFGM_YEAST	P25039	EFGM_YEAST	MEF1	761	Saccharomyces cerevisiae (strain ATCC 204508 / S288c)	1:Experimental evidence at protein level	Elongation factor G, mitochondrial	1.0	0.999	5	10	10	10	3	4	3	3	4	3	3	4	3	1.1762846E7	9693668.0	8054444.0	3999134.2	6483888.5	5298413.0	
sp|P25043|PSB2_YEAST	P25043	PSB2_YEAST	PUP1	261	Saccharomyces cerevisiae (strain ATCC 204508 / S288c)	1:Experimental evidence at protein level	Proteasome subunit beta type-2	1.0	0.999	2	10	10	10	3	3	4	3	3	4	3	3	4	3.2596362E7	3.2684536E7	3.273028E7	1.4244423E7	1.6845172E7	1.6680093E7	
sp|P25045|LCB1_YEAST	P25045	LCB1_YEAST	LCB1	558	Saccharomyces cerevisiae (strain ATCC 204508 / S288c)	1:Experimental evidence at protein level	Serine palmitoyltransferase 1	1.0	0.999	4	11	11	11	4	3	4	4	3	4	4	3	4	4.0831904E7	2.4046634E7	3.96111E7	1.3855652E7	1.3388106E7	1.3248939E7	
sp|P25087|ERG6_YEAST	P25087	ERG6_YEAST	ERG6	383	Saccharomyces cerevisiae (strain ATCC 204508 / S288c)	1:Experimental evidence at protein level	Sterol 24-C-methyltransferase ERG6	1.0	0.999	14	85	85	85	30	29	26	30	29	26	30	29	26	2.91505152E8	2.85557408E8	2.9038224E8	3.7611588E7	3.819032E7	3.7862404E7	
sp|P25293|NAP1_YEAST	P25293	NAP1_YEAST	NAP1	417	Saccharomyces cerevisiae (strain ATCC 204508 / S288c)	1:Experimental evidence at protein level	Nucleosome assembly protein	1.0	0.999	6	14	14	14	5	5	4	5	5	4	5	5	4	4.6592292E7	5.1890956E7	5.5601992E7	1.6506705E7	2.1889976E7	2.2705248E7	
sp|P25294|SIS1_YEAST	P25294	SIS1_YEAST	SIS1	352	Saccharomyces cerevisiae (strain ATCC 204508 / S288c)	1:Experimental evidence at protein level	Protein SIS1	1.0	0.999	10	56	56	56	19	18	19	19	18	19	19	18	19	1.48040416E8	1.73029168E8	1.83351808E8	3.6675492E7	4.1064752E7	4.125158E7	
sp|P25296|CANB_YEAST	P25296	CANB_YEAST	CNB1	175	Saccharomyces cerevisiae (strain ATCC 204508 / S288c)	1:Experimental evidence at protein level	Calcineurin subunit B	1.0	0.999	5	17	17	17	5	6	6	5	6	6	5	6	6	3.698258E7	4.0821608E7	4.8229092E7	1.1661729E7	1.3073903E7	1.3652975E7	
sp|P25303|SCJ1_YEAST	P25303	SCJ1_YEAST	SCJ1	377	Saccharomyces cerevisiae (strain ATCC 204508 / S288c)	1:Experimental evidence at protein level	DnaJ-related protein SCJ1	1.0	0.999	2	4	4	4	1	1	2	1	1	2	1	1	2	9262951.0	1.034716E7	8790352.0	6403864.0	6813909.0	6070830.0	
sp|P25332|RBSK_YEAST	P25332	RBSK_YEAST	RBK1	333	Saccharomyces cerevisiae (strain ATCC 204508 / S288c)	1:Experimental evidence at protein level	Ribokinase	1.0	0.999	3	5	5	5	3	1	1	3	1	1	3	1	1	1.2870678E7	1.0405151E7	1.2479834E7	5564395.0	3746458.8	4467904.5	
sp|P25340|ERG4_YEAST	P25340	ERG4_YEAST	ERG4	473	Saccharomyces cerevisiae (strain ATCC 204508 / S288c)	1:Experimental evidence at protein level	Delta(24(24(1)))-sterol reductase ERG4	1.0	0.999	5	24	24	24	8	8	8	8	8	8	8	8	8	3.845388E7	4.504938E7	2.862429E7	1.2125819E7	1.2754594E7	1.1175777E7	
sp|P25342|CDC10_YEAST	P25342	CDC10_YEAST	CDC10	322	Saccharomyces cerevisiae (strain ATCC 204508 / S288c)	1:Experimental evidence at protein level	Cell division control protein 10	1.0	0.999	6	13	13	13	4	5	4	4	5	4	4	5	4	2.991253E7	3.4129552E7	2.5850776E7	1.431086E7	1.3653972E7	1.382897E7	
sp|P25343|RV161_YEAST	P25343	RV161_YEAST	RVS161	265	Saccharomyces cerevisiae (strain ATCC 204508 / S288c)	1:Experimental evidence at protein level	Reduced viability upon starvation protein 161	1.0	0.999	11	43	43	43	16	14	13	16	14	13	16	14	13	1.32595904E8	1.34064552E8	1.17952392E8	2.9402038E7	2.9624806E7	2.9017502E7	
sp|P25349|YCP4_YEAST	P25349	YCP4_YEAST	YCP4	247	Saccharomyces cerevisiae (strain ATCC 204508 / S288c)	1:Experimental evidence at protein level	Flavoprotein-like protein YCP4	1.0	0.999	6	35	35	35	10	12	13	10	12	13	10	12	13	1.71610288E8	1.56078464E8	2.51879728E8	6.3757452E7	6.885168E7	7.1870488E7	
sp|P25358|ELO2_YEAST	P25358	ELO2_YEAST	ELO2	347	Saccharomyces cerevisiae (strain ATCC 204508 / S288c)	1:Experimental evidence at protein level	Elongation of fatty acids protein 2	0.9674	0.999	1	1	1	1	0	1	0	0	1	0	0	1	0	1.3094316E7	1.2668404E7	1.1920113E7	1.3094316E7	1.2668404E7	1.1920113E7	
sp|P25365|SED4_YEAST	P25365	SED4_YEAST	SED4	1065	Saccharomyces cerevisiae (strain ATCC 204508 / S288c)	1:Experimental evidence at protein level	Putative guanine nucleotide-exchange factor SED4	0.9289	0.9977	1	1	1	1	1	0	0	1	0	0	1	0	0	6203971.0	4405358.0	6280046.0	6203971.0	4405358.0	6280046.0	
sp|P25367|RNQ1_YEAST	P25367	RNQ1_YEAST	RNQ1	405	Saccharomyces cerevisiae (strain ATCC 204508 / S288c)	1:Experimental evidence at protein level	[PIN+] prion protein RNQ1	1.0	0.999	3	12	12	12	4	4	4	4	4	4	4	4	4	3.9614432E7	3.482348E7	3.4682912E7	2.1882552E7	1.5088358E7	1.4108995E7	
sp|P25368|RRP7_YEAST	P25368	RRP7_YEAST	RRP7	297	Saccharomyces cerevisiae (strain ATCC 204508 / S288c)	1:Experimental evidence at protein level	Ribosomal RNA-processing protein 7	1.0	0.9989	2	3	3	3	1	1	1	1	1	1	1	1	1	2271532.5	2536924.0	2180472.5	1295480.9	1519617.1	2180472.5	
sp|P25369|LSB5_YEAST	P25369	LSB5_YEAST	LSB5	354	Saccharomyces cerevisiae (strain ATCC 204508 / S288c)	1:Experimental evidence at protein level	LAS seventeen-binding protein 5	0.9674	0.999	1	2	2	2	0	1	1	0	1	1	0	1	1	3860172.2	5134295.0	5542498.0	3860172.2	5134295.0	5542498.0	
sp|P25371|ADP1_YEAST	P25371	ADP1_YEAST	ADP1	1049	Saccharomyces cerevisiae (strain ATCC 204508 / S288c)	1:Experimental evidence at protein level	Probable ATP-dependent permease	0.9674	0.999	1	4	4	4	2	1	1	2	1	1	2	1	1	1880869.8	2137762.2	2582934.8	1880869.8	2137762.2	2582934.8	
sp|P25372|TRX3_YEAST	P25372	TRX3_YEAST	TRX3	127	Saccharomyces cerevisiae (strain ATCC 204508 / S288c)	1:Experimental evidence at protein level	Thioredoxin-3, mitochondrial	0.9999	0.999	2	4	4	4	2	1	1	2	1	1	2	1	1	2.0342744E7	1.1584313E7	9707856.0	1.3233334E7	7535317.5	9707856.0	
sp|P25373|GLRX1_YEAST	P25373	GLRX1_YEAST	GRX1	110	Saccharomyces cerevisiae (strain ATCC 204508 / S288c)	1:Experimental evidence at protein level	Glutaredoxin-1	1.0	0.999	5	26	26	26	10	8	8	10	8	8	10	8	8	1.28189928E8	1.34228096E8	1.40054688E8	4.1853604E7	5.3598848E7	5.7020108E7	
sp|P25374|NFS1_YEAST	P25374	NFS1_YEAST	NFS1	497	Saccharomyces cerevisiae (strain ATCC 204508 / S288c)	1:Experimental evidence at protein level	Cysteine desulfurase, mitochondrial	1.0	0.999	3	5	5	5	2	1	2	2	1	2	2	1	2	1.8368324E7	1.0434999E7	1.5675804E7	1.220801E7	1.0434999E7	1.0421332E7	
sp|P25375|PRTD_YEAST	P25375	PRTD_YEAST	PRD1	712	Saccharomyces cerevisiae (strain ATCC 204508 / S288c)	1:Experimental evidence at protein level	Saccharolysin	1.0	0.999	10	32	32	32	11	12	9	11	12	9	11	12	9	7.1616784E7	7.971156E7	7.5238704E7	1.3505364E7	1.5567204E7	1.4743075E7	
sp|P25379|STDH_YEAST	P25379	STDH_YEAST	CHA1	360	Saccharomyces cerevisiae (strain ATCC 204508 / S288c)	1:Experimental evidence at protein level	Catabolic L-serine/threonine dehydratase	0.9667	0.999	1	1	1	1	0	0	1	0	0	1	0	0	1	1999041.4	0.0	1573489.2	1999041.4	0.0	1573489.2	
sp|P25386|USO1_YEAST	P25386	USO1_YEAST	USO1	1790	Saccharomyces cerevisiae (strain ATCC 204508 / S288c)	1:Experimental evidence at protein level	Intracellular protein transport protein USO1	1.0	0.999	2	5	5	5	1	2	2	1	2	2	1	2	2	9912896.0	9.8838672E7	1.05573888E8	5.6874744E7	3.97023E7	3.9799064E7	
sp|P25443|RS2_YEAST	P25443	RS2_YEAST	RPS2	254	Saccharomyces cerevisiae (strain ATCC 204508 / S288c)	1:Experimental evidence at protein level	40S ribosomal protein S2	1.0	0.999	12	170	170	170	49	56	65	49	56	65	49	56	65	1.10868506E9	1.26711706E9	1.38318605E9	2.36422512E8	2.744552E8	3.13809728E8	
sp|P25451|PSB3_YEAST	P25451	PSB3_YEAST	PUP3	205	Saccharomyces cerevisiae (strain ATCC 204508 / S288c)	1:Experimental evidence at protein level	Proteasome subunit beta type-3	1.0	0.999	4	13	13	13	4	5	4	4	5	4	4	5	4	5.0976712E7	5.5634768E7	5.6369532E7	1.9862918E7	2.4104626E7	2.5825536E7	
sp|P25491|MAS5_YEAST	P25491	MAS5_YEAST	YDJ1	409	Saccharomyces cerevisiae (strain ATCC 204508 / S288c)	1:Experimental evidence at protein level	Mitochondrial protein import protein MAS5	1.0	0.999	7	50	50	50	17	16	17	17	16	17	17	16	17	2.17929664E8	2.18100176E8	2.25025344E8	6.3993868E7	6.3243532E7	6.9941184E7	
sp|P25515|VATL1_YEAST	P25515	VATL1_YEAST	VMA3	160	Saccharomyces cerevisiae (strain ATCC 204508 / S288c)	1:Experimental evidence at protein level	V-type proton ATPase subunit c	0.9674	0.999	1	16	16	16	5	5	6	5	5	6	5	5	6	2913816.0	5666727.5	5281389.5	2913816.0	5666727.5	5281389.5	
sp|P25555|GBP2_YEAST	P25555	GBP2_YEAST	GBP2	427	Saccharomyces cerevisiae (strain ATCC 204508 / S288c)	1:Experimental evidence at protein level	Serine/arginine (SR)-type shuttling mRNA binding protein GBP2	0.9669	0.999	1	1	1	1	0	0	1	0	0	1	0	0	1	3259489.2	1998162.5	5617628.5	3259489.2	1998162.5	5617628.5	
sp|P25567|SRO9_YEAST	P25567	SRO9_YEAST	SRO9	434	Saccharomyces cerevisiae (strain ATCC 204508 / S288c)	1:Experimental evidence at protein level	RNA-binding protein SRO9	1.0	0.999	6	22	22	22	6	8	8	6	8	8	6	8	8	6.0314856E7	5.3890496E7	6.5013484E7	1.3670419E7	1.2501804E7	1.4315869E7	
sp|P25574|EMC1_YEAST	P25574	EMC1_YEAST	EMC1	760	Saccharomyces cerevisiae (strain ATCC 204508 / S288c)	1:Experimental evidence at protein level	ER membrane protein complex subunit 1	1.0	0.999	4	6	6	6	3	2	1	3	2	1	3	2	1	3.3773712E7	2.5733704E7	2.5359236E7	9830534.0	7809357.0	7880104.5	
sp|P25580|PBN1_YEAST	P25580	PBN1_YEAST	PBN1	416	Saccharomyces cerevisiae (strain ATCC 204508 / S288c)	1:Experimental evidence at protein level	Protein PBN1	0.9589	0.9987	1	2	2	2	1	1	0	1	1	0	1	1	0	6317222.0	3877935.5	3468830.2	6317222.0	3877935.5	3468830.2	
sp|P25582|SPB1_YEAST	P25582	SPB1_YEAST	SPB1	841	Saccharomyces cerevisiae (strain ATCC 204508 / S288c)	1:Experimental evidence at protein level	27S pre-rRNA (guanosine(2922)-2'-O)-methyltransferase	0.9997	0.998	2	3	3	3	1	2	0	1	2	0	1	2	0	4453810.5	5580859.0	4346232.0	2510148.0	3145140.8	2316921.5	
sp|P25605|ILV6_YEAST	P25605	ILV6_YEAST	ILV6	309	Saccharomyces cerevisiae (strain ATCC 204508 / S288c)	1:Experimental evidence at protein level	Acetolactate synthase small subunit, mitochondrial	1.0	0.999	3	10	10	10	4	3	3	4	3	3	4	3	3	3.1608808E7	3.2579344E7	3.3120206E7	1.3320357E7	1.2773581E7	1.3236822E7	
sp|P25608|YCZ2_YEAST	P25608	YCZ2_YEAST	YCR102C	368	Saccharomyces cerevisiae (strain ATCC 204508 / S288c)	3:Protein inferred from homology	Uncharacterized protein YCR102C	0.7173	0.9884	1	6	0	6	2	2	2	0	0	0	2	2	2	6830200.0	8805056.0	7736614.0	6830200.0	8805056.0	7736614.0	sp|P54007|YL460_YEAST
sp|P25617|YCQ6_YEAST	P25617	YCQ6_YEAST	YCR016W	290	Saccharomyces cerevisiae (strain ATCC 204508 / S288c)	1:Experimental evidence at protein level	Uncharacterized protein YCR016W	0.9659	0.999	1	3	3	3	1	1	1	1	1	1	1	1	1	991204.1	1094788.2	1645863.8	991204.1	1094788.2	1645863.8	
sp|P25619|HSP30_YEAST	P25619	HSP30_YEAST	HSP30	332	Saccharomyces cerevisiae (strain ATCC 204508 / S288c)	1:Experimental evidence at protein level	30 kDa heat shock protein	0.9674	0.999	1	2	2	2	0	1	1	0	1	1	0	1	1	2532147.5	5600400.5	6123033.0	2532147.5	5600400.5	6123033.0	
sp|P25623|SYP1_YEAST	P25623	SYP1_YEAST	SYP1	870	Saccharomyces cerevisiae (strain ATCC 204508 / S288c)	1:Experimental evidence at protein level	Suppressor of yeast profilin deletion	1.0	0.999	13	25	25	25	10	7	8	10	7	8	10	7	8	5.8188992E7	5.4136988E7	5.3900812E7	9687036.0	8399181.0	9113541.0	
sp|P25628|ARE1_YEAST	P25628	ARE1_YEAST	ARE1	610	Saccharomyces cerevisiae (strain ATCC 204508 / S288c)	1:Experimental evidence at protein level	Sterol O-acyltransferase 1	0.9665	0.999	1	1	1	1	0	0	1	0	0	1	0	0	1	1350929.0	1931882.0	2285649.5	1350929.0	1931882.0	2285649.5	
sp|P25644|PAT1_YEAST	P25644	PAT1_YEAST	PAT1	796	Saccharomyces cerevisiae (strain ATCC 204508 / S288c)	1:Experimental evidence at protein level	DNA topoisomerase 2-associated protein PAT1	1.0	0.999	5	9	9	9	4	3	2	4	3	2	4	3	2	2.5374764E7	2.3423796E7	2.3027958E7	6918091.0	6476752.5	6535620.5	
sp|P25654|YCY0_YEAST	P25654	YCY0_YEAST	YCR090C	182	Saccharomyces cerevisiae (strain ATCC 204508 / S288c)	1:Experimental evidence at protein level	UPF0587 protein YCR090C	0.9998	0.999	2	2	2	2	2	0	0	2	0	0	2	0	0	4923716.0	4930358.5	4297734.0	4923716.0	4930358.5	4297734.0	
sp|P25655|NOT1_YEAST	P25655	NOT1_YEAST	CDC39	2108	Saccharomyces cerevisiae (strain ATCC 204508 / S288c)	1:Experimental evidence at protein level	General negative regulator of transcription subunit 1	1.0	0.999	5	9	9	9	4	3	2	4	3	2	4	3	2	1.7592418E7	1.7271932E7	1.5255728E7	5217282.5	5960520.0	5677184.5	
sp|P25694|CDC48_YEAST	P25694	CDC48_YEAST	CDC48	835	Saccharomyces cerevisiae (strain ATCC 204508 / S288c)	1:Experimental evidence at protein level	Cell division control protein 48	1.0	0.999	37	309	309	309	92	106	111	92	106	111	92	106	111	1.35246374E9	1.40709504E9	1.4580992E9	1.2942412E8	1.3997856E8	1.37631216E8	
sp|P25719|CYPC_YEAST	P25719	CYPC_YEAST	CPR3	182	Saccharomyces cerevisiae (strain ATCC 204508 / S288c)	1:Experimental evidence at protein level	Peptidyl-prolyl cis-trans isomerase C, mitochondrial	1.0	0.999	7	27	27	32	6	11	10	6	11	10	8	12	12	1.13445824E8	1.21117E8	1.37112128E8	3.8789212E7	3.9646644E7	4.1100892E7	
sp|P26321|RL5_YEAST	P26321	RL5_YEAST	RPL5	297	Saccharomyces cerevisiae (strain ATCC 204508 / S288c)	1:Experimental evidence at protein level	60S ribosomal protein L5	1.0	0.999	11	160	160	160	51	53	56	51	53	56	51	53	56	1.50037389E9	1.69243955E9	1.82967398E9	4.57844E8	4.47298208E8	4.921096E8	
sp|P26570|PPZ1_YEAST	P26570	PPZ1_YEAST	PPZ1	692	Saccharomyces cerevisiae (strain ATCC 204508 / S288c)	1:Experimental evidence at protein level	Serine/threonine-protein phosphatase PP-Z1	1.0	0.999	3	3	0	12	2	0	1	0	0	0	5	3	4	6741290.5	5416761.0	6918676.5	3787204.0	3287390.0	4237109.5	sp|P33329|PPZ2_YEAST
sp|P26637|SYLC_YEAST	P26637	SYLC_YEAST	CDC60	1090	Saccharomyces cerevisiae (strain ATCC 204508 / S288c)	1:Experimental evidence at protein level	Leucine--tRNA ligase, cytoplasmic	1.0	0.999	32	186	180	186	60	62	64	58	60	62	60	62	64	6.1828301E8	6.3367008E8	6.5421856E8	4.0091796E7	4.4304448E7	4.64304E7	
sp|P26754|RFA2_YEAST	P26754	RFA2_YEAST	RFA2	273	Saccharomyces cerevisiae (strain ATCC 204508 / S288c)	1:Experimental evidence at protein level	Replication factor A protein 2	1.0	0.999	2	6	6	6	2	2	2	2	2	2	2	2	2	1.693212E7	1.546002E7	1.5321774E7	9447600.0	8910884.0	8840714.0	
sp|P26755|RFA3_YEAST	P26755	RFA3_YEAST	RFA3	122	Saccharomyces cerevisiae (strain ATCC 204508 / S288c)	1:Experimental evidence at protein level	Replication factor A protein 3	0.9674	0.999	1	1	1	1	0	1	0	0	1	0	0	1	0	1798148.8	3034815.0	2680422.5	1798148.8	3034815.0	2680422.5	
sp|P26783|RS5_YEAST	P26783	RS5_YEAST	RPS5	225	Saccharomyces cerevisiae (strain ATCC 204508 / S288c)	1:Experimental evidence at protein level	40S ribosomal protein S5	1.0	0.999	7	120	120	120	36	39	45	36	39	45	36	39	45	8.9081242E8	9.5210643E8	8.7784378E8	2.29038384E8	2.44764944E8	2.34519024E8	
sp|P26784|RL16A_YEAST	P26784	RL16A_YEAST	RPL16A	199	Saccharomyces cerevisiae (strain ATCC 204508 / S288c)	1:Experimental evidence at protein level	60S ribosomal protein L16-A	1.0	0.999	10	51	51	98	17	17	17	17	17	17	33	33	32	3.83600704E8	4.02826528E8	3.43569376E8	1.35343584E8	1.47402704E8	1.31388976E8	
sp|P26785|RL16B_YEAST	P26785	RL16B_YEAST	RPL16B	198	Saccharomyces cerevisiae (strain ATCC 204508 / S288c)	1:Experimental evidence at protein level	60S ribosomal protein L16-B	1.0	0.999	10	104	57	104	34	35	35	18	19	20	34	35	35	1.17626432E9	1.11733837E9	8.937897E8	3.2926416E8	3.30496608E8	3.46496352E8	
sp|P26786|RS7A_YEAST	P26786	RS7A_YEAST	RPS7A	190	Saccharomyces cerevisiae (strain ATCC 204508 / S288c)	1:Experimental evidence at protein level	40S ribosomal protein S7-A	1.0	0.999	8	33	33	99	12	10	11	12	10	11	31	32	36	2.43632896E8	2.27408736E8	2.38019472E8	1.37775968E8	1.209434E8	1.13074536E8	
sp|P27466|KCC1_YEAST	P27466	KCC1_YEAST	CMK1	446	Saccharomyces cerevisiae (strain ATCC 204508 / S288c)	1:Experimental evidence at protein level	Calcium/calmodulin-dependent protein kinase I	0.9995	0.9984	2	3	3	3	2	1	0	2	1	0	2	1	0	3792782.2	6146428.0	4831475.5	3184318.0	6146428.0	4831475.5	
sp|P27472|GYS2_YEAST	P27472	GYS2_YEAST	GSY2	705	Saccharomyces cerevisiae (strain ATCC 204508 / S288c)	1:Experimental evidence at protein level	Glycogen [starch] synthase isoform 2	1.0	0.999	15	60	41	60	20	20	20	14	14	13	20	20	20	1.41814192E8	1.57056272E8	1.45121792E8	2.113347E7	2.4039694E7	2.3345528E7	
sp|P27476|NSR1_YEAST	P27476	NSR1_YEAST	NSR1	414	Saccharomyces cerevisiae (strain ATCC 204508 / S288c)	1:Experimental evidence at protein level	Nuclear localization sequence-binding protein	1.0	0.999	11	44	44	44	13	17	14	13	17	14	13	17	14	1.47863328E8	1.40298256E8	1.38550352E8	4.0588744E7	3.60562E7	3.6468456E7	
sp|P27515|URK1_YEAST	P27515	URK1_YEAST	URK1	501	Saccharomyces cerevisiae (strain ATCC 204508 / S288c)	1:Experimental evidence at protein level	Uridine kinase	0.6077	0.9812	1	1	1	1	0	0	1	0	0	1	0	0	1	0.0	0.0	0.0	0.0	0.0	0.0	
sp|P27614|CBPS_YEAST	P27614	CBPS_YEAST	CPS1	576	Saccharomyces cerevisiae (strain ATCC 204508 / S288c)	1:Experimental evidence at protein level	Carboxypeptidase S	1.0	0.999	14	93	93	93	31	31	31	31	31	31	31	31	31	2.8204784E8	3.84411872E8	4.26369824E8	8.677288E7	1.03198232E8	1.13164664E8	
sp|P27616|PUR7_YEAST	P27616	PUR7_YEAST	ADE1	306	Saccharomyces cerevisiae (strain ATCC 204508 / S288c)	1:Experimental evidence at protein level	Phosphoribosylaminoimidazole-succinocarboxamide synthase	1.0	0.999	19	123	123	123	38	41	44	38	41	44	38	41	44	4.02748416E8	4.27880128E8	4.24734784E8	6.52524E7	6.3875868E7	6.3424688E7	
sp|P27692|SPT5_YEAST	P27692	SPT5_YEAST	SPT5	1063	Saccharomyces cerevisiae (strain ATCC 204508 / S288c)	1:Experimental evidence at protein level	Transcription elongation factor SPT5	1.0	0.999	13	27	27	27	10	9	8	10	9	8	10	9	8	6.8098632E7	8.1359872E7	7.4807544E7	1.0644307E7	1.1848136E7	1.1689403E7	
sp|P27809|KRE2_YEAST	P27809	KRE2_YEAST	KRE2	442	Saccharomyces cerevisiae (strain ATCC 204508 / S288c)	1:Experimental evidence at protein level	Glycolipid 2-alpha-mannosyltransferase	1.0	0.999	7	25	25	25	9	10	6	9	10	6	9	10	6	5.540232E7	5.7975688E7	4.2114916E7	1.736984E7	1.7613492E7	1.7730626E7	
sp|P27810|KTR1_YEAST	P27810	KTR1_YEAST	KTR1	393	Saccharomyces cerevisiae (strain ATCC 204508 / S288c)	1:Experimental evidence at protein level	Alpha-1,2 mannosyltransferase KTR1	1.0	0.999	7	24	24	24	8	7	9	8	7	9	8	7	9	5.8986164E7	6.2361132E7	7.6044864E7	2.2805076E7	2.2844182E7	2.7599256E7	
sp|P28000|RPAC2_YEAST	P28000	RPAC2_YEAST	RPC19	142	Saccharomyces cerevisiae (strain ATCC 204508 / S288c)	1:Experimental evidence at protein level	DNA-directed RNA polymerases I and III subunit RPAC2	1.0	0.999	4	17	17	17	6	6	5	6	6	5	6	6	5	1.4826208E7	2.2278318E7	2.2714982E7	5732381.5	8148137.0	8399895.0	
sp|P28007|GAR1_YEAST	P28007	GAR1_YEAST	GAR1	205	Saccharomyces cerevisiae (strain ATCC 204508 / S288c)	1:Experimental evidence at protein level	H/ACA ribonucleoprotein complex subunit GAR1	1.0	0.999	3	10	10	10	4	3	3	4	3	3	4	3	3	3.1178538E7	4.2615736E7	5.0456796E7	2.600977E7	3.4079656E7	3.1453962E7	
sp|P28241|IDH2_YEAST	P28241	IDH2_YEAST	IDH2	369	Saccharomyces cerevisiae (strain ATCC 204508 / S288c)	1:Experimental evidence at protein level	Isocitrate dehydrogenase [NAD] subunit 2, mitochondrial	1.0	0.999	11	129	129	129	42	40	47	42	40	47	42	40	47	7.3811629E8	7.9640506E8	8.8532096E8	1.86933408E8	2.25954768E8	2.43272016E8	
sp|P28272|PYRD_YEAST	P28272	PYRD_YEAST	URA1	314	Saccharomyces cerevisiae (strain ATCC 204508 / S288c)	1:Experimental evidence at protein level	Dihydroorotate dehydrogenase (fumarate)	1.0	0.999	9	88	88	88	33	27	28	33	27	28	33	27	28	3.891576E8	4.1583312E8	4.142464E8	7.523576E7	8.8884656E7	8.434132E7	
sp|P28273|OPLA_YEAST	P28273	OPLA_YEAST	OXP1	1286	Saccharomyces cerevisiae (strain ATCC 204508 / S288c)	1:Experimental evidence at protein level	5-oxoprolinase	0.9998	0.999	2	2	2	2	1	0	1	1	0	1	1	0	1	3247476.5	4707135.0	5046168.5	2130945.0	2951137.2	3131690.5	
sp|P28274|URA7_YEAST	P28274	URA7_YEAST	URA7	579	Saccharomyces cerevisiae (strain ATCC 204508 / S288c)	1:Experimental evidence at protein level	CTP synthase 1	1.0	0.999	15	48	42	48	17	16	15	15	14	13	17	16	15	1.17084024E8	1.30464968E8	1.2949452E8	1.6930826E7	1.6912926E7	1.6955654E7	
sp|P28321|MGLL_YEAST	P28321	MGLL_YEAST	YJU3	313	Saccharomyces cerevisiae (strain ATCC 204508 / S288c)	1:Experimental evidence at protein level	Monoglyceride lipase	1.0	0.999	4	12	12	12	6	3	3	6	3	3	6	3	3	3.8825472E7	3.794022E7	4.11863E7	1.4564156E7	1.2723905E7	1.4492311E7	
sp|P28495|CAPZA_YEAST	P28495	CAPZA_YEAST	CAP1	268	Saccharomyces cerevisiae (strain ATCC 204508 / S288c)	1:Experimental evidence at protein level	F-actin-capping protein subunit alpha	1.0	0.999	5	17	17	17	5	5	7	5	5	7	5	5	7	8.7640376E7	9.55588E7	9.3472928E7	4.4175084E7	3.2911614E7	3.912538E7	
sp|P28496|LAC1_YEAST	P28496	LAC1_YEAST	LAC1	418	Saccharomyces cerevisiae (strain ATCC 204508 / S288c)	1:Experimental evidence at protein level	Ceramide synthase LAC1	0.9674	0.999	1	3	3	3	1	1	1	1	1	1	1	1	1	1.0473057E7	1.0899421E7	9496351.0	1.0473057E7	1.0899421E7	9496351.0	
sp|P28625|YIM1_YEAST	P28625	YIM1_YEAST	YIM1	365	Saccharomyces cerevisiae (strain ATCC 204508 / S288c)	1:Experimental evidence at protein level	Protein YIM1	1.0	0.999	2	6	6	6	3	2	1	3	2	1	3	2	1	6482229.5	1.2450256E7	5835250.5	3431395.2	6306964.5	6146904.5	
sp|P28707|SBA1_YEAST	P28707	SBA1_YEAST	SBA1	216	Saccharomyces cerevisiae (strain ATCC 204508 / S288c)	1:Experimental evidence at protein level	Co-chaperone protein SBA1	1.0	0.999	5	60	60	60	22	20	18	22	20	18	22	20	18	2.3437208E8	2.26590096E8	2.219348E8	1.01859312E8	1.06524512E8	1.04874264E8	
sp|P28737|MSP1_YEAST	P28737	MSP1_YEAST	MSP1	362	Saccharomyces cerevisiae (strain ATCC 204508 / S288c)	1:Experimental evidence at protein level	Outer mitochondrial transmembrane helix translocase	0.9674	0.999	1	3	3	3	1	1	1	1	1	1	1	1	1	2542794.8	3636544.5	2693523.5	2542794.8	3636544.5	2693523.5	
sp|P28777|AROC_YEAST	P28777	AROC_YEAST	ARO2	376	Saccharomyces cerevisiae (strain ATCC 204508 / S288c)	1:Experimental evidence at protein level	Chorismate synthase	1.0	0.999	7	30	30	30	10	9	11	10	9	11	10	9	11	7.0844536E7	5.422256E7	6.2899236E7	1.5672432E7	1.5831813E7	1.41371E7	
sp|P28834|IDH1_YEAST	P28834	IDH1_YEAST	IDH1	360	Saccharomyces cerevisiae (strain ATCC 204508 / S288c)	1:Experimental evidence at protein level	Isocitrate dehydrogenase [NAD] subunit 1, mitochondrial	1.0	0.999	15	149	149	149	46	49	54	46	49	54	46	49	54	8.7862387E8	9.1400205E8	8.1833523E8	1.4450248E8	1.45367968E8	1.41930288E8	
sp|P29295|HRR25_YEAST	P29295	HRR25_YEAST	HRR25	494	Saccharomyces cerevisiae (strain ATCC 204508 / S288c)	1:Experimental evidence at protein level	Casein kinase I homolog HRR25	0.8185	0.9934	1	1	0	1	1	0	0	0	0	0	1	0	0	5554887.5	3877568.0	4507899.5	5554887.5	3877568.0	4507899.5	sp|P39962|KC13_YEAST
sp|P29311|BMH1_YEAST	P29311	BMH1_YEAST	BMH1	267	Saccharomyces cerevisiae (strain ATCC 204508 / S288c)	1:Experimental evidence at protein level	Protein BMH1	1.0	0.999	14	247	63	247	82	77	88	20	20	23	82	77	88	2.23696179E9	2.74153318E9	3.0147113E9	3.25737216E8	3.48752448E8	3.66247616E8	
sp|P29453|RL8B_YEAST	P29453	RL8B_YEAST	RPL8B	256	Saccharomyces cerevisiae (strain ATCC 204508 / S288c)	1:Experimental evidence at protein level	60S ribosomal protein L8-B	1.0	0.999	12	159	24	159	54	52	53	9	8	7	54	52	53	1.62441766E9	1.43738611E9	1.49603558E9	3.25491872E8	3.11815392E8	3.24890816E8	
sp|P29468|PAP_YEAST	P29468	PAP_YEAST	PAP1	568	Saccharomyces cerevisiae (strain ATCC 204508 / S288c)	1:Experimental evidence at protein level	Poly(A) polymerase	0.9586	0.9987	1	2	2	2	1	1	0	1	1	0	1	1	0	0.0	0.0	0.0	0.0	0.0	0.0	
sp|P29478|SEC65_YEAST	P29478	SEC65_YEAST	SEC65	273	Saccharomyces cerevisiae (strain ATCC 204508 / S288c)	1:Experimental evidence at protein level	Signal recognition particle subunit SEC65	0.9674	0.999	1	3	3	3	1	1	1	1	1	1	1	1	1	5007379.0	4583343.5	4322716.0	5007379.0	4583343.5	4322716.0	
sp|P29509|TRXB1_YEAST	P29509	TRXB1_YEAST	TRR1	319	Saccharomyces cerevisiae (strain ATCC 204508 / S288c)	1:Experimental evidence at protein level	Thioredoxin reductase 1	1.0	0.999	9	71	58	71	23	23	25	19	18	21	23	23	25	2.8939776E8	2.89188096E8	3.38744096E8	7.4765336E7	7.378236E7	8.8409912E7	
sp|P29547|EF1G1_YEAST	P29547	EF1G1_YEAST	CAM1	415	Saccharomyces cerevisiae (strain ATCC 204508 / S288c)	1:Experimental evidence at protein level	Elongation factor 1-gamma 1	1.0	0.999	16	122	122	137	39	43	40	39	43	40	44	48	45	3.32413056E8	3.69432736E8	3.95315808E8	6.0064032E7	6.6653656E7	7.2534344E7	
sp|P29704|ERG9_YEAST	P29704	ERG9_YEAST	ERG9	444	Saccharomyces cerevisiae (strain ATCC 204508 / S288c)	1:Experimental evidence at protein level	Squalene synthase ERG9	1.0	0.999	11	62	62	62	22	24	16	22	24	16	22	24	16	5.7001152E8	7.7774554E8	3.13079936E8	3.43753568E8	3.45047776E8	3.23894656E8	
sp|P29952|MPI_YEAST	P29952	MPI_YEAST	PMI40	429	Saccharomyces cerevisiae (strain ATCC 204508 / S288c)	1:Experimental evidence at protein level	Mannose-6-phosphate isomerase	1.0	0.999	11	33	33	33	11	11	11	11	11	11	11	11	11	1.47711104E8	1.34607232E8	1.15542448E8	3.241171E7	3.1533192E7	3.2356428E7	
sp|P30624|LCF1_YEAST	P30624	LCF1_YEAST	FAA1	700	Saccharomyces cerevisiae (strain ATCC 204508 / S288c)	1:Experimental evidence at protein level	Long-chain-fatty-acid--CoA ligase 1	1.0	0.999	21	94	89	94	33	28	33	31	27	31	33	28	33	3.06088096E8	3.22747264E8	3.31660256E8	5.3983232E7	5.0363048E7	4.8289432E7	
sp|P30656|PSB5_YEAST	P30656	PSB5_YEAST	PRE2	287	Saccharomyces cerevisiae (strain ATCC 204508 / S288c)	1:Experimental evidence at protein level	Proteasome subunit beta type-5	0.9674	0.999	1	3	3	3	1	1	1	1	1	1	1	1	1	1.9288024E7	1.3471878E7	1.331598E7	1.9288024E7	1.3471878E7	1.331598E7	
sp|P30657|PSB7_YEAST	P30657	PSB7_YEAST	PRE4	266	Saccharomyces cerevisiae (strain ATCC 204508 / S288c)	1:Experimental evidence at protein level	Proteasome subunit beta type-7	0.9999	0.999	2	11	11	11	3	4	4	3	4	4	3	4	4	2.7454888E7	2.7561912E7	2.499412E7	1.0328507E7	1.1382623E7	1.0910382E7	
sp|P30665|MCM4_YEAST	P30665	MCM4_YEAST	MCM4	933	Saccharomyces cerevisiae (strain ATCC 204508 / S288c)	1:Experimental evidence at protein level	DNA replication licensing factor MCM4	0.8648	0.9954	1	1	1	1	0	1	0	0	1	0	0	1	0	1915781.4	3709951.2	2664397.0	1915781.4	3709951.2	2664397.0	
sp|P30771|RENT1_YEAST	P30771	RENT1_YEAST	NAM7	971	Saccharomyces cerevisiae (strain ATCC 204508 / S288c)	1:Experimental evidence at protein level	ATP-dependent helicase NAM7	0.9674	0.999	1	1	1	1	0	0	1	0	0	1	0	0	1	4596138.5	5326433.0	4102207.0	4596138.5	5326433.0	4102207.0	
sp|P30822|XPO1_YEAST	P30822	XPO1_YEAST	CRM1	1084	Saccharomyces cerevisiae (strain ATCC 204508 / S288c)	1:Experimental evidence at protein level	Exportin-1	1.0	0.999	22	62	62	62	23	19	20	23	19	20	23	19	20	1.37349536E8	1.41382544E8	1.56036848E8	1.6852054E7	1.6839846E7	1.771195E7	
sp|P31109|SNC1_YEAST	P31109	SNC1_YEAST	SNC1	117	Saccharomyces cerevisiae (strain ATCC 204508 / S288c)	1:Experimental evidence at protein level	Synaptobrevin homolog 1	0.9946	0.999	2	3	3	5	1	1	1	1	1	1	2	2	1	1.2646006E7	1.378174E7	1.5747199E7	1.2646006E7	1.378174E7	1.5747199E7	
sp|P31116|DHOM_YEAST	P31116	DHOM_YEAST	HOM6	359	Saccharomyces cerevisiae (strain ATCC 204508 / S288c)	1:Experimental evidence at protein level	Homoserine dehydrogenase	1.0	0.999	15	148	148	148	51	47	50	51	47	50	51	47	50	7.8940115E8	7.880599E8	8.0598272E8	1.24574544E8	1.16949752E8	1.2687524E8	
sp|P31373|CYS3_YEAST	P31373	CYS3_YEAST	CYS3	394	Saccharomyces cerevisiae (strain ATCC 204508 / S288c)	1:Experimental evidence at protein level	Cystathionine gamma-lyase	1.0	0.999	10	118	118	118	37	39	42	37	39	42	37	39	42	5.8911334E8	6.2433261E8	7.2162771E8	1.1021876E8	1.2329008E8	1.39088E8	
sp|P31381|FUN26_YEAST	P31381	FUN26_YEAST	FUN26	517	Saccharomyces cerevisiae (strain ATCC 204508 / S288c)	1:Experimental evidence at protein level	Nucleoside transporter FUN26	0.9674	0.999	1	2	2	2	0	1	1	0	1	1	0	1	1	1342656.8	2446928.0	3553319.5	1342656.8	2446928.0	3553319.5	
sp|P31382|PMT2_YEAST	P31382	PMT2_YEAST	PMT2	759	Saccharomyces cerevisiae (strain ATCC 204508 / S288c)	1:Experimental evidence at protein level	Dolichyl-phosphate-mannose--protein mannosyltransferase 2	1.0	0.999	11	38	29	38	10	16	12	8	12	9	10	16	12	1.57037184E8	1.56404384E8	1.61158304E8	2.7443192E7	2.8180812E7	2.910648E7	
sp|P31383|2AAA_YEAST	P31383	2AAA_YEAST	TPD3	635	Saccharomyces cerevisiae (strain ATCC 204508 / S288c)	1:Experimental evidence at protein level	Protein phosphatase PP2A regulatory subunit A	1.0	0.999	9	28	28	28	8	11	9	8	11	9	8	11	9	6.519156E7	8.3344072E7	7.565184E7	1.737027E7	2.0777104E7	2.153714E7	
sp|P31384|CCR4_YEAST	P31384	CCR4_YEAST	CCR4	837	Saccharomyces cerevisiae (strain ATCC 204508 / S288c)	1:Experimental evidence at protein level	CCR4-Not complex 3'-5'-exoribonuclease subunit Ccr4	1.0	0.999	3	6	6	6	3	1	2	3	1	2	3	1	2	8009188.0	6283447.5	1.0020004E7	4003237.2	3950092.0	4482477.0	
sp|P31412|VATC_YEAST	P31412	VATC_YEAST	VMA5	392	Saccharomyces cerevisiae (strain ATCC 204508 / S288c)	1:Experimental evidence at protein level	V-type proton ATPase subunit C	1.0	0.999	12	40	40	40	13	13	14	13	13	14	13	13	14	1.49712256E8	1.41955408E8	1.62264976E8	4.2157364E7	3.8594856E7	4.1907744E7	
sp|P31539|HS104_YEAST	P31539	HS104_YEAST	HSP104	908	Saccharomyces cerevisiae (strain ATCC 204508 / S288c)	1:Experimental evidence at protein level	Heat shock protein 104	1.0	0.999	39	319	319	319	105	104	110	105	104	110	105	104	110	1.92689459E9	1.88974861E9	2.01809485E9	1.24030128E8	1.27801952E8	1.33698096E8	
sp|P31688|TPS2_YEAST	P31688	TPS2_YEAST	TPS2	896	Saccharomyces cerevisiae (strain ATCC 204508 / S288c)	1:Experimental evidence at protein level	Trehalose-phosphatase	1.0	0.999	23	87	87	87	29	33	25	29	33	25	29	33	25	2.63590032E8	2.36967776E8	2.41509456E8	2.7351698E7	2.4198684E7	2.4590512E7	
sp|P31755|OCH1_YEAST	P31755	OCH1_YEAST	OCH1	480	Saccharomyces cerevisiae (strain ATCC 204508 / S288c)	1:Experimental evidence at protein level	Initiation-specific alpha-1,6-mannosyltransferase	0.9185	0.9974	1	1	1	1	0	0	1	0	0	1	0	0	1	0.0	0.0	0.0	0.0	0.0	0.0	
sp|P31787|ACBP_YEAST	P31787	ACBP_YEAST	ACB1	87	Saccharomyces cerevisiae (strain ATCC 204508 / S288c)	1:Experimental evidence at protein level	Acyl-CoA-binding protein	1.0	0.999	8	67	67	67	24	21	22	24	21	22	24	21	22	4.92303552E8	4.67767456E8	6.8372467E8	1.93214976E8	1.486708E8	1.82461088E8	
sp|P32074|COPG_YEAST	P32074	COPG_YEAST	SEC21	935	Saccharomyces cerevisiae (strain ATCC 204508 / S288c)	1:Experimental evidence at protein level	Coatomer subunit gamma	1.0	0.999	24	82	82	82	27	27	28	27	27	28	27	27	28	3.24023168E8	3.03986848E8	3.2468992E8	7.475388E7	7.3971096E7	7.8371664E7	
sp|P32178|CHMU_YEAST	P32178	CHMU_YEAST	ARO7	256	Saccharomyces cerevisiae (strain ATCC 204508 / S288c)	1:Experimental evidence at protein level	Chorismate mutase	1.0	0.999	5	8	8	8	5	1	2	5	1	2	5	1	2	2.1001694E7	1.8019738E7	1.886682E7	8116641.5	6889074.5	6891149.0	
sp|P32179|MET22_YEAST	P32179	MET22_YEAST	MET22	357	Saccharomyces cerevisiae (strain ATCC 204508 / S288c)	1:Experimental evidence at protein level	3'(2'),5'-bisphosphate nucleotidase	1.0	0.999	3	10	10	10	4	3	3	4	3	3	4	3	3	2.0087636E7	2.260897E7	2.571012E7	5859931.0	7747133.5	8234565.5	
sp|P32191|GPDM_YEAST	P32191	GPDM_YEAST	GUT2	649	Saccharomyces cerevisiae (strain ATCC 204508 / S288c)	1:Experimental evidence at protein level	Glycerol-3-phosphate dehydrogenase, mitochondrial	1.0	0.999	4	12	12	12	4	4	4	4	4	4	4	4	4	1.0319468E7	7288379.5	1.6224224E7	5423758.5	6095779.5	9095354.0	
sp|P32263|P5CR_YEAST	P32263	P5CR_YEAST	PRO3	286	Saccharomyces cerevisiae (strain ATCC 204508 / S288c)	1:Experimental evidence at protein level	Pyrroline-5-carboxylate reductase	1.0	0.999	10	54	54	54	13	22	19	13	22	19	13	22	19	2.06865232E8	1.91808464E8	2.00188672E8	4.3995212E7	4.341828E7	4.5445976E7	
sp|P32264|PROB_YEAST	P32264	PROB_YEAST	PRO1	428	Saccharomyces cerevisiae (strain ATCC 204508 / S288c)	1:Experimental evidence at protein level	Glutamate 5-kinase	0.999	0.999	2	5	3	5	2	1	2	1	1	1	2	1	2	9569176.0	5407510.0	8561445.0	5298217.0	5922520.5	4371692.0	
sp|P32266|MGM1_YEAST	P32266	MGM1_YEAST	MGM1	881	Saccharomyces cerevisiae (strain ATCC 204508 / S288c)	1:Experimental evidence at protein level	Dynamin-like GTPase MGM1, mitochondrial	0.9995	0.999	2	2	2	2	1	1	0	1	1	0	1	1	0	0.0	1229047.0	0.0	0.0	0.0	0.0	
sp|P32288|GLNA_YEAST	P32288	GLNA_YEAST	GLN1	370	Saccharomyces cerevisiae (strain ATCC 204508 / S288c)	1:Experimental evidence at protein level	Glutamine synthetase	1.0	0.999	10	87	87	87	26	31	30	26	31	30	26	31	30	5.0436464E8	4.84086112E8	4.7808016E8	1.01109896E8	1.04486392E8	1.04924768E8	
sp|P32319|VPS10_YEAST	P32319	VPS10_YEAST	PEP1	1579	Saccharomyces cerevisiae (strain ATCC 204508 / S288c)	1:Experimental evidence at protein level	Vacuolar protein sorting/targeting protein VPS10	1.0	0.999	16	38	32	38	16	10	12	13	9	10	16	10	12	7.9895216E7	7.2215208E7	7.0701056E7	1.1365666E7	1.0656274E7	1.0691766E7	
sp|P32324|EF2_YEAST	P32324	EF2_YEAST	EFT1	842	Saccharomyces cerevisiae (strain ATCC 204508 / S288c)	1:Experimental evidence at protein level	Elongation factor 2	1.0	0.999	35	633	633	633	210	202	221	210	202	221	210	202	221	5.9744061E9	6.2830141E9	6.4520504E9	7.1872352E8	7.0198406E8	7.3511379E8	
sp|P32327|PYC2_YEAST	P32327	PYC2_YEAST	PYC2	1180	Saccharomyces cerevisiae (strain ATCC 204508 / S288c)	1:Experimental evidence at protein level	Pyruvate carboxylase 2	1.0	0.999	33	185	48	185	61	62	62	17	16	15	61	62	62	5.8324384E8	5.8212902E8	6.1920384E8	4.673322E7	4.641958E7	4.6980636E7	
sp|P32329|YPS1_YEAST	P32329	YPS1_YEAST	YPS1	569	Saccharomyces cerevisiae (strain ATCC 204508 / S288c)	1:Experimental evidence at protein level	Aspartic proteinase 3	0.9674	0.999	1	6	6	6	2	2	2	2	2	2	2	2	2	2.1077702E7	2.3977786E7	2.4369086E7	2.1077702E7	2.3977786E7	2.4369086E7	
sp|P32337|IMB3_YEAST	P32337	IMB3_YEAST	PSE1	1089	Saccharomyces cerevisiae (strain ATCC 204508 / S288c)	1:Experimental evidence at protein level	Importin subunit beta-3	1.0	0.999	7	12	12	12	5	4	3	5	4	3	5	4	3	2.9624576E7	1.86024512E8	2.1051672E7	2.1434976E7	1.7471804E7	1.9137588E7	
sp|P32340|NDI1_YEAST	P32340	NDI1_YEAST	NDI1	513	Saccharomyces cerevisiae (strain ATCC 204508 / S288c)	1:Experimental evidence at protein level	Rotenone-insensitive NADH-ubiquinone oxidoreductase, mitochondrial	0.9999	0.999	2	4	4	4	0	1	3	0	1	3	0	1	3	3364805.0	6213318.0	6007285.5	3364805.0	6213318.0	6007285.5	
sp|P32347|DCUP_YEAST	P32347	DCUP_YEAST	HEM12	362	Saccharomyces cerevisiae (strain ATCC 204508 / S288c)	1:Experimental evidence at protein level	Uroporphyrinogen decarboxylase	1.0	0.999	3	6	6	6	2	3	1	2	3	1	2	3	1	2.514623E7	1.6766452E7	1.2933408E7	9390633.0	7009966.0	4995715.0	
sp|P32352|ERG2_YEAST	P32352	ERG2_YEAST	ERG2	222	Saccharomyces cerevisiae (strain ATCC 204508 / S288c)	1:Experimental evidence at protein level	C-8 sterol isomerase ERG2	1.0	0.999	4	18	18	18	5	6	7	5	6	7	5	6	7	7.4168192E7	7.476072E7	8.6024104E7	3.3032948E7	2.7873686E7	3.2525822E7	
sp|P32353|ERG3_YEAST	P32353	ERG3_YEAST	ERG3	365	Saccharomyces cerevisiae (strain ATCC 204508 / S288c)	1:Experimental evidence at protein level	Delta(7)-sterol 5(6)-desaturase ERG3	1.0	0.999	3	6	6	6	2	3	1	2	3	1	2	3	1	8381630.0	8754964.0	8492408.0	2999302.5	3575195.0	3367406.2	
sp|P32356|TREA_YEAST	P32356	TREA_YEAST	NTH1	751	Saccharomyces cerevisiae (strain ATCC 204508 / S288c)	1:Experimental evidence at protein level	Cytosolic neutral trehalase	1.0	0.999	16	38	37	38	13	11	14	12	11	14	13	11	14	1.19826784E8	1.13481448E8	1.21957512E8	1.4750695E7	1.3317876E7	1.3931087E7	
sp|P32366|VA0D_YEAST	P32366	VA0D_YEAST	VMA6	345	Saccharomyces cerevisiae (strain ATCC 204508 / S288c)	1:Experimental evidence at protein level	V-type proton ATPase subunit d	1.0	0.999	4	25	25	25	10	8	7	10	8	7	10	8	7	6.3291752E7	5.0805312E7	6.7285952E7	2.7479546E7	2.5731062E7	2.8365244E7	
sp|P32368|SAC1_YEAST	P32368	SAC1_YEAST	SAC1	623	Saccharomyces cerevisiae (strain ATCC 204508 / S288c)	1:Experimental evidence at protein level	Phosphatidylinositol-3-phosphatase SAC1	1.0	0.999	12	47	47	47	16	17	14	16	17	14	16	17	14	1.34310416E8	1.52521888E8	1.48595936E8	3.0758952E7	3.2515792E7	3.0076652E7	
sp|P32377|MVD1_YEAST	P32377	MVD1_YEAST	MVD1	396	Saccharomyces cerevisiae (strain ATCC 204508 / S288c)	1:Experimental evidence at protein level	Diphosphomevalonate decarboxylase	1.0	0.999	6	28	28	28	9	9	10	9	9	10	9	9	10	6.3998568E7	7.3324064E7	8.0957E7	2.0164136E7	2.43762E7	2.7026666E7	
sp|P32379|PSA5_YEAST	P32379	PSA5_YEAST	PUP2	260	Saccharomyces cerevisiae (strain ATCC 204508 / S288c)	1:Experimental evidence at protein level	Proteasome subunit alpha type-5	1.0	0.999	6	23	23	23	7	11	5	7	11	5	7	11	5	1.29155856E8	9.4034952E7	1.20826824E8	3.4122768E7	3.172583E7	3.2732758E7	
sp|P32381|ARP2_YEAST	P32381	ARP2_YEAST	ARP2	391	Saccharomyces cerevisiae (strain ATCC 204508 / S288c)	1:Experimental evidence at protein level	Actin-related protein 2	1.0	0.999	12	50	50	50	17	15	18	17	15	18	17	15	18	1.634292E8	1.56648592E8	1.53021984E8	3.0399136E7	2.7815718E7	2.6808918E7	
sp|P32386|YBT1_YEAST	P32386	YBT1_YEAST	YBT1	1661	Saccharomyces cerevisiae (strain ATCC 204508 / S288c)	1:Experimental evidence at protein level	ATP-dependent bile acid permease	1.0	0.999	9	21	21	21	7	7	7	7	7	7	7	7	7	5.0068344E7	4.6757144E7	4.784636E7	1.5017726E7	1.238836E7	1.3031789E7	
sp|P32419|MDHP_YEAST	P32419	MDHP_YEAST	MDH3	343	Saccharomyces cerevisiae (strain ATCC 204508 / S288c)	1:Experimental evidence at protein level	Malate dehydrogenase, peroxisomal	1.0	0.999	5	13	13	13	4	5	4	4	5	4	4	5	4	3.5525632E7	6.6274696E7	2.9528596E7	2.2122882E7	1.7294524E7	1.6263777E7	
sp|P32445|RIM1_YEAST	P32445	RIM1_YEAST	RIM1	135	Saccharomyces cerevisiae (strain ATCC 204508 / S288c)	1:Experimental evidence at protein level	Single-stranded DNA-binding protein RIM1, mitochondrial	1.0	0.999	4	12	12	12	3	5	4	3	5	4	3	5	4	3.1905084E7	5.658264E7	5.2586876E7	1.6666844E7	1.9155904E7	1.7630438E7	
sp|P32447|ASF1_YEAST	P32447	ASF1_YEAST	ASF1	279	Saccharomyces cerevisiae (strain ATCC 204508 / S288c)	1:Experimental evidence at protein level	Histone chaperone ASF1	0.9999	0.9987	2	2	2	2	1	1	0	1	1	0	1	1	0	4182471.5	7269468.0	5271915.0	4767085.5	3864526.5	2602416.2	
sp|P32449|AROG_YEAST	P32449	AROG_YEAST	ARO4	370	Saccharomyces cerevisiae (strain ATCC 204508 / S288c)	1:Experimental evidence at protein level	Phospho-2-dehydro-3-deoxyheptonate aldolase, tyrosine-inhibited	1.0	0.999	8	26	26	34	8	8	10	8	8	10	10	11	13	9.5986184E7	1.05766528E8	1.05754896E8	3.6041008E7	3.2013912E7	3.3457304E7	
sp|P32453|ATP11_YEAST	P32453	ATP11_YEAST	ATP11	318	Saccharomyces cerevisiae (strain ATCC 204508 / S288c)	1:Experimental evidence at protein level	Protein ATP11, mitochondrial	1.0	0.999	3	6	6	6	2	2	2	2	2	2	2	2	2	1.098082E7	1.1484286E7	1.3990023E7	3964721.8	6946467.5	6373044.5	
sp|P32454|APE2_YEAST	P32454	APE2_YEAST	APE2	952	Saccharomyces cerevisiae (strain ATCC 204508 / S288c)	1:Experimental evidence at protein level	Aminopeptidase 2, mitochondrial	1.0	0.999	29	128	115	128	43	44	41	38	40	37	43	44	41	4.01607232E8	4.381624E8	4.21622816E8	3.4449632E7	3.5559928E7	3.5853108E7	
sp|P32457|CDC3_YEAST	P32457	CDC3_YEAST	CDC3	520	Saccharomyces cerevisiae (strain ATCC 204508 / S288c)	1:Experimental evidence at protein level	Cell division control protein 3	1.0	0.999	9	24	24	24	7	8	9	7	8	9	7	8	9	7.2181936E7	6.1030732E7	7.9947856E7	1.4547915E7	1.5260814E7	1.7614022E7	
sp|P32458|CDC11_YEAST	P32458	CDC11_YEAST	CDC11	415	Saccharomyces cerevisiae (strain ATCC 204508 / S288c)	1:Experimental evidence at protein level	Cell division control protein 11	1.0	0.999	5	9	9	9	4	3	2	4	3	2	4	3	2	6.7131392E7	1.762922E7	1.9961664E7	1.2362315E7	1.5112807E7	1.5312267E7	
sp|P32462|ERG24_YEAST	P32462	ERG24_YEAST	ERG24	438	Saccharomyces cerevisiae (strain ATCC 204508 / S288c)	1:Experimental evidence at protein level	Delta(14)-sterol reductase ERG24	0.9999	0.998	2	6	6	6	2	2	2	2	2	2	2	2	2	1.5648816E7	1.3262395E7	1.4478018E7	9381329.0	8073112.0	8521268.0	
sp|P32463|ACPM_YEAST	P32463	ACPM_YEAST	ACP1	125	Saccharomyces cerevisiae (strain ATCC 204508 / S288c)	1:Experimental evidence at protein level	Acyl carrier protein, mitochondrial	1.0	0.999	2	21	21	21	7	7	7	7	7	7	7	7	7	7.2083624E7	6.5291076E7	5.9185368E7	3.6682712E7	3.1777156E7	3.0652578E7	
sp|P32466|HXT3_YEAST	P32466	HXT3_YEAST	HXT3	567	Saccharomyces cerevisiae (strain ATCC 204508 / S288c)	1:Experimental evidence at protein level	Low-affinity glucose transporter HXT3	1.0	0.999	8	24	24	46	6	9	9	6	9	9	12	16	18	9.1271536E7	9.0441704E7	8.8828208E7	3.0330474E7	2.837972E7	3.025832E7	
sp|P32467|HXT4_YEAST	P32467	HXT4_YEAST	HXT4	576	Saccharomyces cerevisiae (strain ATCC 204508 / S288c)	1:Experimental evidence at protein level	Low-affinity glucose transporter HXT4	0.9777	0.9958	3	3	3	17	1	1	1	1	1	1	5	5	7	3366787.8	3921273.0	2498140.0	3366787.8	3921273.0	2498140.0	
sp|P32468|CDC12_YEAST	P32468	CDC12_YEAST	CDC12	407	Saccharomyces cerevisiae (strain ATCC 204508 / S288c)	1:Experimental evidence at protein level	Cell division control protein 12	1.0	0.999	11	33	33	33	12	12	9	12	12	9	12	12	9	7.7318944E7	8.4062048E7	9.8199424E7	1.5432693E7	1.6399228E7	1.7266752E7	
sp|P32469|DPH5_YEAST	P32469	DPH5_YEAST	DPH5	300	Saccharomyces cerevisiae (strain ATCC 204508 / S288c)	1:Experimental evidence at protein level	Diphthine methyl ester synthase	1.0	0.999	4	22	22	22	6	8	8	6	8	8	6	8	8	3.1503558E7	3.525892E7	3.0214252E7	1.3584719E7	1.2930329E7	1.2895754E7	
sp|P32471|EF1B_YEAST	P32471	EF1B_YEAST	EFB1	206	Saccharomyces cerevisiae (strain ATCC 204508 / S288c)	1:Experimental evidence at protein level	Elongation factor 1-beta	1.0	0.999	6	72	72	72	26	23	23	26	23	23	26	23	23	1.11889869E9	1.27287002E9	1.63246464E9	4.17516256E8	5.4628883E8	6.3642355E8	
sp|P32472|FKBP2_YEAST	P32472	FKBP2_YEAST	FPR2	135	Saccharomyces cerevisiae (strain ATCC 204508 / S288c)	1:Experimental evidence at protein level	Peptidyl-prolyl cis-trans isomerase FPR2	1.0	0.999	3	9	9	9	4	2	3	4	2	3	4	2	3	2.8378052E7	2.0133194E7	2.0983026E7	1.8337576E7	1.264153E7	1.5463396E7	
sp|P32473|ODPB_YEAST	P32473	ODPB_YEAST	PDB1	366	Saccharomyces cerevisiae (strain ATCC 204508 / S288c)	1:Experimental evidence at protein level	Pyruvate dehydrogenase E1 component subunit beta, mitochondrial	1.0	0.999	7	40	40	40	14	14	12	14	14	12	14	14	12	1.66737664E8	1.40658512E8	1.25540912E8	3.8309512E7	3.4311648E7	3.2904906E7	
sp|P32474|EUG1_YEAST	P32474	EUG1_YEAST	EUG1	517	Saccharomyces cerevisiae (strain ATCC 204508 / S288c)	1:Experimental evidence at protein level	Protein disulfide-isomerase EUG1	0.9674	0.999	1	3	3	3	1	1	1	1	1	1	1	1	1	2421836.2	3293316.2	5985759.0	2421836.2	3293316.2	5985759.0	
sp|P32476|ERG1_YEAST	P32476	ERG1_YEAST	ERG1	496	Saccharomyces cerevisiae (strain ATCC 204508 / S288c)	1:Experimental evidence at protein level	Squalene epoxidase ERG1	1.0	0.999	9	27	27	27	9	10	8	9	10	8	9	10	8	8.1682288E7	7.8421416E7	8.8769824E7	1.4746276E7	1.4308761E7	1.5762012E7	
sp|P32477|GSH1_YEAST	P32477	GSH1_YEAST	GSH1	678	Saccharomyces cerevisiae (strain ATCC 204508 / S288c)	1:Experimental evidence at protein level	Glutamate--cysteine ligase	1.0	0.999	2	5	5	5	1	2	2	1	2	2	1	2	2	7479563.0	8584666.0	9396630.0	4849692.5	5321112.0	5540165.0	
sp|P32478|HS150_YEAST	P32478	HS150_YEAST	HSP150	413	Saccharomyces cerevisiae (strain ATCC 204508 / S288c)	1:Experimental evidence at protein level	Cell wall mannoprotein HSP150	0.9592	0.9987	1	6	0	6	2	2	2	0	0	0	2	2	2	1.1085073E7	2.083643E7	1.6585966E7	7423544.0	1.4213921E7	1.0768363E7	sp|P46999|PIR5_YEAST, sp|P47001|CIS3_YEAST, sp|Q03178|PIR1_YEAST, sp|Q03180|PIR3_YEAST
sp|P32481|IF2G_YEAST	P32481	IF2G_YEAST	GCD11	527	Saccharomyces cerevisiae (strain ATCC 204508 / S288c)	1:Experimental evidence at protein level	Eukaryotic translation initiation factor 2 subunit gamma	1.0	0.999	17	82	82	82	24	31	27	24	31	27	24	31	27	2.78936256E8	2.48276288E8	3.6443152E8	5.3480184E7	4.904164E7	5.2448432E7	
sp|P32485|HOG1_YEAST	P32485	HOG1_YEAST	HOG1	435	Saccharomyces cerevisiae (strain ATCC 204508 / S288c)	1:Experimental evidence at protein level	Mitogen-activated protein kinase HOG1	1.0	0.999	8	26	21	26	8	9	9	7	7	7	8	9	9	7.2400928E7	7.2672224E7	8.5009976E7	1.7289194E7	1.8477984E7	2.1449842E7	
sp|P32486|KRE6_YEAST	P32486	KRE6_YEAST	KRE6	720	Saccharomyces cerevisiae (strain ATCC 204508 / S288c)	1:Experimental evidence at protein level	Beta-glucan synthesis-associated protein KRE6	0.9674	0.999	1	3	3	3	1	1	1	1	1	1	1	1	1	3712855.0	4713981.0	4336811.5	3712855.0	4713981.0	4336811.5	
sp|P32495|NHP2_YEAST	P32495	NHP2_YEAST	NHP2	156	Saccharomyces cerevisiae (strain ATCC 204508 / S288c)	1:Experimental evidence at protein level	H/ACA ribonucleoprotein complex subunit NHP2	1.0	0.999	3	11	11	11	3	4	4	3	4	4	3	4	4	1.5304195E7	2.0624888E7	1.4068379E7	8184750.0	7350106.5	7500200.5	
sp|P32496|RPN12_YEAST	P32496	RPN12_YEAST	RPN12	274	Saccharomyces cerevisiae (strain ATCC 204508 / S288c)	1:Experimental evidence at protein level	26S proteasome regulatory subunit RPN12	1.0	0.999	7	17	17	17	6	5	6	6	5	6	6	5	6	3.494488E8	3.3005072E8	3.481336E8	2.73266624E8	3.06404736E8	3.03915904E8	
sp|P32497|EIF3C_YEAST	P32497	EIF3C_YEAST	NIP1	812	Saccharomyces cerevisiae (strain ATCC 204508 / S288c)	1:Experimental evidence at protein level	Eukaryotic translation initiation factor 3 subunit C	1.0	0.999	14	52	52	52	15	19	18	15	19	18	15	19	18	1.87623248E8	1.75546464E8	1.7194192E8	3.0741804E7	2.8163212E7	2.8980872E7	
sp|P32499|NUP2_YEAST	P32499	NUP2_YEAST	NUP2	720	Saccharomyces cerevisiae (strain ATCC 204508 / S288c)	1:Experimental evidence at protein level	Nucleoporin NUP2	1.0	0.999	11	32	32	32	12	10	10	12	10	10	12	10	10	5.4163784E7	6.3095576E7	5.850434E7	1.5921762E7	1.5879827E7	1.8225056E7	
sp|P32500|NDC1_YEAST	P32500	NDC1_YEAST	NDC1	655	Saccharomyces cerevisiae (strain ATCC 204508 / S288c)	1:Experimental evidence at protein level	Nucleoporin NDC1	0.9625	0.9988	1	1	1	1	0	0	1	0	0	1	0	0	1	5572551.5	3578750.5	5907201.0	5572551.5	3578750.5	5907201.0	
sp|P32501|EI2BE_YEAST	P32501	EI2BE_YEAST	GCD6	712	Saccharomyces cerevisiae (strain ATCC 204508 / S288c)	1:Experimental evidence at protein level	Translation initiation factor eIF-2B subunit epsilon	1.0	0.999	8	16	16	16	7	5	4	7	5	4	7	5	4	4.7519736E7	6.431304E7	3.6997316E7	2.3980514E7	2.7391312E7	2.5451672E7	
sp|P32502|EI2BB_YEAST	P32502	EI2BB_YEAST	GCD7	381	Saccharomyces cerevisiae (strain ATCC 204508 / S288c)	1:Experimental evidence at protein level	Translation initiation factor eIF-2B subunit beta	0.9674	0.999	1	1	1	1	0	0	1	0	0	1	0	0	1	2077100.2	1697613.0	2077640.0	2077100.2	1697613.0	2077640.0	
sp|P32505|NAB2_YEAST	P32505	NAB2_YEAST	NAB2	525	Saccharomyces cerevisiae (strain ATCC 204508 / S288c)	1:Experimental evidence at protein level	Nuclear polyadenylated RNA-binding protein NAB2	1.0	0.999	3	10	10	10	4	3	3	4	3	3	4	3	3	1.8382598E7	1.7062348E7	1.4990135E7	1.2749371E7	1.1459321E7	9735230.0	
sp|P32521|PAN1_YEAST	P32521	PAN1_YEAST	PAN1	1480	Saccharomyces cerevisiae (strain ATCC 204508 / S288c)	1:Experimental evidence at protein level	Actin cytoskeleton-regulatory complex protein PAN1	1.0	0.999	6	15	15	15	5	5	5	5	5	5	5	5	5	4.2132716E7	4.0760856E7	4.1450544E7	1.0227502E7	9913258.0	9491389.0	
sp|P32527|ZUO1_YEAST	P32527	ZUO1_YEAST	ZUO1	433	Saccharomyces cerevisiae (strain ATCC 204508 / S288c)	1:Experimental evidence at protein level	Zuotin	1.0	0.999	14	71	71	71	23	26	22	23	26	22	23	26	22	2.97344064E8	2.75588032E8	2.87757376E8	5.9066104E7	5.8627164E7	6.296888E7	
sp|P32528|DUR1_YEAST	P32528	DUR1_YEAST	DUR1,2	1835	Saccharomyces cerevisiae (strain ATCC 204508 / S288c)	1:Experimental evidence at protein level	Urea amidolyase	1.0	0.999	4	6	6	6	2	2	2	2	2	2	2	2	2	7752537.0	7431548.0	1.2068317E7	3386930.0	3275930.0	4523086.5	
sp|P32558|SPT16_YEAST	P32558	SPT16_YEAST	SPT16	1035	Saccharomyces cerevisiae (strain ATCC 204508 / S288c)	1:Experimental evidence at protein level	FACT complex subunit SPT16	1.0	0.999	24	71	71	71	25	22	24	25	22	24	25	22	24	2.32274672E8	2.14663376E8	2.19747184E8	2.8968626E7	2.6788632E7	2.7603932E7	
sp|P32563|VPP1_YEAST	P32563	VPP1_YEAST	VPH1	840	Saccharomyces cerevisiae (strain ATCC 204508 / S288c)	1:Experimental evidence at protein level	V-type proton ATPase subunit a, vacuolar isoform	1.0	0.999	19	103	103	103	34	35	34	34	35	34	34	35	34	2.33472848E8	2.46616592E8	3.03049664E8	2.9447666E7	3.5569408E7	4.053402E7	
sp|P32565|RPN2_YEAST	P32565	RPN2_YEAST	RPN2	945	Saccharomyces cerevisiae (strain ATCC 204508 / S288c)	1:Experimental evidence at protein level	26S proteasome regulatory subunit RPN2	1.0	0.999	22	74	69	74	23	29	22	22	27	20	23	29	22	2.21584608E8	2.1010792E8	2.21821696E8	2.1859798E7	2.054607E7	2.1309386E7	
sp|P32566|SMI1_YEAST	P32566	SMI1_YEAST	SMI1	505	Saccharomyces cerevisiae (strain ATCC 204508 / S288c)	1:Experimental evidence at protein level	Cell wall assembly regulator SMI1	1.0	0.999	2	3	3	3	2	0	1	2	0	1	2	0	1	1.4820089E7	1.426498E7	6616349.5	9025566.0	7679664.5	7397908.5	
sp|P32582|CBS_YEAST	P32582	CBS_YEAST	CYS4	507	Saccharomyces cerevisiae (strain ATCC 204508 / S288c)	1:Experimental evidence at protein level	Cystathionine beta-synthase	1.0	0.999	22	174	174	174	58	59	57	58	59	57	58	59	57	7.2994285E8	7.1120448E8	8.190487E8	1.128284E8	9.6705056E7	1.13796096E8	
sp|P32583|SRP40_YEAST	P32583	SRP40_YEAST	SRP40	406	Saccharomyces cerevisiae (strain ATCC 204508 / S288c)	1:Experimental evidence at protein level	Suppressor protein SRP40	0.9657	0.9989	1	1	1	1	1	0	0	1	0	0	1	0	0	1.4191576E7	1.8187684E7	1.9793344E7	1.4191576E7	1.8187684E7	1.9793344E7	
sp|P32588|PUB1_YEAST	P32588	PUB1_YEAST	PUB1	453	Saccharomyces cerevisiae (strain ATCC 204508 / S288c)	1:Experimental evidence at protein level	Nuclear and cytoplasmic polyadenylated RNA-binding protein PUB1	1.0	0.999	6	28	28	28	9	9	10	9	9	10	9	9	10	1.418592E8	1.43324112E8	1.54449104E8	4.7579336E7	4.665272E7	5.121968E7	
sp|P32589|HSP7F_YEAST	P32589	HSP7F_YEAST	SSE1	693	Saccharomyces cerevisiae (strain ATCC 204508 / S288c)	1:Experimental evidence at protein level	Heat shock protein homolog SSE1	1.0	0.999	31	319	246	319	100	111	108	76	85	85	100	111	108	1.92888666E9	1.85594291E9	1.819504E9	1.92990656E8	1.83032096E8	1.8866624E8	
sp|P32590|HSP79_YEAST	P32590	HSP79_YEAST	SSE2	693	Saccharomyces cerevisiae (strain ATCC 204508 / S288c)	1:Experimental evidence at protein level	Heat shock protein homolog SSE2	1.0	0.999	13	11	11	84	3	5	3	3	5	3	27	31	26	3.3387566E7	4.7945808E7	2.6811876E7	1.1371438E7	1.3417781E7	1.0948661E7	
sp|P32591|SWI3_YEAST	P32591	SWI3_YEAST	SWI3	825	Saccharomyces cerevisiae (strain ATCC 204508 / S288c)	1:Experimental evidence at protein level	SWI/SNF complex subunit SWI3	0.9665	0.999	1	1	1	1	0	0	1	0	0	1	0	0	1	2506900.8	3177442.0	3222380.0	2506900.8	3177442.0	3222380.0	
sp|P32597|STH1_YEAST	P32597	STH1_YEAST	STH1	1359	Saccharomyces cerevisiae (strain ATCC 204508 / S288c)	1:Experimental evidence at protein level	Nuclear protein STH1/NPS1	0.9976	0.999	3	6	6	6	3	2	1	3	2	1	3	2	1	5913328.5	1869133.1	1871571.1	1580471.4	3215003.5	3219197.0	
sp|P32598|PP12_YEAST	P32598	PP12_YEAST	GLC7	312	Saccharomyces cerevisiae (strain ATCC 204508 / S288c)	1:Experimental evidence at protein level	Serine/threonine-protein phosphatase PP1-2	1.0	0.999	7	37	28	37	12	13	12	9	10	9	12	13	12	8.044948E7	9.1705424E7	9.713288E7	1.6986272E7	2.1862856E7	2.2546846E7	
sp|P32599|FIMB_YEAST	P32599	FIMB_YEAST	SAC6	642	Saccharomyces cerevisiae (strain ATCC 204508 / S288c)	1:Experimental evidence at protein level	Fimbrin	1.0	0.999	16	106	106	106	37	35	34	37	35	34	37	35	34	4.53558624E8	4.1155728E8	4.47756512E8	7.832088E7	7.4410088E7	7.9975584E7	
sp|P32602|SEC17_YEAST	P32602	SEC17_YEAST	SEC17	292	Saccharomyces cerevisiae (strain ATCC 204508 / S288c)	1:Experimental evidence at protein level	Alpha-soluble NSF attachment protein	1.0	0.999	7	22	22	22	6	8	8	6	8	8	6	8	8	7.3461872E7	7.5969624E7	8.7271288E7	2.4445748E7	2.3980956E7	2.585857E7	
sp|P32604|F26_YEAST	P32604	F26_YEAST	FBP26	452	Saccharomyces cerevisiae (strain ATCC 204508 / S288c)	1:Experimental evidence at protein level	Fructose-2,6-bisphosphatase	0.9674	0.999	1	3	3	3	1	1	1	1	1	1	1	1	1	3812846.5	4006319.0	4821139.5	3812846.5	4006319.0	4821139.5	
sp|P32608|RTG2_YEAST	P32608	RTG2_YEAST	RTG2	588	Saccharomyces cerevisiae (strain ATCC 204508 / S288c)	1:Experimental evidence at protein level	Retrograde regulation protein 2	0.9999	0.9972	3	5	5	5	1	3	1	1	3	1	1	3	1	1.0752874E7	1.0447598E7	9920697.0	5036177.0	4677020.5	4474525.5	
sp|P32610|VATD_YEAST	P32610	VATD_YEAST	VMA8	256	Saccharomyces cerevisiae (strain ATCC 204508 / S288c)	1:Experimental evidence at protein level	V-type proton ATPase subunit D	1.0	0.999	5	17	17	17	7	6	4	7	6	4	7	6	4	7.473536E7	4.5730088E7	7.5270432E7	2.1059492E7	2.134342E7	2.9120092E7	
sp|P32614|FRDS_YEAST	P32614	FRDS_YEAST	FRD1	470	Saccharomyces cerevisiae (strain ATCC 204508 / S288c)	1:Experimental evidence at protein level	Fumarate reductase 1	1.0	0.999	17	98	98	98	32	35	31	32	35	31	32	35	31	3.06366848E8	3.21771328E8	3.17262752E8	3.832468E7	3.8228816E7	4.2105076E7	
sp|P32621|GDA1_YEAST	P32621	GDA1_YEAST	GDA1	518	Saccharomyces cerevisiae (strain ATCC 204508 / S288c)	1:Experimental evidence at protein level	Guanosine-diphosphatase	0.999	0.999	2	5	5	5	2	1	2	2	1	2	2	1	2	6877793.0	4790940.0	4522921.5	3133547.8	5518406.0	5209690.5	
sp|P32623|CRH2_YEAST	P32623	CRH2_YEAST	UTR2	467	Saccharomyces cerevisiae (strain ATCC 204508 / S288c)	1:Experimental evidence at protein level	Probable glycosidase CRH2	1.0	0.999	2	5	5	5	1	2	2	1	2	2	1	2	2	1.9599802E7	2.3190874E7	1.8344222E7	1.1151451E7	1.3902347E7	1.0840727E7	
sp|P32626|ENOPH_YEAST	P32626	ENOPH_YEAST	UTR4	227	Saccharomyces cerevisiae (strain ATCC 204508 / S288c)	1:Experimental evidence at protein level	Enolase-phosphatase E1	1.0	0.999	4	10	10	10	4	3	3	4	3	3	4	3	3	2.426992E7	2.1308352E7	2.5898494E7	9290528.0	8140078.5	9516638.0	
sp|P32628|RAD23_YEAST	P32628	RAD23_YEAST	RAD23	398	Saccharomyces cerevisiae (strain ATCC 204508 / S288c)	1:Experimental evidence at protein level	UV excision repair protein RAD23	1.0	0.999	5	20	20	20	6	7	7	6	7	7	6	7	7	5.5407916E7	6.060606E7	6.5741516E7	1.8919046E7	1.9367278E7	1.939181E7	
sp|P32642|GLRX4_YEAST	P32642	GLRX4_YEAST	GRX4	244	Saccharomyces cerevisiae (strain ATCC 204508 / S288c)	1:Experimental evidence at protein level	Monothiol glutaredoxin-4	0.9674	0.999	1	5	0	5	2	2	1	0	0	0	2	2	1	5374464.0	9010464.0	1.2979788E7	5374464.0	9010464.0	1.2979788E7	sp|Q03835|GLRX3_YEAST
sp|P32643|TMT1_YEAST	P32643	TMT1_YEAST	TMT1	299	Saccharomyces cerevisiae (strain ATCC 204508 / S288c)	1:Experimental evidence at protein level	Trans-aconitate 3-methyltransferase	0.999	0.999	2	3	3	3	1	2	0	1	2	0	1	2	0	722671.75	5318875.0	3584111.5	722671.75	3427174.8	3584111.5	
sp|P32644|ECM32_YEAST	P32644	ECM32_YEAST	ECM32	1121	Saccharomyces cerevisiae (strain ATCC 204508 / S288c)	1:Experimental evidence at protein level	Putative ATP-dependent RNA helicase ECM32	0.663	0.9851	1	2	2	2	1	1	0	1	1	0	1	1	0	856849.1	1177681.0	1296496.9	856849.1	1177681.0	1296496.9	
sp|P32767|KA122_YEAST	P32767	KA122_YEAST	KAP122	1081	Saccharomyces cerevisiae (strain ATCC 204508 / S288c)	1:Experimental evidence at protein level	Importin beta-like protein KAP122	0.967	0.999	1	3	3	3	1	1	1	1	1	1	1	1	1	9660252.0	6110703.5	4566827.0	9660252.0	6110703.5	4566827.0	
sp|P32769|HBS1_YEAST	P32769	HBS1_YEAST	HBS1	611	Saccharomyces cerevisiae (strain ATCC 204508 / S288c)	1:Experimental evidence at protein level	Elongation factor 1 alpha-like protein	0.9945	0.999	2	2	2	5	1	0	1	1	0	1	2	1	2	4753645.0	3175277.5	4282303.5	4753645.0	3175277.5	4282303.5	
sp|P32771|FADH_YEAST	P32771	FADH_YEAST	SFA1	386	Saccharomyces cerevisiae (strain ATCC 204508 / S288c)	1:Experimental evidence at protein level	S-(hydroxymethyl)glutathione dehydrogenase	1.0	0.999	9	31	31	31	9	11	11	9	11	11	9	11	11	7.2349792E7	9.064128E7	7.0577192E7	1.6000275E7	1.3783549E7	1.4761466E7	
sp|P32774|T2AG_YEAST	P32774	T2AG_YEAST	TOA2	122	Saccharomyces cerevisiae (strain ATCC 204508 / S288c)	1:Experimental evidence at protein level	Transcription initiation factor IIA subunit 2	0.9991	0.999	3	5	5	5	2	1	2	2	1	2	2	1	2	7571808.5	5759594.5	3946484.5	3569156.0	6345524.5	4347965.0	
sp|P32775|GLGB_YEAST	P32775	GLGB_YEAST	GLC3	704	Saccharomyces cerevisiae (strain ATCC 204508 / S288c)	1:Experimental evidence at protein level	1,4-alpha-glucan-branching enzyme	1.0	0.999	12	38	38	38	14	13	11	14	13	11	14	13	11	7.2089888E7	7.015316E7	6.0525084E7	1.2072939E7	1.2819638E7	1.1620565E7	
sp|P32787|MG101_YEAST	P32787	MG101_YEAST	MGM101	269	Saccharomyces cerevisiae (strain ATCC 204508 / S288c)	1:Experimental evidence at protein level	Mitochondrial genome maintenance protein MGM101	1.0	0.999	3	3	3	3	2	1	0	2	1	0	2	1	0	1635182.4	2875841.8	4536121.5	1635182.4	2875841.8	4536121.5	
sp|P32790|SLA1_YEAST	P32790	SLA1_YEAST	SLA1	1244	Saccharomyces cerevisiae (strain ATCC 204508 / S288c)	1:Experimental evidence at protein level	Actin cytoskeleton-regulatory complex protein SLA1	1.0	0.999	14	31	31	31	13	7	11	13	7	11	13	7	11	8.2262128E7	6.1303016E7	8.3700968E7	9801488.0	9835139.0	1.05794E7	
sp|P32793|YSC84_YEAST	P32793	YSC84_YEAST	YSC84	468	Saccharomyces cerevisiae (strain ATCC 204508 / S288c)	1:Experimental evidence at protein level	Protein YSC84	1.0	0.999	7	4	4	24	2	2	0	2	2	0	9	9	6	7957255.5	8397554.0	7475044.0	4379740.5	4743914.0	4183680.5	
sp|P32794|AFG2_YEAST	P32794	AFG2_YEAST	AFG2	780	Saccharomyces cerevisiae (strain ATCC 204508 / S288c)	1:Experimental evidence at protein level	ATPase family gene 2 protein	0.9973	0.999	2	2	2	2	2	0	0	2	0	0	2	0	0	3190057.5	1292748.2	2909908.2	2030054.2	1292748.2	1870569.9	
sp|P32795|YME1_YEAST	P32795	YME1_YEAST	YME1	747	Saccharomyces cerevisiae (strain ATCC 204508 / S288c)	1:Experimental evidence at protein level	Mitochondrial inner membrane i-AAA protease supercomplex subunit YME1	0.9672	0.999	1	1	1	1	0	0	1	0	0	1	0	0	1	0.0	2824999.8	3660260.8	0.0	2824999.8	3660260.8	
sp|P32796|CACP_YEAST	P32796	CACP_YEAST	CAT2	670	Saccharomyces cerevisiae (strain ATCC 204508 / S288c)	1:Experimental evidence at protein level	Carnitine O-acetyltransferase, mitochondrial	0.9998	0.9987	2	2	2	2	2	0	0	2	0	0	2	0	0	2272784.0	2717719.8	2182317.5	2272784.0	2717719.8	2182317.5	
sp|P32798|COT1_YEAST	P32798	COT1_YEAST	COT1	439	Saccharomyces cerevisiae (strain ATCC 204508 / S288c)	1:Experimental evidence at protein level	Vacuolar zinc transporter COT1	1.0	0.999	3	10	10	10	4	3	3	4	3	3	4	3	3	4.1920248E7	3.9049112E7	4.80898E7	2.6459214E7	2.1535148E7	2.6730792E7	
sp|P32802|TMN1_YEAST	P32802	TMN1_YEAST	EMP70	667	Saccharomyces cerevisiae (strain ATCC 204508 / S288c)	1:Experimental evidence at protein level	Transmembrane 9 superfamily member 1	1.0	0.999	3	8	5	8	3	2	3	2	1	2	3	2	3	1.9874686E7	1.8985808E7	2.5003114E7	1.1668353E7	1.1574818E7	1.6163566E7	
sp|P32803|EMP24_YEAST	P32803	EMP24_YEAST	EMP24	203	Saccharomyces cerevisiae (strain ATCC 204508 / S288c)	1:Experimental evidence at protein level	Endosomal protein P24B	1.0	0.999	4	22	22	22	7	8	7	7	8	7	7	8	7	6.548106E7	4.714232E7	5.0414812E7	2.4462556E7	1.8839144E7	2.056669E7	
sp|P32806|GYP6_YEAST	P32806	GYP6_YEAST	GYP6	458	Saccharomyces cerevisiae (strain ATCC 204508 / S288c)	1:Experimental evidence at protein level	GTPase-activating protein GYP6	0.9674	0.999	1	2	2	2	1	0	1	1	0	1	1	0	1	873431.4	1299770.0	1777731.9	873431.4	1299770.0	1777731.9	
sp|P32831|NGR1_YEAST	P32831	NGR1_YEAST	NGR1	672	Saccharomyces cerevisiae (strain ATCC 204508 / S288c)	1:Experimental evidence at protein level	Negative growth regulatory protein NGR1	1.0	0.999	2	3	3	3	1	0	2	1	0	2	1	0	2	7228741.0	2801476.5	7865560.0	4216463.5	2801476.5	4413760.0	
sp|P32832|RSC7_YEAST	P32832	RSC7_YEAST	NPL6	435	Saccharomyces cerevisiae (strain ATCC 204508 / S288c)	1:Experimental evidence at protein level	Chromatin structure-remodeling complex subunit RSC7	0.9985	0.999	2	2	2	2	2	0	0	2	0	0	2	0	0	8090740.0	3544487.2	2950331.5	3956026.2	3692500.5	3073533.8	
sp|P32835|GSP1_YEAST	P32835	GSP1_YEAST	GSP1	219	Saccharomyces cerevisiae (strain ATCC 204508 / S288c)	1:Experimental evidence at protein level	GTP-binding nuclear protein GSP1/CNR1	1.0	0.999	9	129	4	129	42	42	45	2	1	1	42	42	45	6.8501306E8	6.8578259E8	6.5802195E8	1.313392E8	1.31652552E8	1.33189664E8	
sp|P32842|VATL2_YEAST	P32842	VATL2_YEAST	VMA11	164	Saccharomyces cerevisiae (strain ATCC 204508 / S288c)	1:Experimental evidence at protein level	V-type proton ATPase subunit c'	0.9663	0.999	1	9	9	9	2	3	4	2	3	4	2	3	4	1479404.0	2666606.0	2634982.5	1479404.0	2666606.0	2634982.5	
sp|P32843|YME2_YEAST	P32843	YME2_YEAST	YME2	850	Saccharomyces cerevisiae (strain ATCC 204508 / S288c)	1:Experimental evidence at protein level	Mitochondrial escape protein 2	0.9987	0.999	2	2	2	2	1	1	0	1	1	0	1	1	0	1076723.2	1874569.1	1777731.9	1076723.2	1874569.1	1777731.9	
sp|P32857|PTM1_YEAST	P32857	PTM1_YEAST	PTM1	523	Saccharomyces cerevisiae (strain ATCC 204508 / S288c)	1:Experimental evidence at protein level	Membrane protein PTM1	1.0	0.999	4	13	13	13	5	5	3	5	5	3	5	5	3	1.8668778E7	2.1081554E7	2.1534652E7	6662030.0	7539152.0	7806901.0	
sp|P32860|NFU1_YEAST	P32860	NFU1_YEAST	NFU1	256	Saccharomyces cerevisiae (strain ATCC 204508 / S288c)	1:Experimental evidence at protein level	NifU-like protein, mitochondrial	0.9999	0.999	2	5	5	5	2	2	1	2	2	1	2	2	1	5207013.0	7397131.5	7182344.0	3115522.0	4383534.5	4283868.0	
sp|P32861|UGPA1_YEAST	P32861	UGPA1_YEAST	UGP1	499	Saccharomyces cerevisiae (strain ATCC 204508 / S288c)	1:Experimental evidence at protein level	UTP--glucose-1-phosphate uridylyltransferase	1.0	0.999	14	81	81	81	27	29	25	27	29	25	27	29	25	3.48857312E8	3.23093824E8	2.99369248E8	5.86442E7	5.4901836E7	5.5335116E7	
sp|P32864|RAEP_YEAST	P32864	RAEP_YEAST	MRS6	603	Saccharomyces cerevisiae (strain ATCC 204508 / S288c)	1:Experimental evidence at protein level	Rab proteins geranylgeranyltransferase component A	1.0	0.999	2	4	4	4	2	1	1	2	1	1	2	1	1	8725905.0	3671143.0	7493674.0	5195955.5	3671143.0	4431681.5	
sp|P32867|SSO1_YEAST	P32867	SSO1_YEAST	SSO1	290	Saccharomyces cerevisiae (strain ATCC 204508 / S288c)	1:Experimental evidence at protein level	Protein SSO1	1.0	0.999	3	5	5	6	3	1	1	3	1	1	3	1	2	2.2832432E7	2.2410898E7	1.8701916E7	1.1664864E7	1.0797539E7	9804312.0	
sp|P32891|DLD1_YEAST	P32891	DLD1_YEAST	DLD1	587	Saccharomyces cerevisiae (strain ATCC 204508 / S288c)	1:Experimental evidence at protein level	D-lactate dehydrogenase [cytochrome] 1, mitochondrial	1.0	0.999	9	19	19	19	5	8	6	5	8	6	5	8	6	5.8236896E7	6.0986884E7	6.7218856E7	1.4127812E7	1.4464808E7	1.6704292E7	
sp|P32892|DRS1_YEAST	P32892	DRS1_YEAST	DRS1	752	Saccharomyces cerevisiae (strain ATCC 204508 / S288c)	1:Experimental evidence at protein level	ATP-dependent RNA helicase DRS1	0.9999	0.999	2	4	4	4	2	0	2	2	0	2	2	0	2	2500916.5	2403557.5	3107501.0	2500916.5	2403557.5	3107501.0	
sp|P32895|KPR1_YEAST	P32895	KPR1_YEAST	PRS1	427	Saccharomyces cerevisiae (strain ATCC 204508 / S288c)	1:Experimental evidence at protein level	Ribose-phosphate pyrophosphokinase 1	0.9674	0.999	1	2	2	2	1	0	1	1	0	1	1	0	1	5941874.0	6659222.5	7523009.0	5941874.0	6659222.5	7523009.0	
sp|P32897|TIM23_YEAST	P32897	TIM23_YEAST	TIM23	222	Saccharomyces cerevisiae (strain ATCC 204508 / S288c)	1:Experimental evidence at protein level	Mitochondrial import inner membrane translocase subunit TIM23	1.0	0.999	2	6	6	6	2	2	2	2	2	2	2	2	2	2.4090176E7	3.4477344E7	3.4035616E7	1.4385523E7	2.1171456E7	2.0887756E7	
sp|P32899|IMP3_YEAST	P32899	IMP3_YEAST	IMP3	183	Saccharomyces cerevisiae (strain ATCC 204508 / S288c)	1:Experimental evidence at protein level	U3 small nucleolar ribonucleoprotein protein IMP3	0.8687	0.9955	1	1	1	1	1	0	0	1	0	0	1	0	0	3562548.0	1575476.2	1962736.6	3562548.0	1575476.2	1962736.6	
sp|P32901|PTR2_YEAST	P32901	PTR2_YEAST	PTR2	601	Saccharomyces cerevisiae (strain ATCC 204508 / S288c)	1:Experimental evidence at protein level	Peptide transporter PTR2	0.8965	0.9966	1	2	2	2	1	1	0	1	1	0	1	1	0	3503166.2	2447526.5	2846913.8	3503166.2	2447526.5	2846913.8	
sp|P32905|RSSA1_YEAST	P32905	RSSA1_YEAST	RPS0A	252	Saccharomyces cerevisiae (strain ATCC 204508 / S288c)	1:Experimental evidence at protein level	40S ribosomal protein S0-A	1.0	0.999	9	14	14	154	5	4	5	5	4	5	53	52	49	8.3969928E7	1.62710304E8	1.87583728E8	5.907062E7	1.1174996E8	1.35503488E8	
sp|P32911|SUI1_YEAST	P32911	SUI1_YEAST	SUI1	108	Saccharomyces cerevisiae (strain ATCC 204508 / S288c)	1:Experimental evidence at protein level	Eukaryotic translation initiation factor eIF-1	0.9672	0.999	1	3	3	3	1	1	1	1	1	1	1	1	1	9024925.0	6045116.0	6051603.0	9024925.0	6045116.0	6051603.0	
sp|P32913|VPS17_YEAST	P32913	VPS17_YEAST	VPS17	551	Saccharomyces cerevisiae (strain ATCC 204508 / S288c)	1:Experimental evidence at protein level	Vacuolar protein sorting-associated protein 17	0.9643	0.9989	1	1	1	1	1	0	0	1	0	0	1	0	0	3303656.2	3635864.8	2663750.0	3303656.2	3635864.8	2663750.0	
sp|P32915|SC61A_YEAST	P32915	SC61A_YEAST	SEC61	480	Saccharomyces cerevisiae (strain ATCC 204508 / S288c)	1:Experimental evidence at protein level	Protein transport protein SEC61	1.0	0.999	7	18	18	18	7	6	5	7	6	5	7	6	5	1.0464964E8	9.67544E7	9.50516E7	2.60043E7	2.2928232E7	2.3968748E7	
sp|P32916|SRPR_YEAST	P32916	SRPR_YEAST	SRP101	621	Saccharomyces cerevisiae (strain ATCC 204508 / S288c)	1:Experimental evidence at protein level	Signal recognition particle receptor subunit alpha homolog	0.9993	0.9968	2	2	2	2	1	0	1	1	0	1	1	0	1	1.0175282E7	0.0	4668861.5	4918665.0	0.0	6063766.5	
sp|P32939|YPT7_YEAST	P32939	YPT7_YEAST	YPT7	208	Saccharomyces cerevisiae (strain ATCC 204508 / S288c)	1:Experimental evidence at protein level	Ypt/Rab-type GTPase YPT7	1.0	0.999	6	16	16	16	4	5	7	4	5	7	4	5	7	3.7251296E7	4.8592212E7	5.1536572E7	1.8554366E7	1.850401E7	2.2063792E7	
sp|P33201|MRT4_YEAST	P33201	MRT4_YEAST	MRT4	236	Saccharomyces cerevisiae (strain ATCC 204508 / S288c)	1:Experimental evidence at protein level	Ribosome assembly factor MRT4	1.0	0.999	5	17	17	17	6	5	6	6	5	6	6	5	6	5.7663036E7	6.20544E7	4.100526E7	2.3905644E7	2.3676306E7	1.8226788E7	
sp|P33202|UFD4_YEAST	P33202	UFD4_YEAST	UFD4	1483	Saccharomyces cerevisiae (strain ATCC 204508 / S288c)	1:Experimental evidence at protein level	Ubiquitin fusion degradation protein 4	0.9996	0.9976	3	6	6	6	3	1	2	3	1	2	3	1	2	1.3774098E7	7042526.0	2.0135796E7	6173403.5	7468145.5	9059491.0	
sp|P33204|ARPC4_YEAST	P33204	ARPC4_YEAST	ARC19	171	Saccharomyces cerevisiae (strain ATCC 204508 / S288c)	1:Experimental evidence at protein level	Actin-related protein 2/3 complex subunit 4	1.0	0.999	3	13	13	13	5	4	4	5	4	4	5	4	4	2.99285E7	3.9602632E7	3.0084908E7	1.4933593E7	1.9526324E7	1.5958543E7	
sp|P33297|PRS6A_YEAST	P33297	PRS6A_YEAST	RPT5	434	Saccharomyces cerevisiae (strain ATCC 204508 / S288c)	1:Experimental evidence at protein level	26S proteasome regulatory subunit 6A	1.0	0.999	8	32	32	32	11	10	11	11	10	11	11	10	11	9.107764E7	9.4687448E7	1.16149328E8	2.4427532E7	2.474872E7	2.6673724E7	
sp|P33298|PRS6B_YEAST	P33298	PRS6B_YEAST	RPT3	428	Saccharomyces cerevisiae (strain ATCC 204508 / S288c)	1:Experimental evidence at protein level	26S proteasome regulatory subunit 6B homolog	1.0	0.999	8	31	31	39	12	10	9	12	10	9	15	12	12	9.642964E7	8.0879336E7	8.7998144E7	2.1666812E7	1.7028668E7	1.992239E7	
sp|P33299|PRS7_YEAST	P33299	PRS7_YEAST	RPT1	467	Saccharomyces cerevisiae (strain ATCC 204508 / S288c)	1:Experimental evidence at protein level	26S proteasome regulatory subunit 7 homolog	1.0	0.999	16	39	39	39	13	13	13	13	13	13	13	13	13	1.1959628E8	1.08169336E8	1.18575432E8	1.3877797E7	1.6115786E7	1.6543782E7	
sp|P33302|PDR5_YEAST	P33302	PDR5_YEAST	PDR5	1511	Saccharomyces cerevisiae (strain ATCC 204508 / S288c)	1:Experimental evidence at protein level	Pleiotropic ABC efflux transporter of multiple drugs	1.0	0.999	22	71	34	71	21	26	24	11	12	11	21	26	24	3.28537696E8	3.52750976E8	3.75546656E8	7.886376E7	7.6941624E7	8.3087592E7	
sp|P33307|CSE1_YEAST	P33307	CSE1_YEAST	CSE1	960	Saccharomyces cerevisiae (strain ATCC 204508 / S288c)	1:Experimental evidence at protein level	Importin alpha re-exporter	1.0	0.999	5	6	6	6	3	1	2	3	1	2	3	1	2	9010980.0	9754216.0	1.1099226E7	4405061.0	4331075.5	4084754.5	
sp|P33309|DOM34_YEAST	P33309	DOM34_YEAST	DOM34	386	Saccharomyces cerevisiae (strain ATCC 204508 / S288c)	1:Experimental evidence at protein level	Protein DOM34	0.9382	0.998	1	2	2	2	1	1	0	1	1	0	1	1	0	5079703.5	5345149.5	4608855.0	5079703.5	5345149.5	4608855.0	
sp|P33310|MDL1_YEAST	P33310	MDL1_YEAST	MDL1	695	Saccharomyces cerevisiae (strain ATCC 204508 / S288c)	1:Experimental evidence at protein level	ATP-dependent permease MDL1, mitochondrial	0.8349	0.9942	1	2	0	2	0	1	1	0	0	0	0	1	1	0.0	5317113.0	4442793.5	0.0	5317113.0	4442793.5	sp|P33311|MDL2_YEAST
sp|P33313|CNS1_YEAST	P33313	CNS1_YEAST	CNS1	385	Saccharomyces cerevisiae (strain ATCC 204508 / S288c)	1:Experimental evidence at protein level	Hsp70/Hsp90 co-chaperone CNS1	0.8961	0.9966	1	1	1	1	0	0	1	0	0	1	0	0	1	2014521.0	1587587.1	1609083.0	2014521.0	1587587.1	1609083.0	
sp|P33317|DUT_YEAST	P33317	DUT_YEAST	DUT1	147	Saccharomyces cerevisiae (strain ATCC 204508 / S288c)	1:Experimental evidence at protein level	Deoxyuridine 5'-triphosphate nucleotidohydrolase	1.0	0.999	2	5	5	5	2	2	1	2	2	1	2	2	1	9679632.0	1.0152521E7	8591202.0	6413350.5	6493247.0	5076382.0	
sp|P33322|CBF5_YEAST	P33322	CBF5_YEAST	CBF5	483	Saccharomyces cerevisiae (strain ATCC 204508 / S288c)	1:Experimental evidence at protein level	H/ACA ribonucleoprotein complex subunit CBF5	1.0	0.999	12	38	38	38	13	12	13	13	12	13	13	12	13	1.07624376E8	1.17384864E8	1.417388E8	2.2872858E7	2.4408746E7	2.4021474E7	
sp|P33327|DHE2_YEAST	P33327	DHE2_YEAST	GDH2	1092	Saccharomyces cerevisiae (strain ATCC 204508 / S288c)	1:Experimental evidence at protein level	NAD-specific glutamate dehydrogenase	1.0	0.999	4	10	10	10	5	3	2	5	3	2	5	3	2	1.0649472E7	1.6874846E7	1.458129E7	3134783.2	5000383.5	4300712.0	
sp|P33328|SNC2_YEAST	P33328	SNC2_YEAST	SNC2	115	Saccharomyces cerevisiae (strain ATCC 204508 / S288c)	1:Experimental evidence at protein level	Synaptobrevin homolog 2	1.0	0.999	3	6	4	6	1	3	2	0	2	2	1	3	2	3.0362048E7	1.5114967E7	2.808648E7	1.5218514E7	9116179.0	1.3075788E7	
sp|P33330|SERC_YEAST	P33330	SERC_YEAST	SER1	395	Saccharomyces cerevisiae (strain ATCC 204508 / S288c)	1:Experimental evidence at protein level	Phosphoserine aminotransferase	1.0	0.999	9	56	56	56	19	19	18	19	19	18	19	19	18	2.18110784E8	2.77275712E8	3.00819232E8	6.1550624E7	7.5284712E7	8.1134448E7	
sp|P33331|NTF2_YEAST	P33331	NTF2_YEAST	NTF2	125	Saccharomyces cerevisiae (strain ATCC 204508 / S288c)	1:Experimental evidence at protein level	Nuclear transport factor 2	1.0	0.999	2	32	32	32	11	11	10	11	11	10	11	11	10	1.66959968E8	1.45856848E8	1.52390432E8	5.3013452E7	4.6944572E7	4.7797724E7	
sp|P33333|PLSC_YEAST	P33333	PLSC_YEAST	SLC1	303	Saccharomyces cerevisiae (strain ATCC 204508 / S288c)	1:Experimental evidence at protein level	1-acyl-sn-glycerol-3-phosphate acyltransferase	1.0	0.999	8	23	23	23	9	8	6	9	8	6	9	8	6	8.2718192E7	9.4151048E7	8.3926888E7	2.1250528E7	2.1378116E7	2.2008848E7	
sp|P33338|SLA2_YEAST	P33338	SLA2_YEAST	SLA2	968	Saccharomyces cerevisiae (strain ATCC 204508 / S288c)	1:Experimental evidence at protein level	Protein SLA2	1.0	0.999	4	10	10	10	4	3	3	4	3	3	4	3	3	2.5716376E7	1.7546864E7	2.038585E7	1.2561992E7	1.0970875E7	7943340.0	
sp|P33401|PGM1_YEAST	P33401	PGM1_YEAST	PGM1	570	Saccharomyces cerevisiae (strain ATCC 204508 / S288c)	1:Experimental evidence at protein level	Phosphoglucomutase 1	1.0	0.999	13	17	17	72	8	4	5	8	4	5	27	22	23	4.859356E7	4.427628E7	4.166326E7	1.0991773E7	1.2127015E7	1.299884E7	
sp|P33416|HSP78_YEAST	P33416	HSP78_YEAST	HSP78	811	Saccharomyces cerevisiae (strain ATCC 204508 / S288c)	1:Experimental evidence at protein level	Heat shock protein 78, mitochondrial	1.0	0.999	29	69	69	69	27	20	22	27	20	22	27	20	22	2.24388912E8	2.4895984E8	2.0050496E8	5.6944776E7	5.6273876E7	5.8594412E7	
sp|P33421|SDH3_YEAST	P33421	SDH3_YEAST	SDH3	198	Saccharomyces cerevisiae (strain ATCC 204508 / S288c)	1:Experimental evidence at protein level	Succinate dehydrogenase [ubiquinone] cytochrome b subunit, mitochondrial	0.9672	0.999	1	1	1	1	0	1	0	0	1	0	0	1	0	0.0	0.0	0.0	0.0	0.0	0.0	
sp|P33442|RS3A1_YEAST	P33442	RS3A1_YEAST	RPS1A	255	Saccharomyces cerevisiae (strain ATCC 204508 / S288c)	1:Experimental evidence at protein level	40S ribosomal protein S1-A	0.9999	0.999	14	11	11	203	4	3	4	4	3	4	63	64	76	1.54475008E8	1.46901424E8	1.74298112E8	1.54475008E8	1.46901424E8	1.74298112E8	
sp|P33734|HIS5_YEAST	P33734	HIS5_YEAST	HIS7	552	Saccharomyces cerevisiae (strain ATCC 204508 / S288c)	1:Experimental evidence at protein level	Imidazole glycerol phosphate synthase hisHF	1.0	0.999	19	45	45	45	19	11	15	19	11	15	19	11	15	1.1397816E8	1.09280096E8	1.15798952E8	1.2802606E7	1.1491984E7	1.2731053E7	
sp|P33754|SEC66_YEAST	P33754	SEC66_YEAST	SEC66	206	Saccharomyces cerevisiae (strain ATCC 204508 / S288c)	1:Experimental evidence at protein level	Translocation protein SEC66	1.0	0.999	3	10	10	10	4	3	3	4	3	3	4	3	3	1.4459708E7	1.6291724E7	1.6275887E7	8088740.0	8114931.5	8156392.0	
sp|P33755|NPL4_YEAST	P33755	NPL4_YEAST	NPL4	580	Saccharomyces cerevisiae (strain ATCC 204508 / S288c)	1:Experimental evidence at protein level	Nuclear protein localization protein 4	1.0	0.9987	3	5	5	5	2	1	2	2	1	2	2	1	2	1.162842E7	1.0678369E7	8699349.0	7411758.5	6794206.0	5336349.0	
sp|P33767|OSTB_YEAST	P33767	OSTB_YEAST	WBP1	430	Saccharomyces cerevisiae (strain ATCC 204508 / S288c)	1:Experimental evidence at protein level	Dolichyl-diphosphooligosaccharide--protein glycosyltransferase subunit WBP1	1.0	0.999	7	23	23	23	7	7	9	7	7	9	7	7	9	5.4578576E7	1.11384112E8	1.06850624E8	2.2692142E7	2.9758232E7	3.1475196E7	
sp|P33775|PMT1_YEAST	P33775	PMT1_YEAST	PMT1	817	Saccharomyces cerevisiae (strain ATCC 204508 / S288c)	1:Experimental evidence at protein level	Dolichyl-phosphate-mannose--protein mannosyltransferase 1	1.0	0.999	11	50	50	50	17	17	16	17	17	16	17	17	16	1.20681952E8	1.05257792E8	8.932984E7	2.9634488E7	3.0933948E7	3.0611278E7	
sp|P33892|GCN1_YEAST	P33892	GCN1_YEAST	GCN1	2672	Saccharomyces cerevisiae (strain ATCC 204508 / S288c)	1:Experimental evidence at protein level	eIF-2-alpha kinase activator GCN1	1.0	0.999	41	127	127	127	49	40	38	49	40	38	49	40	38	4.574648E8	4.31649536E8	4.4000688E8	1.75433072E8	1.55569296E8	1.69365456E8	
sp|P34077|NIC96_YEAST	P34077	NIC96_YEAST	NIC96	839	Saccharomyces cerevisiae (strain ATCC 204508 / S288c)	1:Experimental evidence at protein level	Nucleoporin NIC96	1.0	0.9989	5	10	10	10	4	2	4	4	2	4	4	2	4	1.3268836E7	8113420.0	1.1283492E7	7947070.5	6335155.5	6672036.0	
sp|P34087|RPB7_YEAST	P34087	RPB7_YEAST	RPB7	171	Saccharomyces cerevisiae (strain ATCC 204508 / S288c)	1:Experimental evidence at protein level	DNA-directed RNA polymerase II subunit RPB7	1.0	0.999	2	3	3	3	1	1	1	1	1	1	1	1	1	9573473.0	7906712.5	1.344362E7	9573473.0	7906712.5	6811629.0	
sp|P34110|VPS35_YEAST	P34110	VPS35_YEAST	VPS35	944	Saccharomyces cerevisiae (strain ATCC 204508 / S288c)	1:Experimental evidence at protein level	Vacuolar protein sorting-associated protein 35	0.9522	0.9909	1	1	1	1	1	0	0	1	0	0	1	0	0	5680574.0	0.0	0.0	0.0	0.0	0.0	
sp|P34160|NCBP1_YEAST	P34160	NCBP1_YEAST	STO1	861	Saccharomyces cerevisiae (strain ATCC 204508 / S288c)	1:Experimental evidence at protein level	Nuclear cap-binding protein complex subunit 1	1.0	0.999	9	21	21	21	8	8	5	8	8	5	8	8	5	4.0786304E7	4.0058152E7	4.6174924E7	9138791.0	9560064.0	1.1083147E7	
sp|P34162|MED20_YEAST	P34162	MED20_YEAST	SRB2	210	Saccharomyces cerevisiae (strain ATCC 204508 / S288c)	1:Experimental evidence at protein level	Mediator of RNA polymerase II transcription subunit 20	0.9999	0.999	3	4	4	4	2	1	1	2	1	1	2	1	1	4369248.0	6389674.0	4179634.8	2744451.0	3685145.5	2723966.0	
sp|P34163|TGL1_YEAST	P34163	TGL1_YEAST	TGL1	548	Saccharomyces cerevisiae (strain ATCC 204508 / S288c)	1:Experimental evidence at protein level	Sterol esterase TGL1	0.9674	0.999	1	2	2	2	1	0	1	1	0	1	1	0	1	5237339.0	6246721.5	7480648.0	5237339.0	6246721.5	7480648.0	
sp|P34167|IF4B_YEAST	P34167	IF4B_YEAST	TIF3	436	Saccharomyces cerevisiae (strain ATCC 204508 / S288c)	1:Experimental evidence at protein level	Eukaryotic translation initiation factor 4B	1.0	0.999	17	80	80	80	22	31	27	22	31	27	22	31	27	2.5875424E8	2.70972224E8	2.77185184E8	4.70887E7	4.5563088E7	4.7808192E7	
sp|P34216|EDE1_YEAST	P34216	EDE1_YEAST	EDE1	1381	Saccharomyces cerevisiae (strain ATCC 204508 / S288c)	1:Experimental evidence at protein level	EH domain-containing and endocytosis protein 1	1.0	0.999	23	81	81	81	26	28	27	26	28	27	26	28	27	2.85202944E8	3.49382144E8	3.73047616E8	5.93528E7	6.0842572E7	6.4803632E7	
sp|P34217|PIN4_YEAST	P34217	PIN4_YEAST	PIN4	668	Saccharomyces cerevisiae (strain ATCC 204508 / S288c)	1:Experimental evidence at protein level	RNA-binding protein PIN4	1.0	0.999	3	5	5	5	1	3	1	1	3	1	1	3	1	6763939.0	1.2978428E7	3766238.0	5514784.5	6066282.5	2871620.2	
sp|P34221|PP2C3_YEAST	P34221	PP2C3_YEAST	PTC3	468	Saccharomyces cerevisiae (strain ATCC 204508 / S288c)	1:Experimental evidence at protein level	Protein phosphatase 2C homolog 3	1.0	0.999	5	2	2	20	1	0	1	1	0	1	7	6	7	9609458.0	1.4919585E7	1.5444656E7	1.1136325E7	7748304.0	7904554.5	
sp|P34223|UBX1_YEAST	P34223	UBX1_YEAST	SHP1	423	Saccharomyces cerevisiae (strain ATCC 204508 / S288c)	1:Experimental evidence at protein level	UBX domain-containing protein 1	1.0	0.999	10	32	32	32	12	10	10	12	10	10	12	10	10	1.09494144E8	1.24795464E8	1.07077944E8	3.3594276E7	3.951312E7	3.7069228E7	
sp|P34227|PRX1_YEAST	P34227	PRX1_YEAST	PRX1	261	Saccharomyces cerevisiae (strain ATCC 204508 / S288c)	1:Experimental evidence at protein level	Peroxiredoxin PRX1, mitochondrial	1.0	0.999	7	31	31	31	10	10	11	10	10	11	10	10	11	1.19033096E8	1.17701344E8	1.28711216E8	2.5648696E7	2.3223914E7	2.531584E7	
sp|P34232|MTR2_YEAST	P34232	MTR2_YEAST	MTR2	184	Saccharomyces cerevisiae (strain ATCC 204508 / S288c)	1:Experimental evidence at protein level	mRNA transport regulator MTR2	0.9671	0.999	1	3	3	3	1	1	1	1	1	1	1	1	1	9852929.0	6893241.5	9229785.0	9852929.0	6893241.5	9229785.0	
sp|P34237|CASP_YEAST	P34237	CASP_YEAST	COY1	679	Saccharomyces cerevisiae (strain ATCC 204508 / S288c)	1:Experimental evidence at protein level	Protein CASP	1.0	0.999	3	5	5	5	1	1	3	1	1	3	1	1	3	7295803.0	3000742.5	7378153.0	3597740.2	4002770.2	4081222.2	
sp|P34248|YKK0_YEAST	P34248	YKK0_YEAST	YKL100C	587	Saccharomyces cerevisiae (strain ATCC 204508 / S288c)	1:Experimental evidence at protein level	Probable intramembrane protease YKL100C	1.0	0.999	6	13	13	13	6	4	3	6	4	3	6	4	3	3.709306E7	3.1184174E7	3.1087924E7	1.8871612E7	1.9545116E7	1.9026294E7	
sp|P34730|BMH2_YEAST	P34730	BMH2_YEAST	BMH2	273	Saccharomyces cerevisiae (strain ATCC 204508 / S288c)	1:Experimental evidence at protein level	Protein BMH2	1.0	0.999	13	47	47	231	15	16	16	15	16	16	77	73	81	2.9615328E8	3.2325312E8	2.6556512E8	1.24823696E8	1.32667912E8	1.11098112E8	
sp|P34760|TSA1_YEAST	P34760	TSA1_YEAST	TSA1	196	Saccharomyces cerevisiae (strain ATCC 204508 / S288c)	1:Experimental evidence at protein level	Peroxiredoxin TSA1	1.0	0.999	9	280	255	280	87	99	94	80	90	85	87	99	94	2.28871782E9	2.75948006E9	2.6972585E9	4.62773632E8	5.8590234E8	5.6649158E8	
sp|P34909|NOT4_YEAST	P34909	NOT4_YEAST	MOT2	587	Saccharomyces cerevisiae (strain ATCC 204508 / S288c)	1:Experimental evidence at protein level	General negative regulator of transcription subunit 4	1.0	0.9989	3	5	5	5	2	2	1	2	2	1	2	2	1	1.5704122E7	1.0614772E7	9904668.0	6391730.0	4669132.0	5349268.0	
sp|P35176|CYPD_YEAST	P35176	CYPD_YEAST	CPR5	225	Saccharomyces cerevisiae (strain ATCC 204508 / S288c)	1:Experimental evidence at protein level	Peptidyl-prolyl cis-trans isomerase D	1.0	0.999	7	54	54	54	18	19	17	18	19	17	18	19	17	1.54229376E8	1.25381952E8	1.23829944E8	3.3647192E7	3.2278254E7	3.2390374E7	
sp|P35178|RRP1_YEAST	P35178	RRP1_YEAST	RRP1	278	Saccharomyces cerevisiae (strain ATCC 204508 / S288c)	1:Experimental evidence at protein level	Ribosomal RNA-processing protein 1	0.6128	0.9816	1	1	1	1	1	0	0	1	0	0	1	0	0	6002904.5	7400324.5	8995914.0	6002904.5	7400324.5	8995914.0	
sp|P35179|SC61G_YEAST	P35179	SC61G_YEAST	SSS1	80	Saccharomyces cerevisiae (strain ATCC 204508 / S288c)	1:Experimental evidence at protein level	Protein transport protein SSS1	0.9999	0.999	2	22	22	22	7	7	8	7	7	8	7	7	8	2.27628512E8	2.1840784E8	1.0366252E8	1.61079264E8	1.47603536E8	6.4334936E7	
sp|P35180|TOM20_YEAST	P35180	TOM20_YEAST	TOM20	183	Saccharomyces cerevisiae (strain ATCC 204508 / S288c)	1:Experimental evidence at protein level	Mitochondrial import receptor subunit TOM20	1.0	0.999	3	8	8	8	2	3	3	2	3	3	2	3	3	2.3640744E7	2.6754768E7	2.5006896E7	1.0400994E7	1.21908E7	1.1284836E7	
sp|P35182|PP2C1_YEAST	P35182	PP2C1_YEAST	PTC1	281	Saccharomyces cerevisiae (strain ATCC 204508 / S288c)	1:Experimental evidence at protein level	Protein phosphatase 2C homolog 1	0.9976	0.999	2	3	3	3	1	1	1	1	1	1	1	1	1	1.4846312E7	3535970.0	9700688.0	1.4846312E7	0.0	9700688.0	
sp|P35184|SQT1_YEAST	P35184	SQT1_YEAST	SQT1	431	Saccharomyces cerevisiae (strain ATCC 204508 / S288c)	1:Experimental evidence at protein level	Ribosome assembly protein SQT1	0.9995	0.999	2	4	4	4	1	1	2	1	1	2	1	1	2	2587819.5	3034505.2	7948904.5	3255156.0	3817031.5	3343800.5	
sp|P35189|TAF14_YEAST	P35189	TAF14_YEAST	TAF14	244	Saccharomyces cerevisiae (strain ATCC 204508 / S288c)	1:Experimental evidence at protein level	Transcription initiation factor TFIID subunit 14	1.0	0.999	8	25	25	25	9	7	9	9	7	9	9	7	9	4.1816036E7	3.6981368E7	4.0649824E7	9889283.0	9873099.0	1.0526996E7	
sp|P35191|MDJ1_YEAST	P35191	MDJ1_YEAST	MDJ1	511	Saccharomyces cerevisiae (strain ATCC 204508 / S288c)	1:Experimental evidence at protein level	DnaJ homolog 1, mitochondrial	0.999	0.999	2	6	6	6	3	1	2	3	1	2	3	1	2	1510155.5	2091336.1	2748158.2	1510155.5	2091336.1	2748158.2	
sp|P35194|UTP20_YEAST	P35194	UTP20_YEAST	UTP20	2493	Saccharomyces cerevisiae (strain ATCC 204508 / S288c)	1:Experimental evidence at protein level	U3 small nucleolar RNA-associated protein 20	0.9999	0.999	2	3	3	3	1	1	1	1	1	1	1	1	1	940886.7	1659002.9	2245315.0	940886.7	1659002.9	2245315.0	
sp|P35197|GCS1_YEAST	P35197	GCS1_YEAST	GCS1	352	Saccharomyces cerevisiae (strain ATCC 204508 / S288c)	1:Experimental evidence at protein level	ADP-ribosylation factor GTPase-activating protein GCS1	1.0	0.999	6	14	14	14	5	5	4	5	5	4	5	5	4	2.94034E7	3.0305708E7	3.702602E7	1.1203307E7	1.2260521E7	1.4577967E7	
sp|P35691|TCTP_YEAST	P35691	TCTP_YEAST	TMA19	167	Saccharomyces cerevisiae (strain ATCC 204508 / S288c)	1:Experimental evidence at protein level	Translationally-controlled tumor protein homolog	1.0	0.999	7	100	100	100	34	31	35	34	31	35	34	31	35	8.2767853E8	8.6779264E8	8.5125715E8	2.82214112E8	3.28681248E8	3.28464032E8	
sp|P35719|MRP8_YEAST	P35719	MRP8_YEAST	MRP8	219	Saccharomyces cerevisiae (strain ATCC 204508 / S288c)	1:Experimental evidence at protein level	Uncharacterized protein MRP8	1.0	0.999	10	80	80	80	24	27	29	24	27	29	24	27	29	3.9324656E8	4.55499264E8	5.02223776E8	6.3434104E7	7.6511648E7	8.5255504E7	
sp|P35723|YET1_YEAST	P35723	YET1_YEAST	YET1	206	Saccharomyces cerevisiae (strain ATCC 204508 / S288c)	1:Experimental evidence at protein level	Endoplasmic reticulum transmembrane protein 1	1.0	0.999	3	21	21	21	5	8	8	5	8	8	5	8	8	5.8968856E7	8.3721072E7	9.2376416E7	2.8233068E7	3.7903492E7	4.1464048E7	
sp|P35724|MNR2_YEAST	P35724	MNR2_YEAST	MNR2	969	Saccharomyces cerevisiae (strain ATCC 204508 / S288c)	1:Experimental evidence at protein level	Manganese resistance protein MNR2	0.5756	0.9785	1	1	1	1	1	0	0	1	0	0	1	0	0	2082095.9	0.0	0.0	0.0	0.0	0.0	
sp|P35725|YKG3_YEAST	P35725	YKG3_YEAST	YKL063C	167	Saccharomyces cerevisiae (strain ATCC 204508 / S288c)	1:Experimental evidence at protein level	Uncharacterized protein YKL063C	0.9674	0.999	1	3	3	3	1	1	1	1	1	1	1	1	1	7000786.0	7380190.5	1.1252532E7	7000786.0	7380190.5	1.1252532E7	
sp|P35729|NU120_YEAST	P35729	NU120_YEAST	NUP120	1037	Saccharomyces cerevisiae (strain ATCC 204508 / S288c)	1:Experimental evidence at protein level	Nucleoporin NUP120	1.0	0.999	3	6	6	6	2	2	2	2	2	2	2	2	2	7439362.0	6372662.5	9424178.0	2753546.0	4363365.5	4935287.5	
sp|P35732|DEF1_YEAST	P35732	DEF1_YEAST	DEF1	738	Saccharomyces cerevisiae (strain ATCC 204508 / S288c)	1:Experimental evidence at protein level	RNA polymerase II degradation factor 1	1.0	0.999	7	29	29	29	9	11	9	9	11	9	9	11	9	1.12594672E8	1.22730776E8	1.33031216E8	2.2877126E7	2.5130362E7	2.7874492E7	
sp|P35817|BDF1_YEAST	P35817	BDF1_YEAST	BDF1	686	Saccharomyces cerevisiae (strain ATCC 204508 / S288c)	1:Experimental evidence at protein level	Bromodomain-containing factor 1	1.0	0.999	3	10	10	10	3	4	3	3	4	3	3	4	3	1.7570372E7	1.393747E7	1.8306132E7	6860218.0	6260269.5	7266035.0	
sp|P35842|PPAB_YEAST	P35842	PPAB_YEAST	PHO11	467	Saccharomyces cerevisiae (strain ATCC 204508 / S288c)	1:Experimental evidence at protein level	Acid phosphatase PHO11	1.0	0.999	3	9	0	9	2	3	4	0	0	0	2	3	4	2.0143262E7	1.7847952E7	1.8887406E7	1.1334905E7	1.0199917E7	1.0627987E7	sp|P38693|PPAC_YEAST
sp|P35844|KES1_YEAST	P35844	KES1_YEAST	KES1	434	Saccharomyces cerevisiae (strain ATCC 204508 / S288c)	1:Experimental evidence at protein level	Oxysterol-binding protein homolog 4	1.0	0.999	11	49	49	49	18	15	16	18	15	16	18	15	16	2.87070016E8	2.8607152E8	3.3176416E8	1.55291744E8	1.43511744E8	1.57677264E8	
sp|P35845|OSH1_YEAST	P35845	OSH1_YEAST	SWH1	1188	Saccharomyces cerevisiae (strain ATCC 204508 / S288c)	1:Experimental evidence at protein level	Oxysterol-binding protein homolog 1	1.0	0.999	3	3	3	3	0	0	3	0	0	3	0	0	3	2233702.0	2739588.5	2894681.0	1228103.5	1531060.6	1611628.8	
sp|P35997|RS27A_YEAST	P35997	RS27A_YEAST	RPS27A	82	Saccharomyces cerevisiae (strain ATCC 204508 / S288c)	1:Experimental evidence at protein level	40S ribosomal protein S27-A	1.0	0.999	4	80	0	80	28	24	28	0	0	0	28	24	28	9.6917325E8	8.985481E8	7.800825E8	4.28034048E8	3.64426752E8	3.57720992E8	sp|P38711|RS27B_YEAST
sp|P36000|AP1B1_YEAST	P36000	AP1B1_YEAST	APL2	726	Saccharomyces cerevisiae (strain ATCC 204508 / S288c)	1:Experimental evidence at protein level	AP-1 complex subunit beta-1	0.9965	0.999	2	2	2	2	0	2	0	0	2	0	0	2	0	0.0	1.449483E7	0.0	0.0	0.0	0.0	
sp|P36004|KKQ8_YEAST	P36004	KKQ8_YEAST	KKQ8	724	Saccharomyces cerevisiae (strain ATCC 204508 / S288c)	1:Experimental evidence at protein level	Probable serine/threonine-protein kinase KKQ8	0.6328	0.983	1	12	12	12	3	4	5	3	4	5	3	4	5	2.5661316E7	1.25852144E8	4.7637256E7	2.5661316E7	1.25852144E8	4.7637256E7	
sp|P36006|MYO3_YEAST	P36006	MYO3_YEAST	MYO3	1272	Saccharomyces cerevisiae (strain ATCC 204508 / S288c)	1:Experimental evidence at protein level	Myosin-3	1.0	0.999	5	4	4	6	3	1	0	3	1	0	3	2	1	2.1223328E7	7318692.0	5857060.5	8011595.5	7034209.5	7335233.5	
sp|P36008|EF1G2_YEAST	P36008	EF1G2_YEAST	TEF4	412	Saccharomyces cerevisiae (strain ATCC 204508 / S288c)	1:Experimental evidence at protein level	Elongation factor 1-gamma 2	1.0	0.999	18	178	163	178	56	59	63	51	54	58	56	59	63	1.01989901E9	1.11254413E9	1.18098317E9	1.34349472E8	1.49767104E8	1.6238608E8	
sp|P36010|NDK_YEAST	P36010	NDK_YEAST	YNK1	153	Saccharomyces cerevisiae (strain ATCC 204508 / S288c)	1:Experimental evidence at protein level	Nucleoside diphosphate kinase	1.0	0.999	8	68	68	68	22	24	22	22	24	22	22	24	22	3.070552E8	3.02344576E8	3.19984512E8	6.7918032E7	7.0999248E7	7.1692904E7	
sp|P36013|MAOM_YEAST	P36013	MAOM_YEAST	MAE1	669	Saccharomyces cerevisiae (strain ATCC 204508 / S288c)	1:Experimental evidence at protein level	NAD-dependent malic enzyme, mitochondrial	1.0	0.999	9	28	28	28	9	9	10	9	9	10	9	9	10	4.4225632E7	4.8826768E7	5.6492E7	7491431.5	8018999.0	9046521.0	
sp|P36015|YKT6_YEAST	P36015	YKT6_YEAST	YKT6	200	Saccharomyces cerevisiae (strain ATCC 204508 / S288c)	1:Experimental evidence at protein level	Synaptobrevin homolog YKT6	1.0	0.999	11	37	37	37	13	13	11	13	13	11	13	13	11	2.13372736E8	1.94422576E8	1.79906176E8	6.824784E7	6.589646E7	6.2044312E7	
sp|P36016|LHS1_YEAST	P36016	LHS1_YEAST	LHS1	881	Saccharomyces cerevisiae (strain ATCC 204508 / S288c)	1:Experimental evidence at protein level	Heat shock protein 70 homolog LHS1	1.0	0.9984	4	9	9	9	4	2	3	4	2	3	4	2	3	1.6737761E7	1.4225679E7	1.4199171E7	5936959.0	5014077.0	4951695.0	
sp|P36017|VPS21_YEAST	P36017	VPS21_YEAST	VPS21	210	Saccharomyces cerevisiae (strain ATCC 204508 / S288c)	1:Experimental evidence at protein level	Vacuolar protein sorting-associated protein 21	1.0	0.999	4	8	8	14	3	3	2	3	3	2	5	5	4	2.9617548E7	2.4373488E7	2.2043144E7	1.1634713E7	9732106.0	8953186.0	
sp|P36018|YPT52_YEAST	P36018	YPT52_YEAST	YPT52	234	Saccharomyces cerevisiae (strain ATCC 204508 / S288c)	1:Experimental evidence at protein level	GTP-binding protein YPT52	1.0	0.999	7	28	22	28	10	9	9	8	7	7	10	9	9	7.349148E7	8.0006896E7	8.3654216E7	2.0763908E7	2.3084246E7	2.291407E7	
sp|P36023|OAF3_YEAST	P36023	OAF3_YEAST	OAF3	863	Saccharomyces cerevisiae (strain ATCC 204508 / S288c)	1:Experimental evidence at protein level	Oleate activated transcription factor 3	0.967	0.9844	2	3	3	3	0	3	0	0	3	0	0	3	0	0.0	306334.84	0.0	0.0	0.0	0.0	
sp|P36037|DOA1_YEAST	P36037	DOA1_YEAST	DOA1	715	Saccharomyces cerevisiae (strain ATCC 204508 / S288c)	1:Experimental evidence at protein level	Protein DOA1	1.0	0.999	7	15	15	15	6	4	5	6	4	5	6	4	5	2.973552E7	3.0619674E7	2.9174246E7	7731851.0	7666466.5	7700374.0	
sp|P36040|POC2_YEAST	P36040	POC2_YEAST	ADD66	267	Saccharomyces cerevisiae (strain ATCC 204508 / S288c)	1:Experimental evidence at protein level	Proteasome assembly chaperone 2	0.9999	0.999	2	4	4	4	1	1	2	1	1	2	1	1	2	4313134.5	5675133.5	6693211.5	4313134.5	5675133.5	6693211.5	
sp|P36041|EAP1_YEAST	P36041	EAP1_YEAST	EAP1	632	Saccharomyces cerevisiae (strain ATCC 204508 / S288c)	1:Experimental evidence at protein level	Protein EAP1	0.9961	0.999	2	5	5	5	3	1	1	3	1	1	3	1	1	4638575.5	7514547.0	7277414.5	3798126.5	5526955.5	5775186.5	
sp|P36046|MIA40_YEAST	P36046	MIA40_YEAST	MIA40	403	Saccharomyces cerevisiae (strain ATCC 204508 / S288c)	1:Experimental evidence at protein level	Mitochondrial intermembrane space import and assembly protein 40	1.0	0.999	2	2	2	2	2	0	0	2	0	0	2	0	0	8664247.0	8879600.0	9001355.0	5471709.0	5863314.0	6089243.0	
sp|P36047|SDS22_YEAST	P36047	SDS22_YEAST	SDS22	338	Saccharomyces cerevisiae (strain ATCC 204508 / S288c)	1:Experimental evidence at protein level	Protein phosphatase 1 regulatory subunit SDS22	1.0	0.999	4	5	5	5	2	0	3	2	0	3	2	0	3	1.1574856E7	1.5355736E7	2.1664456E7	5583228.0	7080111.5	8046104.5	
sp|P36049|EBP2_YEAST	P36049	EBP2_YEAST	EBP2	427	Saccharomyces cerevisiae (strain ATCC 204508 / S288c)	1:Experimental evidence at protein level	rRNA-processing protein EBP2	1.0	0.999	3	7	7	7	2	2	3	2	2	3	2	2	3	1.5291502E7	1.4514463E7	1.5592852E7	6115158.5	5502950.5	6236170.5	
sp|P36053|ELF1_YEAST	P36053	ELF1_YEAST	ELF1	145	Saccharomyces cerevisiae (strain ATCC 204508 / S288c)	1:Experimental evidence at protein level	Transcription elongation factor 1	0.9657	0.9989	1	2	2	2	1	1	0	1	1	0	1	1	0	7017713.0	7548620.5	2698508.0	3695652.2	3930698.8	3505469.5	
sp|P36057|SRPB_YEAST	P36057	SRPB_YEAST	SRP102	244	Saccharomyces cerevisiae (strain ATCC 204508 / S288c)	1:Experimental evidence at protein level	Signal recognition particle receptor subunit beta	0.9214	0.9975	1	1	1	1	1	0	0	1	0	0	1	0	0	5722864.0	3634872.5	5157435.5	5722864.0	3634872.5	5157435.5	
sp|P36059|NNRD_YEAST	P36059	NNRD_YEAST	NNR2	337	Saccharomyces cerevisiae (strain ATCC 204508 / S288c)	1:Experimental evidence at protein level	ATP-dependent (S)-NAD(P)H-hydrate dehydratase	1.0	0.999	5	10	10	10	5	3	2	5	3	2	5	3	2	2.8471752E7	1.3654376E7	1.9001652E7	7564834.5	7964813.0	7779669.0	
sp|P36060|MCR1_YEAST	P36060	MCR1_YEAST	MCR1	302	Saccharomyces cerevisiae (strain ATCC 204508 / S288c)	1:Experimental evidence at protein level	NADH-cytochrome b5 reductase 2	1.0	0.999	8	34	34	34	9	12	13	9	12	13	9	12	13	1.01421768E8	9.9315048E7	1.08473176E8	2.173016E7	2.3758492E7	2.5231682E7	
sp|P36076|CAB3_YEAST	P36076	CAB3_YEAST	CAB3	571	Saccharomyces cerevisiae (strain ATCC 204508 / S288c)	1:Experimental evidence at protein level	Coenzyme A biosynthesis protein 3	0.9674	0.999	1	3	3	3	1	1	1	1	1	1	1	1	1	1509855.0	1912814.2	2273874.0	1509855.0	1912814.2	2273874.0	
sp|P36080|RRP14_YEAST	P36080	RRP14_YEAST	RRP14	434	Saccharomyces cerevisiae (strain ATCC 204508 / S288c)	1:Experimental evidence at protein level	Ribosomal RNA-processing protein 14	0.9663	0.999	1	1	1	1	0	0	1	0	0	1	0	0	1	3211885.5	4047476.8	2584895.5	3211885.5	4047476.8	2584895.5	
sp|P36081|PSG1_YEAST	P36081	PSG1_YEAST	PSG1	392	Saccharomyces cerevisiae (strain ATCC 204508 / S288c)	1:Experimental evidence at protein level	PMA1 stabilization in the Golgi protein 1	1.0	0.999	6	14	14	14	6	4	4	6	4	4	6	4	4	5.0580388E7	3.9222496E7	4.462982E7	1.3450342E7	1.0307401E7	1.1710239E7	
sp|P36088|FRMSR_YEAST	P36088	FRMSR_YEAST	YKL069W	180	Saccharomyces cerevisiae (strain ATCC 204508 / S288c)	1:Experimental evidence at protein level	Free methionine-R-sulfoxide reductase	0.9999	0.999	3	6	6	6	3	2	1	3	2	1	3	2	1	8898639.0	9259199.0	2407861.5	4805691.0	4778979.5	4166342.5	
sp|P36105|RL14A_YEAST	P36105	RL14A_YEAST	RPL14A	138	Saccharomyces cerevisiae (strain ATCC 204508 / S288c)	1:Experimental evidence at protein level	60S ribosomal protein L14-A	0.9993	0.999	4	64	16	64	20	21	23	5	5	6	20	21	23	4.35472896E8	6.7904672E8	6.1340045E8	2.4022104E8	2.54372704E8	2.50392656E8	
sp|P36114|YKR18_YEAST	P36114	YKR18_YEAST	YKR018C	725	Saccharomyces cerevisiae (strain ATCC 204508 / S288c)	1:Experimental evidence at protein level	IML2-like protein YKR018C	1.0	0.999	10	36	36	36	12	13	11	12	13	11	12	13	11	9.392184E7	1.09337776E8	1.0101184E8	1.8723412E7	1.9152504E7	2.3475406E7	
sp|P36123|SA190_YEAST	P36123	SA190_YEAST	SAP190	1033	Saccharomyces cerevisiae (strain ATCC 204508 / S288c)	1:Experimental evidence at protein level	SIT4-associating protein SAP190	0.9561	0.9986	1	2	2	2	0	1	1	0	1	1	0	1	1	0.0	0.0	0.0	0.0	0.0	0.0	
sp|P36126|SPO14_YEAST	P36126	SPO14_YEAST	SPO14	1683	Saccharomyces cerevisiae (strain ATCC 204508 / S288c)	1:Experimental evidence at protein level	Phospholipase D1	0.8163	0.9934	1	1	1	1	0	0	1	0	0	1	0	0	1	0.0	0.0	0.0	0.0	0.0	0.0	
sp|P36136|SHB17_YEAST	P36136	SHB17_YEAST	SHB17	271	Saccharomyces cerevisiae (strain ATCC 204508 / S288c)	1:Experimental evidence at protein level	Sedoheptulose 1,7-bisphosphatase	1.0	0.999	7	25	25	25	8	8	9	8	8	9	8	8	9	8.9320912E7	7.513616E7	9.089844E7	1.8406838E7	1.5279947E7	1.8961174E7	
sp|P36139|PET10_YEAST	P36139	PET10_YEAST	PET10	283	Saccharomyces cerevisiae (strain ATCC 204508 / S288c)	1:Experimental evidence at protein level	Protein PET10	1.0	0.999	11	38	38	38	13	11	14	13	11	14	13	11	14	1.3481304E8	1.4777032E8	1.45249456E8	2.0911638E7	2.4540126E7	2.339311E7	
sp|P36141|FMP46_YEAST	P36141	FMP46_YEAST	FMP46	133	Saccharomyces cerevisiae (strain ATCC 204508 / S288c)	1:Experimental evidence at protein level	Putative redox protein FMP46, mitochondrial	0.7138	0.9882	1	3	3	3	1	1	1	1	1	1	1	1	1	0.0	0.0	0.0	0.0	0.0	0.0	
sp|P36148|GPT2_YEAST	P36148	GPT2_YEAST	GPT2	743	Saccharomyces cerevisiae (strain ATCC 204508 / S288c)	1:Experimental evidence at protein level	Glycerol-3-phosphate O-acyltransferase 2	1.0	0.999	6	14	14	14	4	5	5	4	5	5	4	5	5	2.6088512E7	4.3200748E7	3.6424364E7	1.217419E7	1.5681373E7	1.4027582E7	
sp|P36149|BET3_YEAST	P36149	BET3_YEAST	BET3	193	Saccharomyces cerevisiae (strain ATCC 204508 / S288c)	1:Experimental evidence at protein level	Trafficking protein particle complex subunit BET3	0.966	0.999	1	4	4	4	1	1	2	1	1	2	1	1	2	4628059.0	5214369.0	6278197.0	4628059.0	5214369.0	6278197.0	
sp|P36151|YK50_YEAST	P36151	YK50_YEAST	YKR070W	352	Saccharomyces cerevisiae (strain ATCC 204508 / S288c)	1:Experimental evidence at protein level	Uncharacterized protein YKR070W	0.9674	0.999	1	2	2	2	1	0	1	1	0	1	1	0	1	3280525.5	3656145.8	3517793.5	3280525.5	3656145.8	3517793.5	
sp|P36154|AIM29_YEAST	P36154	AIM29_YEAST	AIM29	155	Saccharomyces cerevisiae (strain ATCC 204508 / S288c)	1:Experimental evidence at protein level	Altered inheritance rate of mitochondria protein 29	1.0	0.999	2	5	5	5	1	2	2	1	2	2	1	2	2	1.0330891E7	1.1697235E7	1.4020848E7	7750183.0	9569136.0	1.0716944E7	
sp|P36156|GTO2_YEAST	P36156	GTO2_YEAST	ECM4	370	Saccharomyces cerevisiae (strain ATCC 204508 / S288c)	1:Experimental evidence at protein level	Glutathione S-transferase omega-like 2	1.0	0.999	3	12	12	12	3	5	4	3	5	4	3	5	4	9283570.0	1.3055474E7	1.422205E7	3726297.8	5811406.5	6026775.0	
sp|P36160|RPF2_YEAST	P36160	RPF2_YEAST	RPF2	344	Saccharomyces cerevisiae (strain ATCC 204508 / S288c)	1:Experimental evidence at protein level	Ribosome biogenesis protein RPF2	1.0	0.999	3	7	7	7	2	3	2	2	3	2	2	3	2	3.2945624E7	3.073694E7	3.6638688E7	2.208485E7	1.8388298E7	2.2792222E7	
sp|P36161|NU133_YEAST	P36161	NU133_YEAST	NUP133	1157	Saccharomyces cerevisiae (strain ATCC 204508 / S288c)	1:Experimental evidence at protein level	Nucleoporin NUP133	1.0	0.999	5	12	12	12	4	2	6	4	2	6	4	2	6	1025882.4	1487928.0	2.3545394E7	2693697.2	3906907.5	2853730.8	
sp|P36421|SYYC_YEAST	P36421	SYYC_YEAST	TYS1	394	Saccharomyces cerevisiae (strain ATCC 204508 / S288c)	1:Experimental evidence at protein level	Tyrosine--tRNA ligase, cytoplasmic	1.0	0.999	15	61	61	61	21	21	19	21	21	19	21	21	19	2.52076496E8	3.28373984E8	2.66469232E8	7.4884736E7	8.3673312E7	7.6704904E7	
sp|P36775|LONM_YEAST	P36775	LONM_YEAST	PIM1	1133	Saccharomyces cerevisiae (strain ATCC 204508 / S288c)	1:Experimental evidence at protein level	Lon protease homolog, mitochondrial	1.0	0.999	11	29	29	29	11	9	9	11	9	9	11	9	9	6.5877452E7	6.1455984E7	7.2045568E7	1.4207914E7	1.1165476E7	1.1603996E7	
sp|P37012|PGM2_YEAST	P37012	PGM2_YEAST	PGM2	569	Saccharomyces cerevisiae (strain ATCC 204508 / S288c)	1:Experimental evidence at protein level	Phosphoglucomutase 2	1.0	0.999	22	236	181	236	73	80	83	54	62	65	73	80	83	8.7812538E8	8.7411194E8	9.0178061E8	7.6790512E7	7.4288008E7	7.4837088E7	
sp|P37262|SOL2_YEAST	P37262	SOL2_YEAST	SOL2	315	Saccharomyces cerevisiae (strain ATCC 204508 / S288c)	1:Experimental evidence at protein level	6-phosphogluconolactonase-like protein 2	1.0	0.999	2	6	6	6	2	1	3	2	1	3	2	1	3	7995815.0	7306711.0	9694427.0	5082449.0	4939412.0	6478846.0	
sp|P37267|CBP4_YEAST	P37267	CBP4_YEAST	CBP4	147	Saccharomyces cerevisiae (strain ATCC 204508 / S288c)	1:Experimental evidence at protein level	Assembly factor CBP4	0.7761	0.9915	1	1	1	1	0	0	1	0	0	1	0	0	1	2928114.5	2795007.5	3232505.0	2928114.5	2795007.5	3232505.0	
sp|P37291|GLYC_YEAST	P37291	GLYC_YEAST	SHM2	469	Saccharomyces cerevisiae (strain ATCC 204508 / S288c)	1:Experimental evidence at protein level	Serine hydroxymethyltransferase, cytosolic	1.0	0.999	22	334	330	334	105	113	116	104	111	115	105	113	116	2.20701363E9	2.49119258E9	2.26605773E9	2.32686864E8	2.35479696E8	2.20533872E8	
sp|P37292|GLYM_YEAST	P37292	GLYM_YEAST	SHM1	490	Saccharomyces cerevisiae (strain ATCC 204508 / S288c)	1:Experimental evidence at protein level	Serine hydroxymethyltransferase, mitochondrial	1.0	0.999	18	60	60	64	22	18	20	22	18	20	23	20	21	1.62016768E8	2.57018931E9	1.60723712E8	1.11496624E8	9.3390808E7	1.00895984E8	
sp|P37296|VPP2_YEAST	P37296	VPP2_YEAST	STV1	890	Saccharomyces cerevisiae (strain ATCC 204508 / S288c)	1:Experimental evidence at protein level	V-type proton ATPase subunit a, Golgi isoform	0.6363	0.9833	1	1	1	1	1	0	0	1	0	0	1	0	0	3995849.2	2761577.5	1855891.9	3995849.2	2761577.5	1855891.9	
sp|P37302|APE3_YEAST	P37302	APE3_YEAST	APE3	537	Saccharomyces cerevisiae (strain ATCC 204508 / S288c)	1:Experimental evidence at protein level	Aminopeptidase Y	1.0	0.999	10	57	57	57	20	19	18	20	19	18	20	19	18	3.66138272E8	3.61100448E8	3.41920448E8	1.17821048E8	1.22772744E8	9.9439456E7	
sp|P37303|GLY1_YEAST	P37303	GLY1_YEAST	GLY1	387	Saccharomyces cerevisiae (strain ATCC 204508 / S288c)	1:Experimental evidence at protein level	Low specificity L-threonine aldolase	1.0	0.999	6	13	13	13	6	4	3	6	4	3	6	4	3	3.4289456E7	3.6349728E7	3.0375822E7	8851886.0	9044453.0	7222723.0	
sp|P37370|VRP1_YEAST	P37370	VRP1_YEAST	VRP1	817	Saccharomyces cerevisiae (strain ATCC 204508 / S288c)	1:Experimental evidence at protein level	Verprolin	1.0	0.999	2	6	6	6	2	2	2	2	2	2	2	2	2	9037355.0	1.2640372E7	1.1521306E7	5396691.5	7340210.0	6758433.5	
sp|P37898|AAP1_YEAST	P37898	AAP1_YEAST	AAP1	856	Saccharomyces cerevisiae (strain ATCC 204508 / S288c)	1:Experimental evidence at protein level	Alanine/arginine aminopeptidase	1.0	0.999	18	52	52	65	16	18	18	16	18	18	21	22	22	1.11984032E8	1.25931192E8	1.56088096E8	1.864079E7	1.9547772E7	2.0927624E7	
sp|P38009|PUR92_YEAST	P38009	PUR92_YEAST	ADE17	592	Saccharomyces cerevisiae (strain ATCC 204508 / S288c)	1:Experimental evidence at protein level	Bifunctional purine biosynthesis protein ADE17	1.0	0.999	28	240	168	240	77	79	84	55	55	58	77	79	84	1.27467213E9	1.18807424E9	1.41350938E9	1.6010688E8	1.55391456E8	1.68682848E8	
sp|P38011|GBLP_YEAST	P38011	GBLP_YEAST	ASC1	319	Saccharomyces cerevisiae (strain ATCC 204508 / S288c)	1:Experimental evidence at protein level	Guanine nucleotide-binding protein subunit beta-like protein	1.0	0.999	11	129	129	129	44	39	46	44	39	46	44	39	46	9.8976045E8	1.00925542E9	1.09048704E9	2.93833696E8	3.015336E8	3.48647136E8	
sp|P38013|AHP1_YEAST	P38013	AHP1_YEAST	AHP1	176	Saccharomyces cerevisiae (strain ATCC 204508 / S288c)	1:Experimental evidence at protein level	Peroxiredoxin AHP1	1.0	0.999	9	158	158	158	51	56	51	51	56	51	51	56	51	2.64488115E9	2.52231142E9	2.37745587E9	1.00809197E9	1.28503987E9	1.17146317E9	
sp|P38061|RL32_YEAST	P38061	RL32_YEAST	RPL32	130	Saccharomyces cerevisiae (strain ATCC 204508 / S288c)	1:Experimental evidence at protein level	60S ribosomal protein L32	1.0	0.999	8	88	88	88	29	29	30	29	29	30	29	29	30	7.1026957E8	5.30942784E8	5.4312774E8	1.45785072E8	1.32748952E8	1.14310176E8	
sp|P38069|MNN2_YEAST	P38069	MNN2_YEAST	MNN2	597	Saccharomyces cerevisiae (strain ATCC 204508 / S288c)	1:Experimental evidence at protein level	Alpha-1,2-mannosyltransferase MNN2	1.0	0.999	6	12	12	12	5	2	5	5	2	5	5	2	5	3.7731E7	1.8535266E7	4.045884E7	1.0027875E7	8436877.0	8644448.0	
sp|P38071|ETR1_YEAST	P38071	ETR1_YEAST	ETR1	380	Saccharomyces cerevisiae (strain ATCC 204508 / S288c)	1:Experimental evidence at protein level	Enoyl-[acyl-carrier-protein] reductase, mitochondrial	1.0	0.999	10	38	38	38	11	14	13	11	14	13	11	14	13	9.3032704E7	8.5476448E7	1.29778728E8	1.7619688E7	1.668811E7	1.9458812E7	
sp|P38072|SCO2_YEAST	P38072	SCO2_YEAST	SCO2	301	Saccharomyces cerevisiae (strain ATCC 204508 / S288c)	1:Experimental evidence at protein level	Protein SCO2, mitochondrial	0.7537	0.9904	1	1	1	1	1	0	0	1	0	0	1	0	0	1.8059428E7	3.319164E7	0.0	1.8059428E7	3.319164E7	0.0	
sp|P38074|HMT1_YEAST	P38074	HMT1_YEAST	HMT1	348	Saccharomyces cerevisiae (strain ATCC 204508 / S288c)	1:Experimental evidence at protein level	Protein arginine N-methyltransferase 1	0.9649	0.9989	1	1	1	1	0	1	0	0	1	0	0	1	0	0.0	1.5204536E7	0.0	0.0	0.0	0.0	
sp|P38075|PDX3_YEAST	P38075	PDX3_YEAST	PDX3	228	Saccharomyces cerevisiae (strain ATCC 204508 / S288c)	1:Experimental evidence at protein level	Pyridoxamine 5'-phosphate oxidase	1.0	0.999	4	14	14	14	4	5	5	4	5	5	4	5	5	5.7143236E7	6.3369244E7	6.885708E7	2.0794584E7	2.3619104E7	2.5380222E7	
sp|P38077|ATPG_YEAST	P38077	ATPG_YEAST	ATP3	311	Saccharomyces cerevisiae (strain ATCC 204508 / S288c)	1:Experimental evidence at protein level	ATP synthase subunit gamma, mitochondrial	1.0	0.999	9	32	32	32	12	11	9	12	11	9	12	11	9	1.0577504E8	9.432244E7	1.10969856E8	2.0190796E7	1.7144326E7	1.9723008E7	
sp|P38079|YRO2_YEAST	P38079	YRO2_YEAST	YRO2	344	Saccharomyces cerevisiae (strain ATCC 204508 / S288c)	1:Experimental evidence at protein level	Protein YRO2	0.9946	0.999	4	11	11	38	4	3	4	4	3	4	14	11	13	1.9290234E7	2.2592914E7	2.7227482E7	1.9290234E7	2.2592914E7	2.7227482E7	
sp|P38080|AKL1_YEAST	P38080	AKL1_YEAST	AKL1	1108	Saccharomyces cerevisiae (strain ATCC 204508 / S288c)	1:Experimental evidence at protein level	Serine/threonine-protein kinase AKL1	1.0	0.999	3	6	6	6	3	1	2	3	1	2	3	1	2	1.560433E7	9735692.0	8986494.0	5545224.0	5116376.0	4722938.0	
sp|P38081|YBQ6_YEAST	P38081	YBQ6_YEAST	YBR056W	501	Saccharomyces cerevisiae (strain ATCC 204508 / S288c)	1:Experimental evidence at protein level	Uncharacterized glycosyl hydrolase YBR056W	1.0	0.999	8	26	26	26	9	10	7	9	10	7	9	10	7	7.333756E7	6.8893552E7	6.953972E7	1.4752595E7	1.4125044E7	1.4437474E7	
sp|P38088|SYG_YEAST	P38088	SYG_YEAST	GRS1	690	Saccharomyces cerevisiae (strain ATCC 204508 / S288c)	1:Experimental evidence at protein level	Glycine--tRNA ligase 1, mitochondrial	1.0	0.999	27	221	221	221	72	78	71	72	78	71	72	78	71	7.4892435E8	7.7830618E8	8.1210368E8	5.018936E7	5.1099852E7	5.2765544E7	
sp|P38089|PP2C4_YEAST	P38089	PP2C4_YEAST	PTC4	393	Saccharomyces cerevisiae (strain ATCC 204508 / S288c)	1:Experimental evidence at protein level	Protein phosphatase 2C homolog 4	0.9207	0.9974	1	2	2	2	1	0	1	1	0	1	1	0	1	0.0	0.0	0.0	0.0	0.0	0.0	
sp|P38109|ATG42_YEAST	P38109	ATG42_YEAST	ATG42	508	Saccharomyces cerevisiae (strain ATCC 204508 / S288c)	1:Experimental evidence at protein level	Vacuolar serine-type carboxypeptidase ATG42	0.9994	0.9976	2	4	4	4	2	2	0	2	2	0	2	2	0	1.8176128E7	2.6595538E7	3188282.0	1.0683697E7	1.1267543E7	8031588.0	
sp|P38112|MAK5_YEAST	P38112	MAK5_YEAST	MAK5	773	Saccharomyces cerevisiae (strain ATCC 204508 / S288c)	1:Experimental evidence at protein level	ATP-dependent RNA helicase MAK5	0.8388	0.9943	1	2	2	2	1	0	1	1	0	1	1	0	1	0.0	0.0	0.0	0.0	0.0	0.0	
sp|P38115|ARA1_YEAST	P38115	ARA1_YEAST	ARA1	344	Saccharomyces cerevisiae (strain ATCC 204508 / S288c)	1:Experimental evidence at protein level	D-arabinose dehydrogenase [NAD(P)+] heavy chain	1.0	0.999	14	73	73	73	21	25	27	21	25	27	21	25	27	3.13427328E8	3.05454336E8	3.81500672E8	5.3686708E7	5.22685E7	5.6226456E7	
sp|P38116|ARL1_YEAST	P38116	ARL1_YEAST	ARL1	183	Saccharomyces cerevisiae (strain ATCC 204508 / S288c)	1:Experimental evidence at protein level	ADP-ribosylation factor-like protein 1	1.0	0.999	2	10	10	10	4	3	3	4	3	3	4	3	3	1.8010896E7	2.1530164E7	2.3759662E7	1.0068203E7	1.196299E7	1.3201649E7	
sp|P38129|TAF5_YEAST	P38129	TAF5_YEAST	TAF5	798	Saccharomyces cerevisiae (strain ATCC 204508 / S288c)	1:Experimental evidence at protein level	Transcription initiation factor TFIID subunit 5	0.997	0.999	3	4	4	4	0	1	3	0	1	3	0	1	3	7396488.0	6852852.0	6873758.0	4725923.5	4308014.5	4251900.5	
sp|P38130|KTR3_YEAST	P38130	KTR3_YEAST	KTR3	404	Saccharomyces cerevisiae (strain ATCC 204508 / S288c)	1:Experimental evidence at protein level	Probable mannosyltransferase KTR3	1.0	0.999	4	13	13	13	6	4	3	6	4	3	6	4	3	2.1596312E7	1.8532306E7	2.359369E7	5056216.0	5800642.0	7134387.0	
sp|P38131|KTR4_YEAST	P38131	KTR4_YEAST	KTR4	464	Saccharomyces cerevisiae (strain ATCC 204508 / S288c)	1:Experimental evidence at protein level	Probable mannosyltransferase KTR4	0.9674	0.999	1	4	4	4	2	1	1	2	1	1	2	1	1	4772459.5	5611939.5	7077804.0	4772459.5	5611939.5	7077804.0	
sp|P38137|FAT2_YEAST	P38137	FAT2_YEAST	PCS60	543	Saccharomyces cerevisiae (strain ATCC 204508 / S288c)	1:Experimental evidence at protein level	Oxalate--CoA ligase	1.0	0.999	8	23	23	23	9	8	6	9	8	6	9	8	6	6.1257456E7	6.7001812E7	5.0854336E7	1.2269964E7	1.2204885E7	1.1704658E7	
sp|P38138|GLU2A_YEAST	P38138	GLU2A_YEAST	ROT2	954	Saccharomyces cerevisiae (strain ATCC 204508 / S288c)	1:Experimental evidence at protein level	Glucosidase 2 subunit alpha	1.0	0.999	2	6	6	6	3	2	1	3	2	1	3	2	1	1.1288453E7	1.3977046E7	1.1985253E7	6311690.0	7812449.0	6758772.0	
sp|P38143|GPX2_YEAST	P38143	GPX2_YEAST	GPX2	162	Saccharomyces cerevisiae (strain ATCC 204508 / S288c)	1:Experimental evidence at protein level	Glutathione peroxidase-like peroxiredoxin 2	1.0	0.999	8	38	26	38	11	12	15	7	9	10	11	12	15	1.1562696E8	1.08441512E8	1.2673996E8	4.2340612E7	4.0461024E7	4.2251392E7	
sp|P38144|ISW1_YEAST	P38144	ISW1_YEAST	ISW1	1129	Saccharomyces cerevisiae (strain ATCC 204508 / S288c)	1:Experimental evidence at protein level	ISWI chromatin-remodeling complex ATPase ISW1	0.9995	0.999	2	2	2	2	0	0	2	0	0	2	0	0	2	4748426.5	5110338.0	6081353.0	2559757.8	2742441.5	3289134.5	
sp|P38153|AP3M_YEAST	P38153	AP3M_YEAST	APM3	483	Saccharomyces cerevisiae (strain ATCC 204508 / S288c)	1:Experimental evidence at protein level	AP-3 complex subunit mu	0.9673	0.999	1	3	3	3	1	1	1	1	1	1	1	1	1	1852560.6	1796280.1	0.0	1852560.6	1796280.1	0.0	
sp|P38166|SFT2_YEAST	P38166	SFT2_YEAST	SFT2	215	Saccharomyces cerevisiae (strain ATCC 204508 / S288c)	1:Experimental evidence at protein level	Protein transport protein SFT2	0.9674	0.999	1	1	1	1	1	0	0	1	0	0	1	0	0	3458398.0	3187708.2	3057457.5	3458398.0	3187708.2	3057457.5	
sp|P38167|ECM21_YEAST	P38167	ECM21_YEAST	ECM21	1117	Saccharomyces cerevisiae (strain ATCC 204508 / S288c)	1:Experimental evidence at protein level	Protein ECM21	0.9362	0.998	1	2	2	2	1	1	0	1	1	0	1	1	0	0.0	1913784.2	0.0	0.0	0.0	0.0	
sp|P38174|MAP2_YEAST	P38174	MAP2_YEAST	MAP2	421	Saccharomyces cerevisiae (strain ATCC 204508 / S288c)	1:Experimental evidence at protein level	Methionine aminopeptidase 2	1.0	0.999	4	8	8	8	3	3	2	3	3	2	3	3	2	1.8456746E7	1.8839652E7	2.0883524E7	5912976.5	9076286.0	6135245.5	
sp|P38182|ATG8_YEAST	P38182	ATG8_YEAST	ATG8	117	Saccharomyces cerevisiae (strain ATCC 204508 / S288c)	1:Experimental evidence at protein level	Autophagy-related protein 8	0.9888	0.9852	2	2	2	2	1	1	0	1	1	0	1	1	0	3930244.2	0.0	0.0	0.0	0.0	0.0	
sp|P38197|PLPHP_YEAST	P38197	PLPHP_YEAST	YBL036C	257	Saccharomyces cerevisiae (strain ATCC 204508 / S288c)	1:Experimental evidence at protein level	Pyridoxal phosphate homeostasis protein	1.0	0.999	6	14	14	14	6	5	3	6	5	3	6	5	3	3.9862224E7	4.2454852E7	3.7728548E7	1.0925843E7	1.4770589E7	1.5672911E7	
sp|P38199|HEK2_YEAST	P38199	HEK2_YEAST	HEK2	381	Saccharomyces cerevisiae (strain ATCC 204508 / S288c)	1:Experimental evidence at protein level	Heterogeneous nuclear rnp K-like protein 2	1.0	0.999	5	12	12	12	5	3	4	5	3	4	5	3	4	3.0271552E7	2.4424478E7	2.6239166E7	8780225.0	9312270.0	1.035108E7	
sp|P38205|NCL1_YEAST	P38205	NCL1_YEAST	NCL1	684	Saccharomyces cerevisiae (strain ATCC 204508 / S288c)	1:Experimental evidence at protein level	Multisite-specific tRNA:(cytosine-C(5))-methyltransferase	1.0	0.999	14	52	52	52	20	18	14	20	18	14	20	18	14	6.4549248E7	5.1688248E7	6.341092E7	1.0244285E7	1.0156011E7	1.1465023E7	
sp|P38216|YBM6_YEAST	P38216	YBM6_YEAST	YBR016W	128	Saccharomyces cerevisiae (strain ATCC 204508 / S288c)	1:Experimental evidence at protein level	Uncharacterized protein YBR016W	0.9674	0.999	1	3	3	3	1	1	1	1	1	1	1	1	1	1.7679936E7	1.6736957E7	1.5503597E7	1.7679936E7	1.6736957E7	1.5503597E7	
sp|P38217|IMB2_YEAST	P38217	IMB2_YEAST	KAP104	918	Saccharomyces cerevisiae (strain ATCC 204508 / S288c)	1:Experimental evidence at protein level	Importin subunit beta-2	0.9999	0.999	2	5	5	5	2	1	2	2	1	2	2	1	2	7648944.0	1.026486E7	1.2356165E7	5056185.0	6580269.0	8201184.5	
sp|P38218|POA1_YEAST	P38218	POA1_YEAST	POA1	177	Saccharomyces cerevisiae (strain ATCC 204508 / S288c)	1:Experimental evidence at protein level	ADP-ribose 1''-phosphate phosphatase	0.9993	0.999	3	4	4	4	0	1	3	0	1	3	0	1	3	2979650.0	4805732.0	4347539.0	3197416.0	2306688.2	4665276.0	
sp|P38219|OLA1_YEAST	P38219	OLA1_YEAST	OLA1	394	Saccharomyces cerevisiae (strain ATCC 204508 / S288c)	1:Experimental evidence at protein level	Obg-like ATPase 1	1.0	0.999	16	128	128	128	40	42	46	40	42	46	40	42	46	5.0340176E8	4.37139968E8	4.65771616E8	5.7997276E7	5.3166104E7	5.488886E7	
sp|P38221|CDS1_YEAST	P38221	CDS1_YEAST	CDS1	457	Saccharomyces cerevisiae (strain ATCC 204508 / S288c)	1:Experimental evidence at protein level	Phosphatidate cytidylyltransferase	1.0	0.999	6	27	27	27	9	9	9	9	9	9	9	9	9	8.094168E7	1.15491912E8	5.6987684E7	3.0669052E7	3.1308064E7	3.2262446E7	
sp|P38225|FAT1_YEAST	P38225	FAT1_YEAST	FAT1	669	Saccharomyces cerevisiae (strain ATCC 204508 / S288c)	1:Experimental evidence at protein level	Very long-chain fatty acid transport protein	0.9674	0.999	1	1	1	1	0	1	0	0	1	0	0	1	0	5190505.5	5244383.5	4479928.5	5190505.5	5244383.5	4479928.5	
sp|P38226|CST26_YEAST	P38226	CST26_YEAST	CST26	397	Saccharomyces cerevisiae (strain ATCC 204508 / S288c)	1:Experimental evidence at protein level	2-acyl-1-lysophosphatidylinositol acyltransferase	0.7251	0.9889	1	7	7	7	3	2	2	3	2	2	3	2	2	2498778.0	3821599.2	2835791.5	2498778.0	3821599.2	2835791.5	
sp|P38230|QOR_YEAST	P38230	QOR_YEAST	ZTA1	334	Saccharomyces cerevisiae (strain ATCC 204508 / S288c)	1:Experimental evidence at protein level	Probable quinone oxidoreductase	1.0	0.999	3	7	7	7	3	2	2	3	2	2	3	2	2	2.038851E7	2.2990006E7	1.6967976E7	9084310.0	9694760.0	8923911.0	
sp|P38234|RFS1_YEAST	P38234	RFS1_YEAST	RFS1	210	Saccharomyces cerevisiae (strain ATCC 204508 / S288c)	1:Experimental evidence at protein level	Protein RFS1	1.0	0.999	2	10	10	10	3	4	3	3	4	3	3	4	3	1.4038877E7	1.7006212E7	1.483341E7	7359079.5	8877552.0	7782738.5	
sp|P38235|YBQ3_YEAST	P38235	YBQ3_YEAST	YBR053C	358	Saccharomyces cerevisiae (strain ATCC 204508 / S288c)	1:Experimental evidence at protein level	Uncharacterized protein YBR053C	1.0	0.999	3	8	8	8	3	2	3	3	2	3	3	2	3	1.8619476E7	2.1263616E7	1.8640208E7	9073599.0	9440368.0	7214301.5	
sp|P38238|TRM7_YEAST	P38238	TRM7_YEAST	TRM7	310	Saccharomyces cerevisiae (strain ATCC 204508 / S288c)	1:Experimental evidence at protein level	tRNA (cytidine(32)/guanosine(34)-2'-O)-methyltransferase	0.6566	0.9847	1	1	1	1	0	0	1	0	0	1	0	0	1	0.0	0.0	2102041.5	0.0	0.0	0.0	
sp|P38247|SLM4_YEAST	P38247	SLM4_YEAST	SLM4	162	Saccharomyces cerevisiae (strain ATCC 204508 / S288c)	1:Experimental evidence at protein level	Protein SLM4	0.9674	0.999	1	2	2	2	1	0	1	1	0	1	1	0	1	2581712.2	4128358.0	2866532.2	2581712.2	4128358.0	2866532.2	
sp|P38248|ECM33_YEAST	P38248	ECM33_YEAST	ECM33	429	Saccharomyces cerevisiae (strain ATCC 204508 / S288c)	1:Experimental evidence at protein level	Cell wall protein ECM33	0.9999	0.999	2	12	12	12	4	4	4	4	4	4	4	4	4	1.64592544E8	1.60954656E8	1.48561248E8	1.13375128E8	1.0202084E8	9.8937504E7	
sp|P38249|EIF3A_YEAST	P38249	EIF3A_YEAST	RPG1	964	Saccharomyces cerevisiae (strain ATCC 204508 / S288c)	1:Experimental evidence at protein level	Eukaryotic translation initiation factor 3 subunit A	1.0	0.999	32	126	126	126	45	44	37	45	44	37	45	44	37	7.6247021E8	7.8381837E8	5.7491898E8	2.11891568E8	2.13436576E8	2.17361904E8	
sp|P38250|IST2_YEAST	P38250	IST2_YEAST	IST2	946	Saccharomyces cerevisiae (strain ATCC 204508 / S288c)	1:Experimental evidence at protein level	Increased sodium tolerance protein 2	1.0	0.999	9	27	27	27	9	9	9	9	9	9	9	9	9	6.1152124E7	6.0231464E7	6.167152E7	1.1376768E7	1.1049551E7	1.1264683E7	
sp|P38251|RFC5_YEAST	P38251	RFC5_YEAST	RFC5	354	Saccharomyces cerevisiae (strain ATCC 204508 / S288c)	1:Experimental evidence at protein level	Replication factor C subunit 5	0.9661	0.999	1	1	1	1	1	0	0	1	0	0	1	0	0	2178406.5	3331927.5	2847476.5	2178406.5	3331927.5	2847476.5	
sp|P38260|FES1_YEAST	P38260	FES1_YEAST	FES1	290	Saccharomyces cerevisiae (strain ATCC 204508 / S288c)	1:Experimental evidence at protein level	Hsp70 nucleotide exchange factor FES1	1.0	0.999	4	7	7	7	4	1	2	4	1	2	4	1	2	1.6003374E7	1.5847797E7	1.6364389E7	7071184.5	7305287.0	8342014.0	
sp|P38261|EXO84_YEAST	P38261	EXO84_YEAST	EXO84	753	Saccharomyces cerevisiae (strain ATCC 204508 / S288c)	1:Experimental evidence at protein level	Exocyst complex component EXO84	0.9271	0.9977	1	2	2	2	0	1	1	0	1	1	0	1	1	0.0	0.0	0.0	0.0	0.0	0.0	
sp|P38264|PHO88_YEAST	P38264	PHO88_YEAST	PHO88	188	Saccharomyces cerevisiae (strain ATCC 204508 / S288c)	1:Experimental evidence at protein level	SRP-independent targeting protein 3	1.0	0.999	6	39	39	39	13	12	14	13	12	14	13	12	14	2.1729096E8	1.94789952E8	1.98431456E8	1.04377032E8	9.480756E7	9.5658896E7	
sp|P38281|APD1_YEAST	P38281	APD1_YEAST	APD1	316	Saccharomyces cerevisiae (strain ATCC 204508 / S288c)	1:Experimental evidence at protein level	Actin patches distal protein 1	1.0	0.999	5	10	10	10	4	2	4	4	2	4	4	2	4	1.049061E7	1.0816832E7	1.0483933E7	3186492.5	3343135.5	2986908.5	
sp|P38286|MKAR_YEAST	P38286	MKAR_YEAST	IFA38	347	Saccharomyces cerevisiae (strain ATCC 204508 / S288c)	1:Experimental evidence at protein level	Very-long-chain 3-oxoacyl-CoA reductase	1.0	0.999	6	11	11	11	5	4	2	5	4	2	5	4	2	4.5787232E7	3.6919796E7	3.119633E7	1.7938764E7	1.4281226E7	1.5098966E7	
sp|P38293|UMP1_YEAST	P38293	UMP1_YEAST	UMP1	148	Saccharomyces cerevisiae (strain ATCC 204508 / S288c)	1:Experimental evidence at protein level	Proteasome maturation factor UMP1	0.9137	0.9972	1	1	1	1	1	0	0	1	0	0	1	0	0	1384841.9	0.0	1247841.9	1384841.9	0.0	1247841.9	
sp|P38295|MCFS2_YEAST	P38295	MCFS2_YEAST	EHT1	451	Saccharomyces cerevisiae (strain ATCC 204508 / S288c)	1:Experimental evidence at protein level	Medium-chain fatty acid ethyl ester synthase/esterase 2	1.0	0.999	6	30	30	30	8	12	10	8	12	10	8	12	10	1.97137088E8	5.2343764E7	5.4254504E7	4.3228012E7	3.9355236E7	3.7408596E7	
sp|P38304|MED8_YEAST	P38304	MED8_YEAST	MED8	223	Saccharomyces cerevisiae (strain ATCC 204508 / S288c)	1:Experimental evidence at protein level	Mediator of RNA polymerase II transcription subunit 8	0.9609	0.9988	1	2	2	2	1	1	0	1	1	0	1	1	0	2411764.8	2628513.2	2446608.5	2411764.8	2628513.2	2446608.5	
sp|P38310|FTH1_YEAST	P38310	FTH1_YEAST	FTH1	465	Saccharomyces cerevisiae (strain ATCC 204508 / S288c)	1:Experimental evidence at protein level	Iron transporter FTH1	0.9665	0.999	1	1	1	1	0	1	0	0	1	0	0	1	0	3939931.2	5156169.5	3559953.8	3939931.2	5156169.5	3559953.8	
sp|P38314|SDS24_YEAST	P38314	SDS24_YEAST	SDS24	527	Saccharomyces cerevisiae (strain ATCC 204508 / S288c)	1:Experimental evidence at protein level	Protein SDS24	1.0	0.999	4	15	15	15	5	5	5	5	5	5	5	5	5	2.9233008E7	4.1044968E7	3.75233E7	1.1733544E7	1.3125986E7	1.3895764E7	
sp|P38325|OM14_YEAST	P38325	OM14_YEAST	OM14	134	Saccharomyces cerevisiae (strain ATCC 204508 / S288c)	1:Experimental evidence at protein level	Mitochondrial outer membrane protein OM14	0.9167	0.9973	1	3	3	3	1	1	1	1	1	1	1	1	1	1.0265466E7	6743238.0	8838401.0	1.0265466E7	6743238.0	8838401.0	
sp|P38328|ARPC1_YEAST	P38328	ARPC1_YEAST	ARC40	384	Saccharomyces cerevisiae (strain ATCC 204508 / S288c)	1:Experimental evidence at protein level	Actin-related protein 2/3 complex subunit 1	1.0	0.999	8	32	32	32	10	12	10	10	12	10	10	12	10	7.2617704E7	7.4529976E7	8.1330864E7	1.4613823E7	1.7173932E7	1.8332298E7	
sp|P38333|ENP1_YEAST	P38333	ENP1_YEAST	ENP1	483	Saccharomyces cerevisiae (strain ATCC 204508 / S288c)	1:Experimental evidence at protein level	Essential nuclear protein 1	0.9997	0.999	2	4	4	4	1	1	2	1	1	2	1	1	2	6841557.5	8527784.0	8638514.0	4256911.5	5849311.0	5931924.0	
sp|P38340|NTM1_YEAST	P38340	NTM1_YEAST	TAE1	232	Saccharomyces cerevisiae (strain ATCC 204508 / S288c)	1:Experimental evidence at protein level	Alpha N-terminal protein methyltransferase 1	0.9995	0.9977	2	3	3	3	3	0	0	3	0	0	3	0	0	5479287.5	6031819.0	6077729.0	3918936.2	4118839.0	4780040.0	
sp|P38352|SAF1_YEAST	P38352	SAF1_YEAST	SAF1	637	Saccharomyces cerevisiae (strain ATCC 204508 / S288c)	1:Experimental evidence at protein level	SCF-associated factor 1	0.6053	0.981	1	2	2	2	0	2	0	0	2	0	0	2	0	0.0	7115586.5	1.0720362E7	0.0	7115586.5	1.0720362E7	
sp|P38353|SSH1_YEAST	P38353	SSH1_YEAST	SSH1	490	Saccharomyces cerevisiae (strain ATCC 204508 / S288c)	1:Experimental evidence at protein level	Sec sixty-one protein homolog	1.0	0.999	8	27	27	27	8	9	10	8	9	10	8	9	10	6.8604872E7	7.4778656E7	6.8805424E7	1.1852511E7	1.3046646E7	1.1101144E7	
sp|P38355|YB8B_YEAST	P38355	YB8B_YEAST	YBR287W	427	Saccharomyces cerevisiae (strain ATCC 204508 / S288c)	1:Experimental evidence at protein level	Uncharacterized transporter YBR287W	1.0	0.999	4	17	17	17	5	5	7	5	5	7	5	5	7	3.75109E7	4.0601624E7	5.3581592E7	1.6821682E7	1.8950942E7	2.2402086E7	
sp|P38426|TPS3_YEAST	P38426	TPS3_YEAST	TPS3	1054	Saccharomyces cerevisiae (strain ATCC 204508 / S288c)	1:Experimental evidence at protein level	Trehalose synthase complex regulatory subunit TPS3	1.0	0.999	11	23	23	30	7	10	6	7	10	6	10	12	8	6.7529264E7	5.436848E7	3.8345144E7	1.5429028E7	1.5395218E7	1.4813078E7	
sp|P38427|TSL1_YEAST	P38427	TSL1_YEAST	TSL1	1098	Saccharomyces cerevisiae (strain ATCC 204508 / S288c)	1:Experimental evidence at protein level	Trehalose synthase complex regulatory subunit TSL1	1.0	0.999	29	132	125	132	47	44	41	44	42	39	47	44	41	3.75973472E8	3.82010464E8	3.79332064E8	3.86014E7	4.0544984E7	4.2448988E7	
sp|P38428|CUE1_YEAST	P38428	CUE1_YEAST	CUE1	203	Saccharomyces cerevisiae (strain ATCC 204508 / S288c)	1:Experimental evidence at protein level	Coupling of ubiquitin conjugation to ER degradation protein 1	0.9998	0.999	2	5	5	5	2	1	2	2	1	2	2	1	2	1.3922286E7	1.0356488E7	1.1027405E7	7693944.0	5711310.0	5986672.0	
sp|P38431|IF5_YEAST	P38431	IF5_YEAST	TIF5	405	Saccharomyces cerevisiae (strain ATCC 204508 / S288c)	1:Experimental evidence at protein level	Eukaryotic translation initiation factor 5	1.0	0.999	15	54	54	54	19	18	17	19	18	17	19	18	17	2.22350512E8	2.07935488E8	2.08879824E8	5.9386844E7	5.9566012E7	6.4515972E7	
sp|P38439|LEO1_YEAST	P38439	LEO1_YEAST	LEO1	464	Saccharomyces cerevisiae (strain ATCC 204508 / S288c)	1:Experimental evidence at protein level	RNA polymerase-associated protein LEO1	0.9603	0.9896	2	2	2	2	2	0	0	2	0	0	2	0	0	4644785.5	3999691.0	6066171.5	4644785.5	3999691.0	6066171.5	
sp|P38523|GRPE_YEAST	P38523	GRPE_YEAST	MGE1	228	Saccharomyces cerevisiae (strain ATCC 204508 / S288c)	1:Experimental evidence at protein level	GrpE protein homolog, mitochondrial	1.0	0.999	7	35	35	35	12	11	12	12	11	12	12	11	12	1.174364E8	1.2329104E8	1.41262832E8	3.0506456E7	3.0962618E7	3.1630678E7	
sp|P38555|YPT31_YEAST	P38555	YPT31_YEAST	YPT31	223	Saccharomyces cerevisiae (strain ATCC 204508 / S288c)	1:Experimental evidence at protein level	GTP-binding protein YPT31/YPT8	1.0	0.999	6	20	4	20	6	7	7	1	1	2	6	7	7	7.0805128E7	6.508778E7	6.9016816E7	1.927651E7	1.7634148E7	1.8952478E7	
sp|P38615|RIM11_YEAST	P38615	RIM11_YEAST	RIM11	370	Saccharomyces cerevisiae (strain ATCC 204508 / S288c)	1:Experimental evidence at protein level	Serine/threonine-protein kinase RIM11/MSD1	0.9928	0.9987	2	4	4	5	2	1	1	2	1	1	2	2	1	1595314.9	2668176.2	2478703.8	1595314.9	2668176.2	2478703.8	
sp|P38616|YGP1_YEAST	P38616	YGP1_YEAST	YGP1	354	Saccharomyces cerevisiae (strain ATCC 204508 / S288c)	1:Experimental evidence at protein level	Protein YGP1	1.0	0.999	6	33	33	33	11	11	11	11	11	11	11	11	11	1.82177104E8	1.62803344E8	1.85255664E8	7.846092E7	6.9927144E7	6.6590672E7	
sp|P38620|KPR2_YEAST	P38620	KPR2_YEAST	PRS2	318	Saccharomyces cerevisiae (strain ATCC 204508 / S288c)	1:Experimental evidence at protein level	Ribose-phosphate pyrophosphokinase 2	0.9991	0.999	2	2	2	2	2	0	0	2	0	0	2	0	0	5726301.5	5713553.0	5875021.0	4087135.8	4400509.5	4609239.0	
sp|P38623|RCK2_YEAST	P38623	RCK2_YEAST	RCK2	610	Saccharomyces cerevisiae (strain ATCC 204508 / S288c)	1:Experimental evidence at protein level	Serine/threonine-protein kinase RCK2	1.0	0.999	6	19	19	19	5	7	7	5	7	7	5	7	7	2.866713E7	4.2781756E7	4.360388E7	1.5210888E7	1.5860188E7	1.6211156E7	
sp|P38624|PSB1_YEAST	P38624	PSB1_YEAST	PRE3	215	Saccharomyces cerevisiae (strain ATCC 204508 / S288c)	1:Experimental evidence at protein level	Proteasome subunit beta type-1	1.0	0.999	8	25	25	25	8	9	8	8	9	8	8	9	8	1.00303056E8	8.6755784E7	8.0929312E7	2.2173468E7	2.0247074E7	1.9089862E7	
sp|P38625|GUAA_YEAST	P38625	GUAA_YEAST	GUA1	525	Saccharomyces cerevisiae (strain ATCC 204508 / S288c)	1:Experimental evidence at protein level	GMP synthase [glutamine-hydrolyzing]	1.0	0.999	20	133	133	133	44	47	42	44	47	42	44	47	42	3.98840608E8	3.76184992E8	3.52988192E8	6.0349316E7	5.5836556E7	5.5280384E7	
sp|P38626|NCB5R_YEAST	P38626	NCB5R_YEAST	CBR1	284	Saccharomyces cerevisiae (strain ATCC 204508 / S288c)	1:Experimental evidence at protein level	NADH-cytochrome b5 reductase 1	1.0	0.999	13	46	46	46	15	16	15	15	16	15	15	16	15	1.38078016E8	1.3450336E8	1.22604888E8	2.2353914E7	2.175248E7	2.1629762E7	
sp|P38627|URA8_YEAST	P38627	URA8_YEAST	URA8	578	Saccharomyces cerevisiae (strain ATCC 204508 / S288c)	1:Experimental evidence at protein level	CTP synthase 2	1.0	0.999	7	10	10	16	3	3	4	3	3	4	5	5	6	2.8937096E7	3.7169564E7	4.1924736E7	1.0039214E7	1.0055371E7	1.1914669E7	
sp|P38628|AGM1_YEAST	P38628	AGM1_YEAST	PCM1	557	Saccharomyces cerevisiae (strain ATCC 204508 / S288c)	1:Experimental evidence at protein level	Phosphoacetylglucosamine mutase	1.0	0.999	8	19	19	19	7	7	5	7	7	5	7	7	5	7.8053088E7	5.206044E7	6.4940432E7	1.9197994E7	1.9313154E7	1.7997298E7	
sp|P38630|RFC1_YEAST	P38630	RFC1_YEAST	RFC1	861	Saccharomyces cerevisiae (strain ATCC 204508 / S288c)	1:Experimental evidence at protein level	Replication factor C subunit 1	0.9993	0.999	2	4	4	4	1	2	1	1	2	1	1	2	1	3289748.2	3775035.0	2549131.8	1691568.0	2055337.1	2690704.8	
sp|P38631|FKS1_YEAST	P38631	FKS1_YEAST	FKS1	1876	Saccharomyces cerevisiae (strain ATCC 204508 / S288c)	1:Experimental evidence at protein level	1,3-beta-glucan synthase component FKS1	0.9999	0.999	14	1	1	33	1	0	0	1	0	0	12	10	11	4498632.0	0.0	0.0	0.0	0.0	0.0	
sp|P38682|GLO3_YEAST	P38682	GLO3_YEAST	GLO3	493	Saccharomyces cerevisiae (strain ATCC 204508 / S288c)	1:Experimental evidence at protein level	ADP-ribosylation factor GTPase-activating protein GLO3	1.0	0.999	8	20	20	20	6	7	7	6	7	7	6	7	7	4.123834E7	3.050001E7	3.6625308E7	9619637.0	8538390.0	9415052.0	
sp|P38687|SRP68_YEAST	P38687	SRP68_YEAST	SRP68	599	Saccharomyces cerevisiae (strain ATCC 204508 / S288c)	1:Experimental evidence at protein level	Signal recognition particle subunit SRP68	1.0	0.999	6	15	15	15	7	4	4	7	4	4	7	4	4	1.1340575E7	1.1267628E7	1.3296189E7	4084841.5	6178473.5	5162675.5	
sp|P38688|SRP72_YEAST	P38688	SRP72_YEAST	SRP72	640	Saccharomyces cerevisiae (strain ATCC 204508 / S288c)	1:Experimental evidence at protein level	Signal recognition particle subunit SRP72	1.0	0.999	7	11	11	11	4	3	4	4	3	4	4	3	4	3.2911638E7	3.45421E7	4.0469708E7	7636068.0	8140149.5	9712499.0	
sp|P38689|KPR3_YEAST	P38689	KPR3_YEAST	PRS3	320	Saccharomyces cerevisiae (strain ATCC 204508 / S288c)	1:Experimental evidence at protein level	Ribose-phosphate pyrophosphokinase 3	1.0	0.999	7	18	18	18	8	6	4	8	6	4	8	6	4	8.220692E7	6.6961708E7	5.7500356E7	1.5637846E7	1.2998565E7	1.1966975E7	
sp|P38694|MSC7_YEAST	P38694	MSC7_YEAST	MSC7	644	Saccharomyces cerevisiae (strain ATCC 204508 / S288c)	1:Experimental evidence at protein level	Putative aldehyde dehydrogenase-like protein YHR039C	1.0	0.999	5	16	16	16	6	5	5	6	5	5	6	5	5	2.9287468E7	2.9789566E7	3.5952168E7	7183975.0	7895935.5	8699539.0	
sp|P38695|HXT5_YEAST	P38695	HXT5_YEAST	HXT5	592	Saccharomyces cerevisiae (strain ATCC 204508 / S288c)	1:Experimental evidence at protein level	Probable glucose transporter HXT5	1.0	0.999	6	11	10	33	4	2	5	4	2	4	10	9	14	2.1373284E7	2.2503506E7	2.6670974E7	7993126.5	8653275.0	9993059.0	
sp|P38698|PPX1_YEAST	P38698	PPX1_YEAST	PPX1	397	Saccharomyces cerevisiae (strain ATCC 204508 / S288c)	1:Experimental evidence at protein level	Polyphosphatase	0.96	0.9988	1	2	2	2	1	1	0	1	1	0	1	1	0	3343195.0	4062499.5	2660353.5	3343195.0	4062499.5	2660353.5	
sp|P38701|RS20_YEAST	P38701	RS20_YEAST	RPS20	121	Saccharomyces cerevisiae (strain ATCC 204508 / S288c)	1:Experimental evidence at protein level	40S ribosomal protein S20	1.0	0.999	6	113	113	113	37	36	40	37	36	40	37	36	40	1.38769395E9	1.46901235E9	1.43527296E9	3.37682784E8	3.63564736E8	3.43900448E8	
sp|P38707|SYNC_YEAST	P38707	SYNC_YEAST	DED81	554	Saccharomyces cerevisiae (strain ATCC 204508 / S288c)	1:Experimental evidence at protein level	Asparagine--tRNA ligase, cytoplasmic	1.0	0.999	17	83	83	83	29	28	26	29	28	26	29	28	26	2.88754432E8	3.32176576E8	3.20764064E8	5.1836264E7	5.5593224E7	5.4905732E7	
sp|P38708|YHI0_YEAST	P38708	YHI0_YEAST	YHR020W	688	Saccharomyces cerevisiae (strain ATCC 204508 / S288c)	1:Experimental evidence at protein level	Putative proline--tRNA ligase YHR020W	1.0	0.999	17	59	59	59	21	21	17	21	21	17	21	21	17	2.04409392E8	2.00715728E8	2.90413408E8	3.293492E7	3.4962124E7	3.7467048E7	
sp|P38712|RRP3_YEAST	P38712	RRP3_YEAST	RRP3	501	Saccharomyces cerevisiae (strain ATCC 204508 / S288c)	1:Experimental evidence at protein level	ATP-dependent rRNA helicase RRP3	0.9998	0.999	2	3	3	3	0	2	1	0	2	1	0	2	1	1881742.8	8571922.0	2757522.5	2893347.5	2843569.5	4239937.0	
sp|P38715|GRE3_YEAST	P38715	GRE3_YEAST	GRE3	327	Saccharomyces cerevisiae (strain ATCC 204508 / S288c)	1:Experimental evidence at protein level	NADPH-dependent aldose reductase GRE3	1.0	0.999	11	55	55	55	18	21	16	18	21	16	18	21	16	3.03351616E8	2.76450752E8	3.09352672E8	5.491134E7	4.8883068E7	5.6747792E7	
sp|P38716|YHR2_YEAST	P38716	YHR2_YEAST	YHR112C	378	Saccharomyces cerevisiae (strain ATCC 204508 / S288c)	1:Experimental evidence at protein level	Uncharacterized trans-sulfuration enzyme YHR112C	1.0	0.999	2	2	2	2	0	1	1	0	1	1	0	1	1	0.0	3282929.2	4648232.0	0.0	0.0	0.0	
sp|P38719|DBP8_YEAST	P38719	DBP8_YEAST	DBP8	431	Saccharomyces cerevisiae (strain ATCC 204508 / S288c)	1:Experimental evidence at protein level	ATP-dependent RNA helicase DBP8	0.8618	0.9953	1	3	3	3	1	1	1	1	1	1	1	1	1	4.6761188E7	0.0	5.6282948E7	4.6761188E7	0.0	5.6282948E7	
sp|P38720|6PGD1_YEAST	P38720	6PGD1_YEAST	GND1	489	Saccharomyces cerevisiae (strain ATCC 204508 / S288c)	1:Experimental evidence at protein level	6-phosphogluconate dehydrogenase, decarboxylating 1	1.0	0.999	24	287	205	287	92	96	99	64	69	72	92	96	99	1.92104858E9	2.00060608E9	2.06361216E9	1.70533424E8	1.80250864E8	1.8509048E8	
sp|P38736|GOSR1_YEAST	P38736	GOSR1_YEAST	GOS1	223	Saccharomyces cerevisiae (strain ATCC 204508 / S288c)	1:Experimental evidence at protein level	Golgi SNAP receptor complex member 1	0.6685	0.9855	1	1	1	1	1	0	0	1	0	0	1	0	0	3356623.0	0.0	2905091.8	3356623.0	0.0	2905091.8	
sp|P38737|ECM29_YEAST	P38737	ECM29_YEAST	ECM29	1868	Saccharomyces cerevisiae (strain ATCC 204508 / S288c)	1:Experimental evidence at protein level	Proteasome component ECM29	1.0	0.999	9	11	10	11	4	4	3	4	3	3	4	4	3	9.4830344E7	8.612964E7	9.8841112E7	6.6175496E7	7.3938968E7	7.8161568E7	
sp|P38754|RL14B_YEAST	P38754	RL14B_YEAST	RPL14B	138	Saccharomyces cerevisiae (strain ATCC 204508 / S288c)	1:Experimental evidence at protein level	60S ribosomal protein L14-B	0.9946	0.999	4	9	9	57	3	3	3	3	3	3	18	19	20	5.0159568E7	4.3967204E7	4.4134868E7	5.0159568E7	4.3967204E7	4.4134868E7	
sp|P38755|OSH7_YEAST	P38755	OSH7_YEAST	OSH7	437	Saccharomyces cerevisiae (strain ATCC 204508 / S288c)	1:Experimental evidence at protein level	Oxysterol-binding protein homolog 7	1.0	0.999	6	11	6	11	5	4	2	3	2	1	5	4	2	1.3638057E7	1.6581911E7	2.144073E7	9729574.0	1.0080855E7	1.2385014E7	
sp|P38758|TDA3_YEAST	P38758	TDA3_YEAST	TDA3	523	Saccharomyces cerevisiae (strain ATCC 204508 / S288c)	1:Experimental evidence at protein level	Putative oxidoreductase TDA3	1.0	0.999	3	5	5	5	2	1	2	2	1	2	2	1	2	1.088067E7	1.8460914E7	1.747271E7	5918385.5	8456614.0	8545874.0	
sp|P38759|VPS29_YEAST	P38759	VPS29_YEAST	VPS29	282	Saccharomyces cerevisiae (strain ATCC 204508 / S288c)	1:Experimental evidence at protein level	Vacuolar protein sorting-associated protein 29	0.9674	0.999	1	1	1	1	0	0	1	0	0	1	0	0	1	2595053.2	3708931.0	5344922.5	2595053.2	3708931.0	5344922.5	
sp|P38764|RPN1_YEAST	P38764	RPN1_YEAST	RPN1	993	Saccharomyces cerevisiae (strain ATCC 204508 / S288c)	1:Experimental evidence at protein level	26S proteasome regulatory subunit RPN1	1.0	0.999	25	105	105	105	32	39	34	32	39	34	32	39	34	3.67468448E8	3.95425472E8	4.22193536E8	4.3478372E7	4.4339944E7	4.6217632E7	
sp|P38773|DOG2_YEAST	P38773	DOG2_YEAST	DOG2	246	Saccharomyces cerevisiae (strain ATCC 204508 / S288c)	1:Experimental evidence at protein level	2-deoxyglucose-6-phosphate phosphatase 2	1.0	0.999	3	12	0	12	4	4	4	0	0	0	4	4	4	2.1491932E7	2.2046052E7	2.5773488E7	9563237.0	1.0087346E7	1.2527727E7	sp|P38774|DOG1_YEAST
sp|P38775|YHK5_YEAST	P38775	YHK5_YEAST	YHR045W	560	Saccharomyces cerevisiae (strain ATCC 204508 / S288c)	4:Protein predicted	Putative uncharacterized protein YHR045W	0.9638	0.9989	1	2	2	2	1	0	1	1	0	1	1	0	1	4198965.0	5709522.0	4722758.5	4198965.0	5709522.0	4722758.5	
sp|P38777|FSH1_YEAST	P38777	FSH1_YEAST	FSH1	243	Saccharomyces cerevisiae (strain ATCC 204508 / S288c)	1:Experimental evidence at protein level	Family of serine hydrolases 1	0.9645	0.9989	1	2	2	2	1	0	1	1	0	1	1	0	1	5223162.0	7125962.0	8817916.0	5223162.0	7125962.0	8817916.0	
sp|P38779|CIC1_YEAST	P38779	CIC1_YEAST	CIC1	376	Saccharomyces cerevisiae (strain ATCC 204508 / S288c)	1:Experimental evidence at protein level	Proteasome-interacting protein CIC1	0.9648	0.9989	1	3	3	3	1	1	1	1	1	1	1	1	1	5633066.5	5872981.5	6375617.0	5633066.5	5872981.5	6375617.0	
sp|P38787|PANE_YEAST	P38787	PANE_YEAST	PAN5	379	Saccharomyces cerevisiae (strain ATCC 204508 / S288c)	1:Experimental evidence at protein level	2-dehydropantoate 2-reductase	1.0	0.999	9	16	16	16	7	5	4	7	5	4	7	5	4	5.148426E7	3.9920448E7	4.6615548E7	1.1139967E7	9596734.0	1.1691683E7	
sp|P38788|SSZ1_YEAST	P38788	SSZ1_YEAST	SSZ1	538	Saccharomyces cerevisiae (strain ATCC 204508 / S288c)	1:Experimental evidence at protein level	Ribosome-associated complex subunit SSZ1	1.0	0.999	18	156	156	156	51	52	53	51	52	53	51	52	53	6.7842714E8	7.3962771E8	6.9875808E8	9.0172616E7	9.3378336E7	9.4695832E7	
sp|P38791|DHYS_YEAST	P38791	DHYS_YEAST	DYS1	387	Saccharomyces cerevisiae (strain ATCC 204508 / S288c)	1:Experimental evidence at protein level	Deoxyhypusine synthase	1.0	0.999	13	75	75	75	25	27	23	25	27	23	25	27	23	2.89071712E8	3.13296032E8	3.36539424E8	3.5235184E7	3.9812144E7	4.090798E7	
sp|P38792|RRP4_YEAST	P38792	RRP4_YEAST	RRP4	359	Saccharomyces cerevisiae (strain ATCC 204508 / S288c)	1:Experimental evidence at protein level	Exosome complex component RRP4	1.0	0.9989	3	6	6	6	1	3	2	1	3	2	1	3	2	3372945.8	4241893.0	4121523.2	1920311.1	2561439.5	2507753.0	
sp|P38793|TRM5_YEAST	P38793	TRM5_YEAST	TRM5	499	Saccharomyces cerevisiae (strain ATCC 204508 / S288c)	1:Experimental evidence at protein level	tRNA (guanine(37)-N1)-methyltransferase	1.0	0.999	3	6	6	6	3	1	2	3	1	2	3	1	2	1470617.6	2710193.8	2440451.5	1470617.6	2710193.8	2440451.5	
sp|P38795|NADE_YEAST	P38795	NADE_YEAST	QNS1	714	Saccharomyces cerevisiae (strain ATCC 204508 / S288c)	1:Experimental evidence at protein level	Glutamine-dependent NAD(+) synthetase	1.0	0.999	6	14	14	14	5	4	5	5	4	5	5	4	5	4.9984312E7	4.3904624E7	4.7318252E7	1.3622786E7	1.2410327E7	1.5291533E7	
sp|P38801|LRP1_YEAST	P38801	LRP1_YEAST	LRP1	184	Saccharomyces cerevisiae (strain ATCC 204508 / S288c)	1:Experimental evidence at protein level	Exosome complex protein LRP1	0.9664	0.999	1	1	1	1	1	0	0	1	0	0	1	0	0	3076908.0	3924778.5	0.0	3076908.0	3924778.5	0.0	
sp|P38804|SDO1L_YEAST	P38804	SDO1L_YEAST	RTC3	111	Saccharomyces cerevisiae (strain ATCC 204508 / S288c)	1:Experimental evidence at protein level	Restriction of telomere capping protein 3	1.0	0.999	6	26	26	26	11	7	8	11	7	8	11	7	8	7.0822472E7	9.1188496E7	7.4841328E7	2.4344244E7	3.3026684E7	3.0085488E7	
sp|P38809|YHP7_YEAST	P38809	YHP7_YEAST	YHR097C	366	Saccharomyces cerevisiae (strain ATCC 204508 / S288c)	1:Experimental evidence at protein level	Uncharacterized protein YHR097C	1.0	0.999	5	10	10	10	4	3	3	4	3	3	4	3	3	1.8296952E7	1.9594808E7	1.6168757E7	5292720.5	5367614.0	4347931.5	
sp|P38810|SFB3_YEAST	P38810	SFB3_YEAST	SFB3	929	Saccharomyces cerevisiae (strain ATCC 204508 / S288c)	1:Experimental evidence at protein level	SED5-binding protein 3	1.0	0.999	6	15	15	15	5	5	5	5	5	5	5	5	5	3.476716E7	3.4709456E7	2.9650646E7	9693100.0	8432484.0	7975718.5	
sp|P38816|TRXB2_YEAST	P38816	TRXB2_YEAST	TRR2	342	Saccharomyces cerevisiae (strain ATCC 204508 / S288c)	1:Experimental evidence at protein level	Thioredoxin reductase 2, mitochondrial	0.9913	0.9984	2	1	1	14	0	0	1	0	0	1	4	5	5	0.0	0.0	495630.44	0.0	0.0	0.0	
sp|P38817|GGA2_YEAST	P38817	GGA2_YEAST	GGA2	585	Saccharomyces cerevisiae (strain ATCC 204508 / S288c)	1:Experimental evidence at protein level	ADP-ribosylation factor-binding protein GGA2	1.0	0.999	7	23	23	23	9	7	7	9	7	7	9	7	7	5.5079064E7	5.8749596E7	7.1450768E7	1.4749728E7	1.6004247E7	1.6450438E7	
sp|P38820|UBA4_YEAST	P38820	UBA4_YEAST	UBA4	440	Saccharomyces cerevisiae (strain ATCC 204508 / S288c)	1:Experimental evidence at protein level	Adenylyltransferase and sulfurtransferase UBA4	0.9989	0.9943	2	4	4	4	2	1	1	2	1	1	2	1	1	8566923.0	9142833.0	7975498.0	5764299.5	5723128.5	5042997.0	
sp|P38821|DNPEP_YEAST	P38821	DNPEP_YEAST	APE4	490	Saccharomyces cerevisiae (strain ATCC 204508 / S288c)	1:Experimental evidence at protein level	Aspartyl aminopeptidase 4	1.0	0.999	5	13	13	13	4	5	4	4	5	4	4	5	4	2.4619708E7	3.2648342E7	2.990652E7	9551142.0	1.160015E7	9003096.0	
sp|P38825|TOM71_YEAST	P38825	TOM71_YEAST	TOM71	639	Saccharomyces cerevisiae (strain ATCC 204508 / S288c)	1:Experimental evidence at protein level	Protein TOM71	0.8644	0.9954	1	1	1	1	0	1	0	0	1	0	0	1	0	824450.3	5094282.0	1885775.0	824450.3	5094282.0	1885775.0	
sp|P38828|LSM12_YEAST	P38828	LSM12_YEAST	LSM12	187	Saccharomyces cerevisiae (strain ATCC 204508 / S288c)	1:Experimental evidence at protein level	Protein LSM12	0.9992	0.999	2	3	3	3	2	1	0	2	1	0	2	1	0	9535775.0	6008222.0	5668859.0	6864860.0	6008222.0	5668859.0	
sp|P38836|ECM14_YEAST	P38836	ECM14_YEAST	ECM14	430	Saccharomyces cerevisiae (strain ATCC 204508 / S288c)	1:Experimental evidence at protein level	Inactive metallocarboxypeptidase ECM14	1.0	0.999	2	4	4	4	2	1	1	2	1	1	2	1	1	5885593.0	5957728.0	5962305.0	3778582.8	3654543.0	3523622.8	
sp|P38837|NSG1_YEAST	P38837	NSG1_YEAST	NSG1	291	Saccharomyces cerevisiae (strain ATCC 204508 / S288c)	1:Experimental evidence at protein level	Protein NSG1	0.9997	0.999	2	3	3	3	1	1	1	1	1	1	1	1	1	6.5971856E7	5.796518E7	8.2625832E7	3.1753912E7	4.0055144E7	4.2512376E7	
sp|P38841|YHT8_YEAST	P38841	YHT8_YEAST	YHR138C	114	Saccharomyces cerevisiae (strain ATCC 204508 / S288c)	1:Experimental evidence at protein level	Uncharacterized protein YHR138C	1.0	0.999	2	11	11	11	3	4	4	3	4	4	3	4	4	3.9625408E7	3.276077E7	3.6258136E7	2.307443E7	1.9175494E7	2.0687856E7	
sp|P38845|CRP1_YEAST	P38845	CRP1_YEAST	CRP1	465	Saccharomyces cerevisiae (strain ATCC 204508 / S288c)	1:Experimental evidence at protein level	Cruciform DNA-recognizing protein 1	1.0	0.999	6	21	21	21	6	6	9	6	6	9	6	6	9	7.2969528E7	6.0565296E7	6.594048E7	1.4438443E7	1.4142266E7	1.4781218E7	
sp|P38853|KEL1_YEAST	P38853	KEL1_YEAST	KEL1	1164	Saccharomyces cerevisiae (strain ATCC 204508 / S288c)	1:Experimental evidence at protein level	Kelch repeat-containing protein 1	0.9665	0.999	1	1	1	1	0	0	1	0	0	1	0	0	1	7255970.0	6306936.5	5960880.5	7255970.0	6306936.5	5960880.5	
sp|P38858|SOL3_YEAST	P38858	SOL3_YEAST	SOL3	249	Saccharomyces cerevisiae (strain ATCC 204508 / S288c)	1:Experimental evidence at protein level	6-phosphogluconolactonase 3	1.0	0.999	8	26	26	26	9	9	8	9	9	8	9	9	8	7.4182216E7	6.4194764E7	9.8677376E7	1.4454933E7	1.976739E7	1.9531506E7	
sp|P38869|SVP26_YEAST	P38869	SVP26_YEAST	SVP26	228	Saccharomyces cerevisiae (strain ATCC 204508 / S288c)	1:Experimental evidence at protein level	Protein SVP26	1.0	0.999	4	8	8	8	3	2	3	3	2	3	3	2	3	1.4620669E7	1.8278478E7	1.8894334E7	8245793.0	8339521.5	9046812.0	
sp|P38875|GPI16_YEAST	P38875	GPI16_YEAST	GPI16	610	Saccharomyces cerevisiae (strain ATCC 204508 / S288c)	1:Experimental evidence at protein level	GPI transamidase component GPI16	1.0	0.999	2	4	4	4	1	2	1	1	2	1	1	2	1	7671843.5	7610123.5	3596456.8	3872205.2	3854180.5	3769523.5	
sp|P38879|NACA_YEAST	P38879	NACA_YEAST	EGD2	174	Saccharomyces cerevisiae (strain ATCC 204508 / S288c)	1:Experimental evidence at protein level	Nascent polypeptide-associated complex subunit alpha	1.0	0.999	6	114	114	114	35	39	40	35	39	40	35	39	40	6.2593286E8	5.9246874E8	6.2731834E8	1.84335248E8	2.0000056E8	2.09680144E8	
sp|P38885|AIM46_YEAST	P38885	AIM46_YEAST	AIM46	310	Saccharomyces cerevisiae (strain ATCC 204508 / S288c)	1:Experimental evidence at protein level	Altered inheritance of mitochondria protein 46, mitochondrial	0.9673	0.999	1	3	3	3	1	1	1	1	1	1	1	1	1	3291267.2	3934014.8	3584589.2	3291267.2	3934014.8	3584589.2	
sp|P38886|RPN10_YEAST	P38886	RPN10_YEAST	RPN10	268	Saccharomyces cerevisiae (strain ATCC 204508 / S288c)	1:Experimental evidence at protein level	26S proteasome regulatory subunit RPN10	1.0	0.999	5	17	17	17	7	5	5	7	5	5	7	5	5	7.9236512E7	7.065676E7	8.2247184E7	3.1152168E7	2.8653656E7	3.5423732E7	
sp|P38891|BCA1_YEAST	P38891	BCA1_YEAST	BAT1	393	Saccharomyces cerevisiae (strain ATCC 204508 / S288c)	1:Experimental evidence at protein level	Branched-chain-amino-acid aminotransferase, mitochondrial	1.0	0.999	8	18	18	23	6	5	7	6	5	7	7	7	9	6.480634E7	7.5713024E7	7.9476896E7	2.2950376E7	2.3615686E7	3.0404504E7	
sp|P38902|RPB11_YEAST	P38902	RPB11_YEAST	RPB11	120	Saccharomyces cerevisiae (strain ATCC 204508 / S288c)	1:Experimental evidence at protein level	DNA-directed RNA polymerase II subunit RPB11	1.0	0.999	4	7	7	7	3	1	3	3	1	3	3	1	3	1.694898E7	1.875226E7	1.7064812E7	6563828.0	7223012.0	6799141.5	
sp|P38903|2A5D_YEAST	P38903	2A5D_YEAST	RTS1	757	Saccharomyces cerevisiae (strain ATCC 204508 / S288c)	1:Experimental evidence at protein level	Serine/threonine-protein phosphatase 2A 56 kDa regulatory subunit delta isoform	1.0	0.999	4	9	9	9	2	3	4	2	3	4	2	3	4	1.5653887E7	2.3742072E7	2.2160804E7	5080887.0	7863663.0	7168156.5	
sp|P38910|CH10_YEAST	P38910	CH10_YEAST	HSP10	106	Saccharomyces cerevisiae (strain ATCC 204508 / S288c)	1:Experimental evidence at protein level	10 kDa heat shock protein, mitochondrial	1.0	0.999	5	55	55	55	20	18	17	20	18	17	20	18	17	2.56128512E8	2.65922464E8	2.97260864E8	7.67356E7	8.2518728E7	8.6521352E7	
sp|P38911|FKBP3_YEAST	P38911	FKBP3_YEAST	FPR3	411	Saccharomyces cerevisiae (strain ATCC 204508 / S288c)	1:Experimental evidence at protein level	Peptidyl-prolyl cis-trans isomerase	1.0	0.999	5	20	20	20	5	8	7	5	8	7	5	8	7	6.0161784E7	6.446508E7	6.5658412E7	1.8711622E7	1.9319164E7	2.2099912E7	
sp|P38912|IF1A_YEAST	P38912	IF1A_YEAST	TIF11	153	Saccharomyces cerevisiae (strain ATCC 204508 / S288c)	1:Experimental evidence at protein level	Eukaryotic translation initiation factor 1A	1.0	0.999	5	27	27	27	7	11	9	7	11	9	7	11	9	1.4487736E8	1.45708608E8	1.45375824E8	4.621288E7	4.4582252E7	4.5141832E7	
sp|P38915|SPT8_YEAST	P38915	SPT8_YEAST	SPT8	602	Saccharomyces cerevisiae (strain ATCC 204508 / S288c)	1:Experimental evidence at protein level	Transcription factor SPT8	0.9996	0.9984	2	4	4	4	1	1	2	1	1	2	1	1	2	0.0	0.0	9270754.0	0.0	0.0	0.0	
sp|P38922|HRB1_YEAST	P38922	HRB1_YEAST	HRB1	454	Saccharomyces cerevisiae (strain ATCC 204508 / S288c)	1:Experimental evidence at protein level	Serine/arginine (SR)-type shuttling mRNA binding protein HRB1	0.9672	0.999	1	1	1	1	1	0	0	1	0	0	1	0	0	4671601.0	2116614.0	2758562.8	4671601.0	2116614.0	2758562.8	
sp|P38929|ATC2_YEAST	P38929	ATC2_YEAST	PMC1	1173	Saccharomyces cerevisiae (strain ATCC 204508 / S288c)	1:Experimental evidence at protein level	Calcium-transporting ATPase 2	1.0	0.999	11	17	17	17	4	9	4	4	9	4	4	9	4	4.6040044E7	4.2156888E7	4.1068552E7	9745886.0	8104425.0	9397765.0	
sp|P38930|CSK2C_YEAST	P38930	CSK2C_YEAST	CKB2	258	Saccharomyces cerevisiae (strain ATCC 204508 / S288c)	1:Experimental evidence at protein level	Casein kinase II subunit beta'	0.9568	0.9987	1	1	1	1	1	0	0	1	0	0	1	0	0	5919432.0	0.0	7664275.0	5919432.0	0.0	7664275.0	
sp|P38934|BFR1_YEAST	P38934	BFR1_YEAST	BFR1	470	Saccharomyces cerevisiae (strain ATCC 204508 / S288c)	1:Experimental evidence at protein level	Nuclear segregation protein BFR1	1.0	0.999	21	125	125	125	41	44	40	41	44	40	41	44	40	4.781888E8	4.6316416E8	4.60234784E8	4.6544208E7	4.3778072E7	4.3449384E7	
sp|P38962|TVP23_YEAST	P38962	TVP23_YEAST	TVP23	199	Saccharomyces cerevisiae (strain ATCC 204508 / S288c)	1:Experimental evidence at protein level	Golgi apparatus membrane protein TVP23	0.9674	0.999	1	1	1	1	0	0	1	0	0	1	0	0	1	2760427.2	3028272.0	3445505.2	2760427.2	3028272.0	3445505.2	
sp|P38968|SEC31_YEAST	P38968	SEC31_YEAST	SEC31	1273	Saccharomyces cerevisiae (strain ATCC 204508 / S288c)	1:Experimental evidence at protein level	Protein transport protein SEC31	1.0	0.999	17	59	59	59	18	21	20	18	21	20	18	21	20	1.87612672E8	2.06640032E8	2.01160816E8	1.909695E7	1.9350426E7	1.900614E7	
sp|P38970|HAL5_YEAST	P38970	HAL5_YEAST	HAL5	855	Saccharomyces cerevisiae (strain ATCC 204508 / S288c)	1:Experimental evidence at protein level	Serine/threonine-protein kinase HAL5	0.9674	0.999	1	3	3	3	1	1	1	1	1	1	1	1	1	5007991.5	5151902.5	5544560.0	5007991.5	5151902.5	5544560.0	
sp|P38972|PUR4_YEAST	P38972	PUR4_YEAST	ADE6	1358	Saccharomyces cerevisiae (strain ATCC 204508 / S288c)	1:Experimental evidence at protein level	Phosphoribosylformylglycinamidine synthase	1.0	0.999	36	160	160	160	46	59	55	46	59	55	46	59	55	8.3914048E8	8.8194765E8	1.16628006E9	3.72365088E8	3.67689824E8	4.20403232E8	
sp|P38986|ASPG1_YEAST	P38986	ASPG1_YEAST	ASP1	381	Saccharomyces cerevisiae (strain ATCC 204508 / S288c)	1:Experimental evidence at protein level	L-asparaginase 1	1.0	0.999	3	9	9	9	3	3	3	3	3	3	3	3	3	3.239791E7	2.525794E7	2.992167E7	1.4729537E7	1.0707582E7	1.2695794E7	
sp|P38993|FET3_YEAST	P38993	FET3_YEAST	FET3	636	Saccharomyces cerevisiae (strain ATCC 204508 / S288c)	1:Experimental evidence at protein level	Iron transport multicopper oxidase FET3	1.0	0.999	4	29	29	29	10	8	11	10	8	11	10	8	11	3.8107404E7	3.5772676E7	4.833184E7	1.4451439E7	2.0685592E7	1.9758062E7	
sp|P38996|NAB3_YEAST	P38996	NAB3_YEAST	NAB3	802	Saccharomyces cerevisiae (strain ATCC 204508 / S288c)	1:Experimental evidence at protein level	Nuclear polyadenylated RNA-binding protein 3	1.0	0.999	5	16	16	16	8	4	4	8	4	4	8	4	4	2.419526E7	3.4059788E7	3.0593406E7	6155315.0	8494512.0	9701391.0	
sp|P38998|LYS1_YEAST	P38998	LYS1_YEAST	LYS1	373	Saccharomyces cerevisiae (strain ATCC 204508 / S288c)	1:Experimental evidence at protein level	Saccharopine dehydrogenase [NAD(+), L-lysine-forming]	1.0	0.999	7	26	26	26	10	9	7	10	9	7	10	9	7	3.442928E7	3.3424838E7	3.4168336E7	9964025.0	9723743.0	1.0129775E7	
sp|P38999|LYS9_YEAST	P38999	LYS9_YEAST	LYS9	446	Saccharomyces cerevisiae (strain ATCC 204508 / S288c)	1:Experimental evidence at protein level	Saccharopine dehydrogenase [NADP(+), L-glutamate-forming]	1.0	0.999	13	33	33	33	12	12	9	12	12	9	12	12	9	7.3627968E7	7.8460296E7	7.7757472E7	9977898.0	9439457.0	9661715.0	
sp|P39003|HXT6_YEAST	P39003	HXT6_YEAST	HXT6	570	Saccharomyces cerevisiae (strain ATCC 204508 / S288c)	1:Experimental evidence at protein level	High-affinity hexose transporter HXT6	1.0	0.999	9	13	13	102	3	5	5	3	5	5	30	35	37	7.957924E7	4.8406304E7	5.2920848E7	5.9819692E7	3.4797856E7	4.0144472E7	
sp|P39004|HXT7_YEAST	P39004	HXT7_YEAST	HXT7	570	Saccharomyces cerevisiae (strain ATCC 204508 / S288c)	1:Experimental evidence at protein level	High-affinity hexose transporter HXT7	1.0	0.999	9	109	20	109	34	36	39	7	6	7	34	36	39	7.1939027E8	6.0542445E8	6.1237286E8	2.04916448E8	1.87318848E8	1.92886464E8	
sp|P39005|KRE9_YEAST	P39005	KRE9_YEAST	KRE9	276	Saccharomyces cerevisiae (strain ATCC 204508 / S288c)	1:Experimental evidence at protein level	Cell wall synthesis protein KRE9	0.9674	0.999	1	2	2	2	1	1	0	1	1	0	1	1	0	1688762.2	3207110.5	3638244.8	1688762.2	3207110.5	3638244.8	
sp|P39007|STT3_YEAST	P39007	STT3_YEAST	STT3	718	Saccharomyces cerevisiae (strain ATCC 204508 / S288c)	1:Experimental evidence at protein level	Dolichyl-diphosphooligosaccharide--protein glycosyltransferase subunit STT3	1.0	0.999	7	24	24	24	8	7	9	8	7	9	8	7	9	4.8351732E7	6.1222968E7	6.1716448E7	9999237.0	1.467653E7	1.5470709E7	
sp|P39010|AKR1_YEAST	P39010	AKR1_YEAST	AKR1	764	Saccharomyces cerevisiae (strain ATCC 204508 / S288c)	1:Experimental evidence at protein level	Palmitoyltransferase AKR1	1.0	0.999	5	18	18	18	5	6	7	5	6	7	5	6	7	2.8009824E7	3.3589744E7	3.133824E7	7629000.5	9462639.0	8291423.0	
sp|P39012|GAA1_YEAST	P39012	GAA1_YEAST	GAA1	614	Saccharomyces cerevisiae (strain ATCC 204508 / S288c)	1:Experimental evidence at protein level	GPI transamidase component GAA1	0.9674	0.999	1	3	3	3	1	1	1	1	1	1	1	1	1	2344574.8	3991428.2	3386722.2	2344574.8	3991428.2	3386722.2	
sp|P39013|END3_YEAST	P39013	END3_YEAST	END3	349	Saccharomyces cerevisiae (strain ATCC 204508 / S288c)	1:Experimental evidence at protein level	Actin cytoskeleton-regulatory complex protein END3	1.0	0.999	4	9	9	9	3	2	4	3	2	4	3	2	4	2.4158944E7	2.1090104E7	2.7483692E7	7250986.0	9275534.0	8519218.0	
sp|P39015|STM1_YEAST	P39015	STM1_YEAST	STM1	273	Saccharomyces cerevisiae (strain ATCC 204508 / S288c)	1:Experimental evidence at protein level	Suppressor protein STM1	1.0	0.999	9	139	139	139	44	47	48	44	47	48	44	47	48	1.16003635E9	1.47693696E9	1.48654234E9	3.2489232E8	3.80235776E8	3.72188E8	
sp|P39076|TCPB_YEAST	P39076	TCPB_YEAST	CCT2	527	Saccharomyces cerevisiae (strain ATCC 204508 / S288c)	1:Experimental evidence at protein level	T-complex protein 1 subunit beta	1.0	0.999	10	24	24	24	10	6	8	10	6	8	10	6	8	7.9420968E7	8.4913392E7	9.3695224E7	1.957116E7	1.8394014E7	1.856604E7	
sp|P39077|TCPG_YEAST	P39077	TCPG_YEAST	CCT3	534	Saccharomyces cerevisiae (strain ATCC 204508 / S288c)	1:Experimental evidence at protein level	T-complex protein 1 subunit gamma	1.0	0.999	17	69	69	69	22	26	21	22	26	21	22	26	21	2.57155088E8	2.08781344E8	2.11781728E8	2.9739638E7	2.6491984E7	2.6420542E7	
sp|P39078|TCPD_YEAST	P39078	TCPD_YEAST	CCT4	528	Saccharomyces cerevisiae (strain ATCC 204508 / S288c)	1:Experimental evidence at protein level	T-complex protein 1 subunit delta	1.0	0.999	11	33	33	33	13	10	10	13	10	10	13	10	10	9.6219136E7	7.0380136E7	8.9524624E7	1.9363922E7	1.4622975E7	1.7533322E7	
sp|P39079|TCPZ_YEAST	P39079	TCPZ_YEAST	CCT6	546	Saccharomyces cerevisiae (strain ATCC 204508 / S288c)	1:Experimental evidence at protein level	T-complex protein 1 subunit zeta	1.0	0.999	10	36	36	36	14	10	12	14	10	12	14	10	12	1.10755744E8	8.0026408E7	9.4266568E7	1.8083504E7	1.5624472E7	1.6300228E7	
sp|P39101|CAJ1_YEAST	P39101	CAJ1_YEAST	CAJ1	391	Saccharomyces cerevisiae (strain ATCC 204508 / S288c)	1:Experimental evidence at protein level	Protein CAJ1	1.0	0.999	8	18	18	18	6	5	7	6	5	7	6	5	7	4.7950752E7	4.4117464E7	5.3702672E7	1.1262278E7	1.102667E7	1.1999363E7	
sp|P39105|PLB1_YEAST	P39105	PLB1_YEAST	PLB1	664	Saccharomyces cerevisiae (strain ATCC 204508 / S288c)	1:Experimental evidence at protein level	Lysophospholipase 1	1.0	0.999	7	22	22	22	7	9	6	7	9	6	7	9	6	9.1548104E7	8.1340592E7	7.083824E7	2.752308E7	2.9592784E7	2.8389098E7	
sp|P39107|MNN9_YEAST	P39107	MNN9_YEAST	MNN9	395	Saccharomyces cerevisiae (strain ATCC 204508 / S288c)	1:Experimental evidence at protein level	Mannan polymerase complexes subunit MNN9	1.0	0.999	4	9	9	9	4	2	3	4	2	3	4	2	3	1.547297E7	1.4163294E7	1.1731225E7	8389615.0	1.0095947E7	7855360.0	
sp|P39109|YCFI_YEAST	P39109	YCFI_YEAST	YCF1	1515	Saccharomyces cerevisiae (strain ATCC 204508 / S288c)	1:Experimental evidence at protein level	Metal resistance protein YCF1	1.0	0.999	12	24	23	24	8	7	9	7	7	9	8	7	9	4.8010832E7	7.258912E7	4.7488248E7	1.4024652E7	1.3434691E7	1.4240359E7	
sp|P39111|VATF_YEAST	P39111	VATF_YEAST	VMA7	118	Saccharomyces cerevisiae (strain ATCC 204508 / S288c)	1:Experimental evidence at protein level	V-type proton ATPase subunit F	1.0	0.999	3	15	15	15	4	6	5	4	6	5	4	6	5	5.6733124E7	5.5993944E7	4.6495176E7	2.40291E7	2.4727008E7	1.8454912E7	
sp|P39516|RS14B_YEAST	P39516	RS14B_YEAST	RPS14B	138	Saccharomyces cerevisiae (strain ATCC 204508 / S288c)	1:Experimental evidence at protein level	40S ribosomal protein S14-B	1.0	0.999	7	75	4	75	25	23	27	2	0	2	25	23	27	8.5662003E8	7.9576077E8	8.5026118E8	4.20976224E8	4.10318048E8	4.31533568E8	
sp|P39517|DHH1_YEAST	P39517	DHH1_YEAST	DHH1	506	Saccharomyces cerevisiae (strain ATCC 204508 / S288c)	1:Experimental evidence at protein level	ATP-dependent RNA helicase DHH1	1.0	0.999	8	26	26	26	9	9	8	9	9	8	9	9	8	7.1380456E7	6.8685112E7	7.5626336E7	1.8052964E7	1.616849E7	1.7798894E7	
sp|P39522|ILV3_YEAST	P39522	ILV3_YEAST	ILV3	585	Saccharomyces cerevisiae (strain ATCC 204508 / S288c)	1:Experimental evidence at protein level	Dihydroxy-acid dehydratase, mitochondrial	1.0	0.999	13	39	39	39	14	13	12	14	13	12	14	13	12	1.33853016E8	1.49240416E8	1.14494032E8	2.7679492E7	3.2794252E7	3.482184E7	
sp|P39524|ATC3_YEAST	P39524	ATC3_YEAST	DRS2	1355	Saccharomyces cerevisiae (strain ATCC 204508 / S288c)	1:Experimental evidence at protein level	Probable phospholipid-transporting ATPase DRS2	0.9674	0.999	1	2	2	2	1	1	0	1	1	0	1	1	0	7.908232E7	5.5428504E7	0.0	7.908232E7	5.5428504E7	0.0	
sp|P39526|LAA1_YEAST	P39526	LAA1_YEAST	LAA1	2014	Saccharomyces cerevisiae (strain ATCC 204508 / S288c)	1:Experimental evidence at protein level	AP-1 accessory protein LAA1	0.833	0.9941	1	1	1	1	1	0	0	1	0	0	1	0	0	1218445.2	0.0	0.0	0.0	0.0	0.0	
sp|P39540|ELO1_YEAST	P39540	ELO1_YEAST	ELO1	310	Saccharomyces cerevisiae (strain ATCC 204508 / S288c)	1:Experimental evidence at protein level	Elongation of fatty acids protein 1	1.0	0.999	2	8	8	8	2	3	3	2	3	3	2	3	3	1.6544044E7	1.3242731E7	1.3100055E7	1.0448465E7	8828845.0	8545389.0	
sp|P39551|PRM9_YEAST	P39551	PRM9_YEAST	PRM9	298	Saccharomyces cerevisiae (strain ATCC 204508 / S288c)	1:Experimental evidence at protein level	Pheromone-regulated membrane protein 9	0.9999	0.9987	2	2	0	2	2	0	0	0	0	0	2	0	0	1467289.9	1410253.8	1414035.9	1467289.9	1410253.8	1414035.9	sp|P53174|PRM8_YEAST
sp|P39676|FHP_YEAST	P39676	FHP_YEAST	YHB1	399	Saccharomyces cerevisiae (strain ATCC 204508 / S288c)	1:Experimental evidence at protein level	Flavohemoprotein	1.0	0.999	12	87	87	87	28	28	31	28	28	31	28	28	31	2.09202688E8	1.9165712E8	2.26709664E8	3.8115936E7	4.2619552E7	4.5295644E7	
sp|P39683|NPT1_YEAST	P39683	NPT1_YEAST	NPT1	429	Saccharomyces cerevisiae (strain ATCC 204508 / S288c)	1:Experimental evidence at protein level	Nicotinate phosphoribosyltransferase	1.0	0.999	15	59	59	59	18	21	20	18	21	20	18	21	20	2.23010288E8	2.41404896E8	2.37506192E8	2.8829124E7	2.8966598E7	2.8129752E7	
sp|P39685|PO152_YEAST	P39685	PO152_YEAST	POM152	1337	Saccharomyces cerevisiae (strain ATCC 204508 / S288c)	1:Experimental evidence at protein level	Nucleoporin POM152	0.9673	0.999	1	2	2	2	0	1	1	0	1	1	0	1	1	0.0	0.0	0.0	0.0	0.0	0.0	
sp|P39704|ERP2_YEAST	P39704	ERP2_YEAST	ERP2	215	Saccharomyces cerevisiae (strain ATCC 204508 / S288c)	1:Experimental evidence at protein level	Protein ERP2	0.9995	0.999	2	13	13	13	4	4	5	4	4	5	4	4	5	4.774796E7	4.5927608E7	6.8838424E7	2.7936926E7	2.5633112E7	4.0090504E7	
sp|P39705|NUP60_YEAST	P39705	NUP60_YEAST	NUP60	539	Saccharomyces cerevisiae (strain ATCC 204508 / S288c)	1:Experimental evidence at protein level	Nucleoporin NUP60	0.9047	0.9969	1	1	1	1	1	0	0	1	0	0	1	0	0	1.0272324E7	6452879.0	8082736.0	1.0272324E7	6452879.0	8082736.0	
sp|P39713|BDH2_YEAST	P39713	BDH2_YEAST	BDH2	417	Saccharomyces cerevisiae (strain ATCC 204508 / S288c)	1:Experimental evidence at protein level	Probable diacetyl reductase [(R)-acetoin forming] 2	1.0	0.999	3	12	12	12	5	3	4	5	3	4	5	3	4	2.4769784E7	1.977851E7	2.3260296E7	6978761.0	5774591.5	6612637.5	
sp|P39714|BDH1_YEAST	P39714	BDH1_YEAST	BDH1	382	Saccharomyces cerevisiae (strain ATCC 204508 / S288c)	1:Experimental evidence at protein level	(R,R)-butanediol dehydrogenase	1.0	0.999	5	23	23	23	10	7	6	10	7	6	10	7	6	6.4231304E7	6.3274996E7	5.3370832E7	1.4457407E7	1.2935267E7	1.1165145E7	
sp|P39721|AIM2_YEAST	P39721	AIM2_YEAST	AIM2	246	Saccharomyces cerevisiae (strain ATCC 204508 / S288c)	1:Experimental evidence at protein level	Protein AIM2	1.0	0.999	3	7	7	7	1	2	4	1	2	4	1	2	4	1.7133758E7	1.808744E7	2.253368E7	1.1652357E7	1.0092633E7	1.3569749E7	
sp|P39722|GEM1_YEAST	P39722	GEM1_YEAST	GEM1	662	Saccharomyces cerevisiae (strain ATCC 204508 / S288c)	1:Experimental evidence at protein level	Mitochondrial Rho GTPase 1	0.6925	0.987	1	1	1	1	1	0	0	1	0	0	1	0	0	0.0	0.0	0.0	0.0	0.0	0.0	
sp|P39726|GCSH_YEAST	P39726	GCSH_YEAST	GCV3	170	Saccharomyces cerevisiae (strain ATCC 204508 / S288c)	1:Experimental evidence at protein level	Glycine cleavage system H protein, mitochondrial	1.0	0.999	4	22	22	22	6	8	8	6	8	8	6	8	8	9.0450544E7	1.04576664E8	1.1033728E8	3.117649E7	3.6993076E7	4.2878228E7	
sp|P39727|ERV46_YEAST	P39727	ERV46_YEAST	ERV46	415	Saccharomyces cerevisiae (strain ATCC 204508 / S288c)	1:Experimental evidence at protein level	ER-derived vesicles protein ERV46	1.0	0.999	5	14	14	14	6	4	4	6	4	4	6	4	4	4.8450988E7	4.018026E7	4.710112E7	1.5206888E7	1.2743554E7	1.3260562E7	
sp|P39729|RBG1_YEAST	P39729	RBG1_YEAST	RBG1	369	Saccharomyces cerevisiae (strain ATCC 204508 / S288c)	1:Experimental evidence at protein level	Ribosome-interacting GTPase 1	1.0	0.999	2	3	3	3	1	0	2	1	0	2	1	0	2	5521351.0	1.1036218E7	1.0408349E7	5521351.0	7964878.5	7678136.5	
sp|P39730|IF2P_YEAST	P39730	IF2P_YEAST	FUN12	1002	Saccharomyces cerevisiae (strain ATCC 204508 / S288c)	1:Experimental evidence at protein level	Eukaryotic translation initiation factor 5B	1.0	0.999	24	91	91	91	25	35	31	25	35	31	25	35	31	2.79778112E8	2.67649328E8	2.60490208E8	2.8724356E7	2.632681E7	2.7146362E7	
sp|P39742|SEC72_YEAST	P39742	SEC72_YEAST	SEC72	193	Saccharomyces cerevisiae (strain ATCC 204508 / S288c)	1:Experimental evidence at protein level	Translocation protein SEC72	0.9999	0.999	2	6	6	6	2	2	2	2	2	2	2	2	2	2.6504666E7	1.7334808E7	2.751788E7	2.1622118E7	1.4622182E7	2.1279362E7	
sp|P39743|RV167_YEAST	P39743	RV167_YEAST	RVS167	482	Saccharomyces cerevisiae (strain ATCC 204508 / S288c)	1:Experimental evidence at protein level	Reduced viability upon starvation protein 167	1.0	0.999	9	43	43	43	15	16	12	15	16	12	15	16	12	1.09317392E8	1.15397608E8	1.23991264E8	1.9233716E7	2.2265612E7	2.3035274E7	
sp|P39744|NOC2_YEAST	P39744	NOC2_YEAST	NOC2	710	Saccharomyces cerevisiae (strain ATCC 204508 / S288c)	1:Experimental evidence at protein level	Nucleolar complex protein 2	1.0	0.9989	4	5	5	5	4	0	1	4	0	1	4	0	1	2.6905636E7	1.4186791E7	1.2065382E7	8872379.0	8778460.0	6805313.0	
sp|P39925|AFG3_YEAST	P39925	AFG3_YEAST	AFG3	761	Saccharomyces cerevisiae (strain ATCC 204508 / S288c)	1:Experimental evidence at protein level	Mitochondrial respiratory chain complexes assembly protein AFG3	0.9566	0.9824	2	4	4	4	2	1	1	2	1	1	2	1	1	3597009.5	8594715.0	2169361.5	3597009.5	8594715.0	2169361.5	
sp|P39926|SSO2_YEAST	P39926	SSO2_YEAST	SSO2	295	Saccharomyces cerevisiae (strain ATCC 204508 / S288c)	1:Experimental evidence at protein level	Protein SSO2	1.0	0.999	5	14	13	14	4	4	6	4	4	5	4	4	6	4.486812E7	4.1501888E7	5.093344E7	2.050286E7	2.2230442E7	2.6947414E7	
sp|P39929|SNF7_YEAST	P39929	SNF7_YEAST	SNF7	240	Saccharomyces cerevisiae (strain ATCC 204508 / S288c)	1:Experimental evidence at protein level	Vacuolar-sorting protein SNF7	1.0	0.999	3	10	10	10	3	4	3	3	4	3	3	4	3	2.5688956E7	2.5738562E7	2.7344174E7	1.0057392E7	9913350.0	1.0333584E7	
sp|P39931|SS120_YEAST	P39931	SS120_YEAST	SSP120	234	Saccharomyces cerevisiae (strain ATCC 204508 / S288c)	1:Experimental evidence at protein level	Protein SSP120	1.0	0.999	5	17	17	17	6	5	6	6	5	6	6	5	6	3.95371E7	3.9894248E7	4.7127744E7	1.0670507E7	1.0345237E7	1.1975938E7	
sp|P39935|IF4F1_YEAST	P39935	IF4F1_YEAST	TIF4631	952	Saccharomyces cerevisiae (strain ATCC 204508 / S288c)	1:Experimental evidence at protein level	Eukaryotic initiation factor 4F subunit p150	1.0	0.999	18	50	44	50	16	15	19	14	14	16	16	15	19	4.20567712E8	1.04462472E8	1.18655888E8	3.4363484E7	3.2065248E7	3.8433832E7	
sp|P39936|IF4F2_YEAST	P39936	IF4F2_YEAST	TIF4632	914	Saccharomyces cerevisiae (strain ATCC 204508 / S288c)	1:Experimental evidence at protein level	Eukaryotic initiation factor 4F subunit p130	1.0	0.999	6	7	7	13	4	1	2	4	1	2	6	2	5	2.3128004E7	1.681288E7	1.1881648E7	6447615.0	6259660.0	6068963.0	
sp|P39938|RS26A_YEAST	P39938	RS26A_YEAST	RPS26A	119	Saccharomyces cerevisiae (strain ATCC 204508 / S288c)	1:Experimental evidence at protein level	40S ribosomal protein S26-A	1.0	0.999	3	33	23	33	11	11	11	7	9	7	11	11	11	1.94813488E8	1.97020096E8	1.87253008E8	1.07839512E8	1.09163488E8	1.12394528E8	
sp|P39940|RSP5_YEAST	P39940	RSP5_YEAST	RSP5	809	Saccharomyces cerevisiae (strain ATCC 204508 / S288c)	1:Experimental evidence at protein level	E3 ubiquitin-protein ligase RSP5	1.0	0.999	17	40	40	40	14	15	11	14	15	11	14	15	11	9.7728784E7	9.2138152E7	9.6285656E7	1.5243426E7	1.3436912E7	1.4564792E7	
sp|P39954|SAHH_YEAST	P39954	SAHH_YEAST	SAH1	449	Saccharomyces cerevisiae (strain ATCC 204508 / S288c)	1:Experimental evidence at protein level	Adenosylhomocysteinase	1.0	0.999	15	215	215	215	69	76	70	69	76	70	69	76	70	1.34562547E9	1.27482957E9	1.24147328E9	1.41801408E8	1.34065264E8	1.26926768E8	
sp|P39958|GDI1_YEAST	P39958	GDI1_YEAST	GDI1	451	Saccharomyces cerevisiae (strain ATCC 204508 / S288c)	1:Experimental evidence at protein level	Rab GDP-dissociation inhibitor	1.0	0.999	7	32	32	32	12	10	10	12	10	10	12	10	10	8.80736E7	8.106444E7	7.6298848E7	2.4485004E7	2.487119E7	2.2150854E7	
sp|P39960|BEM2_YEAST	P39960	BEM2_YEAST	BEM2	2167	Saccharomyces cerevisiae (strain ATCC 204508 / S288c)	1:Experimental evidence at protein level	GTPase-activating protein BEM2/IPL2	0.9673	0.999	1	2	2	2	1	0	1	1	0	1	1	0	1	1335744.0	2210313.5	2304312.2	1335744.0	2210313.5	2304312.2	
sp|P39966|PP2C2_YEAST	P39966	PP2C2_YEAST	PTC2	464	Saccharomyces cerevisiae (strain ATCC 204508 / S288c)	1:Experimental evidence at protein level	Protein phosphatase 2C homolog 2	1.0	0.999	9	36	18	36	12	12	12	6	6	6	12	12	12	7.3773448E7	6.7836816E7	7.3094872E7	1.4219156E7	1.3687427E7	1.4427201E7	
sp|P39968|VAC8_YEAST	P39968	VAC8_YEAST	VAC8	578	Saccharomyces cerevisiae (strain ATCC 204508 / S288c)	1:Experimental evidence at protein level	Vacuolar protein 8	1.0	0.999	7	17	17	17	7	4	6	7	4	6	7	4	6	5.311296E7	4.9173068E7	4.9013728E7	1.0853835E7	9817243.0	9214433.0	
sp|P39969|BOI2_YEAST	P39969	BOI2_YEAST	BOI2	1040	Saccharomyces cerevisiae (strain ATCC 204508 / S288c)	1:Experimental evidence at protein level	Protein BOI2	0.967	0.999	1	2	2	2	1	0	1	1	0	1	1	0	1	464680.38	523154.2	0.0	464680.38	523154.2	0.0	
sp|P39976|DLD3_YEAST	P39976	DLD3_YEAST	DLD3	496	Saccharomyces cerevisiae (strain ATCC 204508 / S288c)	1:Experimental evidence at protein level	D-2-hydroxyglutarate--pyruvate transhydrogenase DLD3	1.0	0.999	14	157	151	157	51	54	52	49	52	50	51	54	52	4.69178176E8	4.54390016E8	4.96943648E8	6.6439004E7	6.0838828E7	7.1496192E7	
sp|P39984|HAT2_YEAST	P39984	HAT2_YEAST	HAT2	401	Saccharomyces cerevisiae (strain ATCC 204508 / S288c)	1:Experimental evidence at protein level	Histone acetyltransferase type B subunit 2	0.7418	0.9898	1	2	2	2	1	0	1	1	0	1	1	0	1	1.2358926E7	1.2156376E7	1.5212245E7	1.2358926E7	1.2156376E7	1.5212245E7	
sp|P39985|DPO5_YEAST	P39985	DPO5_YEAST	POL5	1022	Saccharomyces cerevisiae (strain ATCC 204508 / S288c)	1:Experimental evidence at protein level	rDNA transcriptional regulator POL5	0.9624	0.9988	1	1	1	1	0	0	1	0	0	1	0	0	1	2481134.2	3096610.5	2501466.0	2481134.2	3096610.5	2501466.0	
sp|P39986|SPF1_YEAST	P39986	SPF1_YEAST	SPF1	1215	Saccharomyces cerevisiae (strain ATCC 204508 / S288c)	1:Experimental evidence at protein level	Endoplasmic reticulum transmembrane helix translocase	1.0	0.999	25	85	85	85	26	28	31	26	28	31	26	28	31	2.01195008E8	2.06423536E8	2.19362144E8	2.5434012E7	2.6637296E7	2.7073784E7	
sp|P39990|SNU13_YEAST	P39990	SNU13_YEAST	SNU13	126	Saccharomyces cerevisiae (strain ATCC 204508 / S288c)	1:Experimental evidence at protein level	13 kDa ribonucleoprotein-associated protein	0.9997	0.999	2	11	11	11	4	4	3	4	4	3	4	4	3	7.958576E7	7.0799936E7	7.1503496E7	4.4496252E7	3.9851356E7	3.9578208E7	
sp|P39993|GEA2_YEAST	P39993	GEA2_YEAST	GEA2	1459	Saccharomyces cerevisiae (strain ATCC 204508 / S288c)	1:Experimental evidence at protein level	ARF guanine-nucleotide exchange factor 2	1.0	0.999	3	5	5	5	3	2	0	3	2	0	3	2	0	8705700.0	6672920.0	3044837.2	4153679.2	3842126.5	5355510.5	
sp|P40005|PFD2_YEAST	P40005	PFD2_YEAST	GIM4	111	Saccharomyces cerevisiae (strain ATCC 204508 / S288c)	1:Experimental evidence at protein level	Prefoldin subunit 2	0.9674	0.999	1	3	3	3	1	1	1	1	1	1	1	1	1	6434947.0	5102014.0	5007987.5	6434947.0	5102014.0	5007987.5	
sp|P40006|IRC22_YEAST	P40006	IRC22_YEAST	IRC22	225	Saccharomyces cerevisiae (strain ATCC 204508 / S288c)	1:Experimental evidence at protein level	Increased recombination centers protein 22	0.9674	0.999	1	4	4	4	2	1	1	2	1	1	2	1	1	1.1442438E7	1.554122E7	1.8415496E7	1.1442438E7	1.554122E7	1.8415496E7	
sp|P40008|FMP52_YEAST	P40008	FMP52_YEAST	FMP52	231	Saccharomyces cerevisiae (strain ATCC 204508 / S288c)	1:Experimental evidence at protein level	Protein FMP52, mitochondrial	1.0	0.999	5	14	14	14	6	4	4	6	4	4	6	4	4	4.010484E7	3.8747604E7	3.826782E7	1.1854049E7	1.1051913E7	1.1440888E7	
sp|P40010|NUG1_YEAST	P40010	NUG1_YEAST	NUG1	520	Saccharomyces cerevisiae (strain ATCC 204508 / S288c)	1:Experimental evidence at protein level	Nuclear GTP-binding protein NUG1	1.0	0.999	4	10	10	10	5	2	3	5	2	3	5	2	3	2.3961502E7	2.5575248E7	2.5079498E7	7330803.0	1.0211535E7	9328478.0	
sp|P40011|RRAAH_YEAST	P40011	RRAAH_YEAST	YER010C	234	Saccharomyces cerevisiae (strain ATCC 204508 / S288c)	1:Experimental evidence at protein level	4-hydroxy-4-methyl-2-oxoglutarate aldolase	0.9674	0.999	1	2	2	2	1	1	0	1	1	0	1	1	0	6989129.5	5127074.0	6758598.0	6989129.5	5127074.0	6758598.0	
sp|P40015|ISC1_YEAST	P40015	ISC1_YEAST	ISC1	477	Saccharomyces cerevisiae (strain ATCC 204508 / S288c)	1:Experimental evidence at protein level	Inositol phosphosphingolipids phospholipase C	0.9666	0.999	1	1	1	1	0	1	0	0	1	0	0	1	0	2603152.8	3031195.0	2351421.2	2603152.8	3031195.0	2351421.2	
sp|P40016|RPN3_YEAST	P40016	RPN3_YEAST	RPN3	523	Saccharomyces cerevisiae (strain ATCC 204508 / S288c)	1:Experimental evidence at protein level	26S proteasome regulatory subunit RPN3	1.0	0.999	7	17	17	17	6	6	5	6	6	5	6	6	5	6.3553072E7	5.3952496E7	6.4760336E7	2.5043144E7	2.3500794E7	2.4095822E7	
sp|P40018|RSMB_YEAST	P40018	RSMB_YEAST	SMB1	196	Saccharomyces cerevisiae (strain ATCC 204508 / S288c)	1:Experimental evidence at protein level	Small nuclear ribonucleoprotein-associated protein B	0.9674	0.999	1	3	3	3	1	1	1	1	1	1	1	1	1	1844048.8	1951204.6	1950209.8	1844048.8	1951204.6	1950209.8	
sp|P40019|CHZ1_YEAST	P40019	CHZ1_YEAST	CHZ1	153	Saccharomyces cerevisiae (strain ATCC 204508 / S288c)	1:Experimental evidence at protein level	Histone H2A.Z-specific chaperone CHZ1	1.0	0.999	2	6	6	6	2	2	2	2	2	2	2	2	2	1.6594434E7	1.7913256E7	2.0263132E7	9623533.0	1.0493463E7	1.1535505E7	
sp|P40022|YEM4_YEAST	P40022	YEM4_YEAST	YER034W	185	Saccharomyces cerevisiae (strain ATCC 204508 / S288c)	1:Experimental evidence at protein level	Uncharacterized protein YER034W	0.9674	0.999	1	2	2	2	0	1	1	0	1	1	0	1	1	3852355.0	4956240.5	5494588.5	3852355.0	4956240.5	5494588.5	
sp|P40024|ARB1_YEAST	P40024	ARB1_YEAST	ARB1	610	Saccharomyces cerevisiae (strain ATCC 204508 / S288c)	1:Experimental evidence at protein level	ABC transporter ATP-binding protein ARB1	1.0	0.999	14	47	47	47	17	15	15	17	15	15	17	15	15	1.60455648E8	1.51708016E8	1.54033648E8	1.8671862E7	1.962523E7	1.8334356E7	
sp|P40029|MSRA_YEAST	P40029	MSRA_YEAST	MXR1	184	Saccharomyces cerevisiae (strain ATCC 204508 / S288c)	1:Experimental evidence at protein level	Peptide methionine sulfoxide reductase	1.0	0.999	6	17	17	17	5	6	6	5	6	6	5	6	6	3.3422136E7	3.0420388E7	3.923816E7	9718438.0	8740622.0	1.0360383E7	
sp|P40030|ERG28_YEAST	P40030	ERG28_YEAST	ERG28	148	Saccharomyces cerevisiae (strain ATCC 204508 / S288c)	1:Experimental evidence at protein level	Ergosterol biosynthetic protein 28	0.9674	0.999	1	5	5	5	2	2	1	2	2	1	2	2	1	3.2067514E7	3.981484E7	4.1093416E7	3.2067514E7	3.981484E7	4.1093416E7	
sp|P40032|TPA1_YEAST	P40032	TPA1_YEAST	TPA1	644	Saccharomyces cerevisiae (strain ATCC 204508 / S288c)	1:Experimental evidence at protein level	Prolyl 3,4-dihydroxylase TPA1	1.0	0.999	7	14	14	14	6	4	4	6	4	4	6	4	4	2.8045844E7	1.9461994E7	2.1316E7	5689433.0	6206267.5	5959757.0	
sp|P40037|HMF1_YEAST	P40037	HMF1_YEAST	HMF1	129	Saccharomyces cerevisiae (strain ATCC 204508 / S288c)	1:Experimental evidence at protein level	Protein HMF1	1.0	0.999	5	34	34	34	12	10	12	12	10	12	12	10	12	1.42345392E8	1.47789408E8	1.7914848E8	5.129988E7	5.9984192E7	6.0007024E7	
sp|P40040|THO1_YEAST	P40040	THO1_YEAST	THO1	218	Saccharomyces cerevisiae (strain ATCC 204508 / S288c)	1:Experimental evidence at protein level	Protein THO1	1.0	0.999	3	10	10	10	2	5	3	2	5	3	2	5	3	3.3196212E7	2.0979406E7	2.9471062E7	1.3394668E7	8740276.0	1.19263E7	
sp|P40043|RGI1_YEAST	P40043	RGI1_YEAST	RGI1	161	Saccharomyces cerevisiae (strain ATCC 204508 / S288c)	1:Experimental evidence at protein level	Respiratory growth induced protein 1	1.0	0.999	3	25	25	25	7	9	9	7	9	9	7	9	9	8.4264552E7	1.21315264E8	1.211558E8	4.07306E7	4.8218776E7	4.6925488E7	
sp|P40046|VTC1_YEAST	P40046	VTC1_YEAST	VTC1	129	Saccharomyces cerevisiae (strain ATCC 204508 / S288c)	1:Experimental evidence at protein level	Vacuolar transporter chaperone complex subunit 1	0.9999	0.999	2	10	10	10	3	4	3	3	4	3	3	4	3	4.987254E7	4.9709464E7	5.2806748E7	3.538742E7	3.627466E7	3.7374452E7	
sp|P40047|ALDH5_YEAST	P40047	ALDH5_YEAST	ALD5	520	Saccharomyces cerevisiae (strain ATCC 204508 / S288c)	1:Experimental evidence at protein level	Aldehyde dehydrogenase 5, mitochondrial	1.0	0.999	8	17	17	17	6	5	6	6	5	6	6	5	6	3.5055116E7	4.0808112E7	4.596352E7	8955915.0	1.0710705E7	9596950.0	
sp|P40053|AIM9_YEAST	P40053	AIM9_YEAST	AIM9	627	Saccharomyces cerevisiae (strain ATCC 204508 / S288c)	1:Experimental evidence at protein level	Altered inheritance of mitochondria protein 9, mitochondrial	1.0	0.999	8	13	13	13	8	2	3	8	2	3	8	2	3	3.6669608E7	3.0522716E7	3.3999064E7	8772854.0	7949659.0	8572821.0	
sp|P40054|SERA_YEAST	P40054	SERA_YEAST	SER3	469	Saccharomyces cerevisiae (strain ATCC 204508 / S288c)	1:Experimental evidence at protein level	D-3-phosphoglycerate dehydrogenase 1	1.0	0.999	13	42	14	42	14	14	14	4	5	5	14	14	14	1.1840232E8	1.22444528E8	1.40138608E8	1.399378E7	1.4723674E7	1.6705937E7	
sp|P40056|GET2_YEAST	P40056	GET2_YEAST	GET2	285	Saccharomyces cerevisiae (strain ATCC 204508 / S288c)	1:Experimental evidence at protein level	Golgi to ER traffic protein 2	1.0	0.999	2	2	2	2	2	0	0	2	0	0	2	0	0	8852974.0	9116995.0	8032355.0	4849752.5	4989234.0	4303593.0	
sp|P40064|NU157_YEAST	P40064	NU157_YEAST	NUP157	1391	Saccharomyces cerevisiae (strain ATCC 204508 / S288c)	1:Experimental evidence at protein level	Nucleoporin NUP157	0.8944	0.9965	1	1	1	1	0	1	0	0	1	0	0	1	0	0.0	1723774.6	0.0	0.0	0.0	0.0	
sp|P40069|IMB4_YEAST	P40069	IMB4_YEAST	KAP123	1113	Saccharomyces cerevisiae (strain ATCC 204508 / S288c)	1:Experimental evidence at protein level	Importin subunit beta-4	1.0	0.999	25	99	99	99	36	33	30	36	33	30	36	33	30	2.73026208E8	2.52939456E8	3.05411072E8	3.1024072E7	2.8880108E7	3.2854966E7	
sp|P40070|LSM4_YEAST	P40070	LSM4_YEAST	LSM4	187	Saccharomyces cerevisiae (strain ATCC 204508 / S288c)	1:Experimental evidence at protein level	U6 snRNA-associated Sm-like protein LSm4	0.9996	0.9976	2	4	4	4	2	1	1	2	1	1	2	1	1	2.4264092E7	1.552863E7	6643707.5	1.3464547E7	7793205.5	1.097591E7	
sp|P40075|SCS2_YEAST	P40075	SCS2_YEAST	SCS2	244	Saccharomyces cerevisiae (strain ATCC 204508 / S288c)	1:Experimental evidence at protein level	Vesicle-associated membrane protein-associated protein SCS2	1.0	0.999	6	33	33	33	9	13	11	9	13	11	9	13	11	1.85874448E8	1.84061168E8	2.02979744E8	6.560852E7	7.0530672E7	6.9853872E7	
sp|P40081|MGDP1_YEAST	P40081	MGDP1_YEAST	YER134C	178	Saccharomyces cerevisiae (strain ATCC 204508 / S288c)	1:Experimental evidence at protein level	Putative magnesium-dependent phosphatase YER134C	1.0	0.999	2	6	6	6	2	2	2	2	2	2	2	2	2	8500790.0	1.2120056E7	1.0577466E7	6197056.5	8013391.5	7063439.5	
sp|P40086|COX15_YEAST	P40086	COX15_YEAST	COX15	486	Saccharomyces cerevisiae (strain ATCC 204508 / S288c)	1:Experimental evidence at protein level	Cytochrome c oxidase assembly protein COX15	0.9674	0.999	1	1	1	1	0	1	0	0	1	0	0	1	0	1432171.2	1547335.5	1652335.8	1432171.2	1547335.5	1652335.8	
sp|P40087|DDI1_YEAST	P40087	DDI1_YEAST	DDI1	428	Saccharomyces cerevisiae (strain ATCC 204508 / S288c)	1:Experimental evidence at protein level	DNA damage-inducible protein 1	1.0	0.999	3	9	9	9	3	3	3	3	3	3	3	3	3	1.2804926E7	1.3557178E7	1.2883935E7	5248408.5	6317823.0	5369888.0	
sp|P40088|FTR1_YEAST	P40088	FTR1_YEAST	FTR1	404	Saccharomyces cerevisiae (strain ATCC 204508 / S288c)	1:Experimental evidence at protein level	Plasma membrane iron permease	0.9982	0.9964	2	4	4	4	2	1	1	2	1	1	2	1	1	1.3344836E7	1.8501284E7	1.4786674E7	1.0023771E7	1.3026581E7	1.4786674E7	
sp|P40089|LSM5_YEAST	P40089	LSM5_YEAST	LSM5	93	Saccharomyces cerevisiae (strain ATCC 204508 / S288c)	1:Experimental evidence at protein level	U6 snRNA-associated Sm-like protein LSm5	0.9674	0.999	1	1	1	1	0	0	1	0	0	1	0	0	1	4517701.0	7009867.5	8400490.0	4517701.0	7009867.5	8400490.0	
sp|P40093|YEY6_YEAST	P40093	YEY6_YEAST	YER156C	338	Saccharomyces cerevisiae (strain ATCC 204508 / S288c)	1:Experimental evidence at protein level	MYG1 protein YER156C	1.0	0.999	5	8	8	8	5	2	1	5	2	1	5	2	1	2.8873458E7	3.3431684E7	2.206652E7	7173810.0	9379313.0	7864318.0	
sp|P40096|NCB1_YEAST	P40096	NCB1_YEAST	BUR6	142	Saccharomyces cerevisiae (strain ATCC 204508 / S288c)	1:Experimental evidence at protein level	Negative cofactor 2 complex subunit alpha	1.0	0.999	3	7	7	7	3	2	2	3	2	2	3	2	2	1.7438442E7	2.3585558E7	2.1396198E7	1.0136446E7	1.0317661E7	9268216.0	
sp|P40106|GPP2_YEAST	P40106	GPP2_YEAST	GPP2	250	Saccharomyces cerevisiae (strain ATCC 204508 / S288c)	1:Experimental evidence at protein level	Glycerol-1-phosphate phosphohydrolase 2	1.0	0.999	10	30	30	71	10	11	9	10	11	9	22	25	24	1.47829824E8	1.38958144E8	1.51493024E8	5.0790548E7	4.8960016E7	5.362274E7	
sp|P40150|SSB2_YEAST	P40150	SSB2_YEAST	SSB2	613	Saccharomyces cerevisiae (strain ATCC 204508 / S288c)	1:Experimental evidence at protein level	Ribosome-associated molecular chaperone SSB2	1.0	0.999	26	35	35	419	10	13	12	10	13	12	138	142	139	1.81216512E8	2.52273088E8	2.36368208E8	1.04437856E8	1.46667408E8	1.48223312E8	
sp|P40157|VID27_YEAST	P40157	VID27_YEAST	VID27	782	Saccharomyces cerevisiae (strain ATCC 204508 / S288c)	1:Experimental evidence at protein level	Vacuolar import and degradation protein 27	0.9972	0.999	2	4	4	4	1	2	1	1	2	1	1	2	1	2.8796306E7	2.3421814E7	2.2982288E7	1.6407503E7	1.305702E7	1.3099879E7	
sp|P40159|YNU8_YEAST	P40159	YNU8_YEAST	YNL208W	199	Saccharomyces cerevisiae (strain ATCC 204508 / S288c)	1:Experimental evidence at protein level	Uncharacterized protein YNL208W	1.0	0.999	6	29	29	29	9	9	11	9	9	11	9	9	11	7.3392824E7	9.4810728E7	9.5688032E7	1.4894748E7	2.051465E7	2.0965858E7	
sp|P40161|RT106_YEAST	P40161	RT106_YEAST	RTT106	455	Saccharomyces cerevisiae (strain ATCC 204508 / S288c)	1:Experimental evidence at protein level	Histone chaperone RTT106	1.0	0.999	2	3	3	3	0	1	2	0	1	2	0	1	2	0.0	0.0	4495148.0	0.0	0.0	0.0	
sp|P40165|NNRE_YEAST	P40165	NNRE_YEAST	NNR1	246	Saccharomyces cerevisiae (strain ATCC 204508 / S288c)	1:Experimental evidence at protein level	NAD(P)H-hydrate epimerase	1.0	0.999	2	2	2	2	2	0	0	2	0	0	2	0	0	1.1534598E7	1.2610218E7	1.2747182E7	6575040.0	7018462.0	7234445.5	
sp|P40185|MMF1_YEAST	P40185	MMF1_YEAST	MMF1	145	Saccharomyces cerevisiae (strain ATCC 204508 / S288c)	1:Experimental evidence at protein level	Protein MMF1, mitochondrial	1.0	0.999	6	87	87	87	27	26	34	27	26	34	27	26	34	5.6290195E8	5.25756576E8	5.6885555E8	1.6652592E8	1.57514832E8	1.63658112E8	
sp|P40202|CCS1_YEAST	P40202	CCS1_YEAST	CCS1	249	Saccharomyces cerevisiae (strain ATCC 204508 / S288c)	1:Experimental evidence at protein level	Superoxide dismutase 1 copper chaperone	1.0	0.999	5	23	23	23	7	9	7	7	9	7	7	9	7	7.7718928E7	6.9204152E7	7.6646984E7	1.9364458E7	1.7539612E7	1.9509904E7	
sp|P40210|SIP5_YEAST	P40210	SIP5_YEAST	SIP5	489	Saccharomyces cerevisiae (strain ATCC 204508 / S288c)	1:Experimental evidence at protein level	Protein SIP5	0.9647	0.9989	1	1	1	1	0	0	1	0	0	1	0	0	1	4003244.0	5381169.0	4589933.0	4003244.0	5381169.0	4589933.0	
sp|P40212|RL13B_YEAST	P40212	RL13B_YEAST	RPL13B	199	Saccharomyces cerevisiae (strain ATCC 204508 / S288c)	1:Experimental evidence at protein level	60S ribosomal protein L13-B	1.0	0.999	8	144	0	144	46	46	52	0	0	0	46	46	52	1.30030707E9	1.20707955E9	1.29111654E9	3.52328704E8	3.26012576E8	3.47045376E8	sp|Q12690|RL13A_YEAST
sp|P40215|NDH1_YEAST	P40215	NDH1_YEAST	NDE1	560	Saccharomyces cerevisiae (strain ATCC 204508 / S288c)	1:Experimental evidence at protein level	External NADH-ubiquinone oxidoreductase 1, mitochondrial	1.0	0.999	10	26	23	26	8	10	8	7	9	7	8	10	8	6.4478508E7	5.520816E7	5.6604256E7	1.1075533E7	9365015.0	1.0171812E7	
sp|P40217|EIF3I_YEAST	P40217	EIF3I_YEAST	TIF34	347	Saccharomyces cerevisiae (strain ATCC 204508 / S288c)	1:Experimental evidence at protein level	Eukaryotic translation initiation factor 3 subunit I	1.0	0.999	11	48	48	48	15	15	18	15	15	18	15	15	18	1.4067424E8	1.2953456E8	1.52279632E8	3.3282714E7	3.4825956E7	3.7515952E7	
sp|P40302|PSA6_YEAST	P40302	PSA6_YEAST	PRE5	234	Saccharomyces cerevisiae (strain ATCC 204508 / S288c)	1:Experimental evidence at protein level	Proteasome subunit alpha type-6	1.0	0.999	11	41	41	41	12	16	13	12	16	13	12	16	13	1.56493616E8	1.5479592E8	1.50561104E8	2.8605198E7	2.5941004E7	2.6628148E7	
sp|P40303|PSA4_YEAST	P40303	PSA4_YEAST	PRE6	254	Saccharomyces cerevisiae (strain ATCC 204508 / S288c)	1:Experimental evidence at protein level	Proteasome subunit alpha type-4	1.0	0.999	5	33	33	33	11	11	11	11	11	11	11	11	11	8.3992552E7	8.8086296E7	8.913324E7	3.1939162E7	3.469452E7	3.5290328E7	
sp|P40312|CYB5_YEAST	P40312	CYB5_YEAST	CYB5	120	Saccharomyces cerevisiae (strain ATCC 204508 / S288c)	1:Experimental evidence at protein level	Cytochrome b5	1.0	0.9989	2	4	4	4	1	1	2	1	1	2	1	1	2	1.1905803E7	1.4698138E7	3.6107548E7	1.2279642E7	1.5159656E7	1.775779E7	
sp|P40318|DOA10_YEAST	P40318	DOA10_YEAST	SSM4	1319	Saccharomyces cerevisiae (strain ATCC 204508 / S288c)	1:Experimental evidence at protein level	ERAD-associated E3 ubiquitin-protein ligase DOA10	0.9674	0.999	1	2	2	2	1	1	0	1	1	0	1	1	0	1931400.0	2550502.0	2969374.0	1931400.0	2550502.0	2969374.0	
sp|P40319|ELO3_YEAST	P40319	ELO3_YEAST	ELO3	345	Saccharomyces cerevisiae (strain ATCC 204508 / S288c)	1:Experimental evidence at protein level	Elongation of fatty acids protein 3	1.0	0.999	4	17	17	17	5	6	6	5	6	6	5	6	6	1.42977984E8	7.5658056E7	1.14119616E8	6.1173228E7	6.0368568E7	5.188012E7	
sp|P40325|HUA1_YEAST	P40325	HUA1_YEAST	HUA1	198	Saccharomyces cerevisiae (strain ATCC 204508 / S288c)	1:Experimental evidence at protein level	Proline-rich protein HUA1	0.6461	0.984	1	1	1	1	0	1	0	0	1	0	0	1	0	2323334.8	2463753.2	2413686.5	2323334.8	2463753.2	2413686.5	
sp|P40327|PRS4_YEAST	P40327	PRS4_YEAST	RPT2	437	Saccharomyces cerevisiae (strain ATCC 204508 / S288c)	1:Experimental evidence at protein level	26S proteasome regulatory subunit 4 homolog	1.0	0.999	8	20	20	20	7	7	6	7	7	6	7	7	6	1.03982312E8	8.9097E7	9.1077856E7	2.614541E7	2.3972094E7	2.4671582E7	
sp|P40335|PEP8_YEAST	P40335	PEP8_YEAST	PEP8	379	Saccharomyces cerevisiae (strain ATCC 204508 / S288c)	1:Experimental evidence at protein level	Carboxypeptidase Y-deficient protein 8	0.9673	0.999	1	1	1	1	1	0	0	1	0	0	1	0	0	3752538.8	2843376.5	2374069.2	3752538.8	2843376.5	2374069.2	
sp|P40341|YTA12_YEAST	P40341	YTA12_YEAST	YTA12	825	Saccharomyces cerevisiae (strain ATCC 204508 / S288c)	1:Experimental evidence at protein level	Mitochondrial respiratory chain complexes assembly protein YTA12	0.9674	0.999	1	3	3	3	1	1	1	1	1	1	1	1	1	3543431.5	4343663.5	4298348.5	3543431.5	4343663.5	4298348.5	
sp|P40343|VPS27_YEAST	P40343	VPS27_YEAST	VPS27	622	Saccharomyces cerevisiae (strain ATCC 204508 / S288c)	1:Experimental evidence at protein level	Vacuolar protein sorting-associated protein 27	0.9315	0.9978	1	1	1	1	1	0	0	1	0	0	1	0	0	2437252.0	0.0	0.0	0.0	0.0	0.0	
sp|P40347|PPAL_YEAST	P40347	PPAL_YEAST	LTP1	161	Saccharomyces cerevisiae (strain ATCC 204508 / S288c)	1:Experimental evidence at protein level	Low molecular weight phosphotyrosine protein phosphatase	0.9674	0.999	1	3	3	3	1	1	1	1	1	1	1	1	1	9997472.0	1.0166024E7	1.1470634E7	9997472.0	1.0166024E7	1.1470634E7	
sp|P40348|RFC2_YEAST	P40348	RFC2_YEAST	RFC2	353	Saccharomyces cerevisiae (strain ATCC 204508 / S288c)	1:Experimental evidence at protein level	Replication factor C subunit 2	0.9998	0.9988	2	3	3	3	2	0	1	2	0	1	2	0	1	3718901.0	0.0	4797449.5	3718901.0	0.0	4797449.5	
sp|P40350|ALG5_YEAST	P40350	ALG5_YEAST	ALG5	334	Saccharomyces cerevisiae (strain ATCC 204508 / S288c)	1:Experimental evidence at protein level	Dolichyl-phosphate beta-glucosyltransferase	0.9656	0.9989	1	1	1	1	1	0	0	1	0	0	1	0	0	0.0	0.0	0.0	0.0	0.0	0.0	
sp|P40363|SFGH_YEAST	P40363	SFGH_YEAST	YJL068C	299	Saccharomyces cerevisiae (strain ATCC 204508 / S288c)	1:Experimental evidence at protein level	S-formylglutathione hydrolase	0.997	0.9989	2	4	4	4	1	2	1	1	2	1	1	2	1	8909554.0	1.0284763E7	8920991.0	6039086.0	6883989.0	5441220.0	
sp|P40364|MPM1_YEAST	P40364	MPM1_YEAST	MPM1	252	Saccharomyces cerevisiae (strain ATCC 204508 / S288c)	1:Experimental evidence at protein level	Mitochondrial peculiar membrane protein 1	1.0	0.999	3	5	5	5	2	1	2	2	1	2	2	1	2	2.3873596E7	2.876736E7	3.2388616E7	1.7098854E7	1.6079672E7	1.5467257E7	
sp|P40368|NUP82_YEAST	P40368	NUP82_YEAST	NUP82	713	Saccharomyces cerevisiae (strain ATCC 204508 / S288c)	1:Experimental evidence at protein level	Nucleoporin NUP82	0.9998	0.9986	2	3	3	3	2	1	0	2	1	0	2	1	0	1.8523444E7	6644625.5	2.0061948E7	9178955.0	7758806.5	1.1216409E7	
sp|P40413|TCPE_YEAST	P40413	TCPE_YEAST	CCT5	562	Saccharomyces cerevisiae (strain ATCC 204508 / S288c)	1:Experimental evidence at protein level	T-complex protein 1 subunit epsilon	1.0	0.999	18	55	55	55	17	19	19	17	19	19	17	19	19	1.58578848E8	1.40298656E8	1.70098256E8	1.6185928E7	1.3652263E7	1.5113367E7	
sp|P40414|TPM2_YEAST	P40414	TPM2_YEAST	TPM2	161	Saccharomyces cerevisiae (strain ATCC 204508 / S288c)	1:Experimental evidence at protein level	Tropomyosin-2	1.0	0.999	9	31	31	31	9	11	11	9	11	11	9	11	11	1.07722712E8	1.15112104E8	1.05032168E8	1.7120754E7	1.978945E7	1.7231656E7	
sp|P40422|RPAB4_YEAST	P40422	RPAB4_YEAST	RPC10	70	Saccharomyces cerevisiae (strain ATCC 204508 / S288c)	1:Experimental evidence at protein level	DNA-directed RNA polymerases I, II, and III subunit RPABC4	0.9998	0.999	2	6	6	6	2	2	2	2	2	2	2	2	2	2.2369412E7	1.7048314E7	2.2508828E7	1.3946806E7	1.0911866E7	1.4547744E7	
sp|P40433|6P21_YEAST	P40433	6P21_YEAST	PFK26	827	Saccharomyces cerevisiae (strain ATCC 204508 / S288c)	1:Experimental evidence at protein level	6-phosphofructo-2-kinase 1	0.955	0.9986	1	1	1	1	1	0	0	1	0	0	1	0	0	4465941.5	3698030.2	4288399.0	4465941.5	3698030.2	4288399.0	
sp|P40442|CSS1_YEAST	P40442	CSS1_YEAST	CSS1	995	Saccharomyces cerevisiae (strain ATCC 204508 / S288c)	2:Experimental evidence at transcript level	Secreted protein CSS1	0.966	0.999	1	3	0	3	2	0	1	0	0	0	2	0	1	5397219.5	6060101.5	5496243.0	5397219.5	6060101.5	5496243.0	sp|Q05164|HPF1_YEAST
sp|P40459|PANC_YEAST	P40459	PANC_YEAST	PAN6	309	Saccharomyces cerevisiae (strain ATCC 204508 / S288c)	1:Experimental evidence at protein level	Pantoate--beta-alanine ligase	1.0	0.999	5	8	6	8	2	3	3	1	2	3	2	3	3	8117066.0	2.309216E7	1.1276337E7	7279969.0	5735388.0	6033137.0	
sp|P40462|TM108_YEAST	P40462	TM108_YEAST	TMA108	946	Saccharomyces cerevisiae (strain ATCC 204508 / S288c)	1:Experimental evidence at protein level	Protein TMA108	1.0	0.999	7	13	13	13	4	4	5	4	4	5	4	4	5	1.6972128E7	1.9332016E7	2.070306E7	6217159.5	8389359.0	9110201.0	
sp|P40471|AYR1_YEAST	P40471	AYR1_YEAST	AYR1	297	Saccharomyces cerevisiae (strain ATCC 204508 / S288c)	1:Experimental evidence at protein level	NADPH-dependent 1-acyldihydroxyacetone phosphate reductase	1.0	0.999	3	7	7	7	3	2	2	3	2	2	3	2	2	1.9337052E7	2.5098226E7	2.5016664E7	1.5295524E7	2.0922646E7	1.9161582E7	
sp|P40477|NU159_YEAST	P40477	NU159_YEAST	NUP159	1460	Saccharomyces cerevisiae (strain ATCC 204508 / S288c)	1:Experimental evidence at protein level	Nucleoporin NUP159	0.9999	0.9987	3	3	3	3	1	1	1	1	1	1	1	1	1	3652890.5	5950097.0	5204379.5	3652890.5	3102686.5	5204379.5	
sp|P40482|SEC24_YEAST	P40482	SEC24_YEAST	SEC24	926	Saccharomyces cerevisiae (strain ATCC 204508 / S288c)	1:Experimental evidence at protein level	Protein transport protein SEC24	1.0	0.999	19	60	60	60	23	19	18	23	19	18	23	19	18	3.74524032E8	3.4382784E8	1.96843328E8	1.30431968E8	1.28276312E8	1.3884104E8	
sp|P40483|YIK8_YEAST	P40483	YIK8_YEAST	YIL108W	696	Saccharomyces cerevisiae (strain ATCC 204508 / S288c)	1:Experimental evidence at protein level	Putative zinc metalloproteinase YIL108W	1.0	0.999	2	4	4	4	1	1	2	1	1	2	1	1	2	4789381.0	7759451.5	8894268.0	2788421.5	4347423.5	5179082.0	
sp|P40495|LYS12_YEAST	P40495	LYS12_YEAST	LYS12	371	Saccharomyces cerevisiae (strain ATCC 204508 / S288c)	1:Experimental evidence at protein level	Homoisocitrate dehydrogenase, mitochondrial	1.0	0.999	12	51	51	51	19	15	17	19	15	17	19	15	17	1.32936704E8	1.2379876E8	1.11278776E8	2.2172322E7	2.0407364E7	1.9628612E7	
sp|P40499|ICE2_YEAST	P40499	ICE2_YEAST	ICE2	491	Saccharomyces cerevisiae (strain ATCC 204508 / S288c)	1:Experimental evidence at protein level	Protein ICE2	0.9674	0.999	1	2	2	2	1	1	0	1	1	0	1	1	0	0.0	0.0	0.0	0.0	0.0	0.0	
sp|P40501|AVT7_YEAST	P40501	AVT7_YEAST	AVT7	490	Saccharomyces cerevisiae (strain ATCC 204508 / S288c)	1:Experimental evidence at protein level	Vacuolar amino acid transporter 7	0.9674	0.999	1	3	3	3	1	1	1	1	1	1	1	1	1	4743653.5	7179298.5	5513695.0	4743653.5	7179298.5	5513695.0	
sp|P40505|SDS3_YEAST	P40505	SDS3_YEAST	SDS3	327	Saccharomyces cerevisiae (strain ATCC 204508 / S288c)	1:Experimental evidence at protein level	Transcriptional regulatory protein SDS3	0.9674	0.999	1	2	2	2	0	1	1	0	1	1	0	1	1	1577897.5	1972394.8	2225824.5	1577897.5	1972394.8	2225824.5	
sp|P40506|PPCS_YEAST	P40506	PPCS_YEAST	CAB2	365	Saccharomyces cerevisiae (strain ATCC 204508 / S288c)	1:Experimental evidence at protein level	Phosphopantothenate--cysteine ligase CAB2	0.9976	0.999	2	3	3	3	1	0	2	1	0	2	1	0	2	5400116.5	0.0	1.3117816E7	6179961.5	0.0	6499723.5	
sp|P40509|COPE_YEAST	P40509	COPE_YEAST	SEC28	296	Saccharomyces cerevisiae (strain ATCC 204508 / S288c)	1:Experimental evidence at protein level	Coatomer subunit epsilon	1.0	0.999	5	22	22	22	7	7	8	7	7	8	7	7	8	4.3423544E7	5.1972328E7	4.1581124E7	1.6004036E7	2.0890338E7	1.7764918E7	
sp|P40510|SER33_YEAST	P40510	SER33_YEAST	SER33	469	Saccharomyces cerevisiae (strain ATCC 204508 / S288c)	1:Experimental evidence at protein level	D-3-phosphoglycerate dehydrogenase 2	1.0	0.999	11	9	9	37	3	3	3	3	3	3	13	12	12	2.9769404E7	3.2772154E7	3.447486E7	1.4793077E7	1.5976138E7	1.6145385E7	
sp|P40513|MAM33_YEAST	P40513	MAM33_YEAST	MAM33	266	Saccharomyces cerevisiae (strain ATCC 204508 / S288c)	1:Experimental evidence at protein level	Mitochondrial acidic protein MAM33	1.0	0.999	3	7	7	7	2	2	3	2	2	3	2	2	3	2.2949494E7	2.440992E7	2.8887644E7	1.0896712E7	1.3762147E7	1.6466644E7	
sp|P40515|FIS1_YEAST	P40515	FIS1_YEAST	FIS1	155	Saccharomyces cerevisiae (strain ATCC 204508 / S288c)	1:Experimental evidence at protein level	Mitochondrial fission 1 protein	0.9164	0.9973	1	1	1	1	0	1	0	0	1	0	0	1	0	2028678.1	2353772.5	2313520.2	2028678.1	2353772.5	2313520.2	
sp|P40517|YRB2_YEAST	P40517	YRB2_YEAST	YRB2	327	Saccharomyces cerevisiae (strain ATCC 204508 / S288c)	1:Experimental evidence at protein level	Ran-specific GTPase-activating protein 2	0.8949	0.9965	1	2	2	2	1	0	1	1	0	1	1	0	1	6827949.0	4680480.5	5378772.5	6827949.0	4680480.5	5378772.5	
sp|P40518|ARPC5_YEAST	P40518	ARPC5_YEAST	ARC15	154	Saccharomyces cerevisiae (strain ATCC 204508 / S288c)	1:Experimental evidence at protein level	Actin-related protein 2/3 complex subunit 5	1.0	0.999	8	36	36	36	13	10	13	13	10	13	13	10	13	9.4534256E7	1.14659224E8	1.14787232E8	2.3239778E7	2.6706246E7	2.6484322E7	
sp|P40525|RL34B_YEAST	P40525	RL34B_YEAST	RPL34B	121	Saccharomyces cerevisiae (strain ATCC 204508 / S288c)	1:Experimental evidence at protein level	60S ribosomal protein L34-B	1.0	0.999	5	42	0	42	15	13	14	0	0	0	15	13	14	7.0021818E8	3.18838304E8	3.22912064E8	2.6134848E8	2.39534992E8	2.45740336E8	sp|P87262|RL34A_YEAST
sp|P40527|ATC7_YEAST	P40527	ATC7_YEAST	NEO1	1151	Saccharomyces cerevisiae (strain ATCC 204508 / S288c)	1:Experimental evidence at protein level	Probable phospholipid-transporting ATPase NEO1	0.9988	0.9948	2	4	4	4	1	2	1	1	2	1	1	2	1	0.0	1.3652083E7	3543995.2	0.0	1.3652083E7	3543995.2	
sp|P40531|GVP36_YEAST	P40531	GVP36_YEAST	GVP36	326	Saccharomyces cerevisiae (strain ATCC 204508 / S288c)	1:Experimental evidence at protein level	Protein GVP36	1.0	0.999	9	46	46	46	15	14	17	15	14	17	15	14	17	2.99876288E8	2.7237392E8	2.65115776E8	5.9528608E7	5.3331E7	5.2419884E7	
sp|P40533|TED1_YEAST	P40533	TED1_YEAST	TED1	473	Saccharomyces cerevisiae (strain ATCC 204508 / S288c)	1:Experimental evidence at protein level	Protein TED1	0.9985	0.999	2	5	5	5	2	1	2	2	1	2	2	1	2	9226879.0	6135508.0	8477775.0	9226879.0	6135508.0	8477775.0	
sp|P40540|EMC5_YEAST	P40540	EMC5_YEAST	EMC5	141	Saccharomyces cerevisiae (strain ATCC 204508 / S288c)	1:Experimental evidence at protein level	ER membrane protein complex subunit 5	1.0	0.999	2	6	6	6	2	2	2	2	2	2	2	2	2	2.5004124E7	1.8265936E7	2.049112E7	1.5050564E7	1.1151125E7	1.2676874E7	
sp|P40548|SNL1_YEAST	P40548	SNL1_YEAST	SNL1	159	Saccharomyces cerevisiae (strain ATCC 204508 / S288c)	1:Experimental evidence at protein level	HSP70 co-chaperone SNL1	0.9998	0.999	2	5	5	5	3	1	1	3	1	1	3	1	1	7529426.0	7234133.5	7635435.0	4347667.0	4407943.0	4654951.0	
sp|P40553|DOT5_YEAST	P40553	DOT5_YEAST	DOT5	215	Saccharomyces cerevisiae (strain ATCC 204508 / S288c)	1:Experimental evidence at protein level	Peroxiredoxin DOT5	1.0	0.999	3	10	10	10	4	3	3	4	3	3	4	3	3	2.4673522E7	2.460137E7	2.3417844E7	1.4804206E7	1.2861878E7	1.3304909E7	
sp|P40555|PSMD9_YEAST	P40555	PSMD9_YEAST	NAS2	220	Saccharomyces cerevisiae (strain ATCC 204508 / S288c)	1:Experimental evidence at protein level	Probable 26S proteasome regulatory subunit p27	0.9515	0.9985	1	1	1	1	0	0	1	0	0	1	0	0	1	0.0	0.0	0.0	0.0	0.0	0.0	
sp|P40557|EPS1_YEAST	P40557	EPS1_YEAST	EPS1	701	Saccharomyces cerevisiae (strain ATCC 204508 / S288c)	1:Experimental evidence at protein level	ER-retained PMA1-suppressing protein 1	0.9658	0.9989	1	3	3	3	1	1	1	1	1	1	1	1	1	0.0	0.0	0.0	0.0	0.0	0.0	
sp|P40561|SGN1_YEAST	P40561	SGN1_YEAST	SGN1	250	Saccharomyces cerevisiae (strain ATCC 204508 / S288c)	1:Experimental evidence at protein level	RNA-binding protein SGN1	1.0	0.999	3	5	5	5	3	0	2	3	0	2	3	0	2	1.2537532E7	1.0710746E7	1.325422E7	6368178.0	8512030.0	1.0379042E7	
sp|P40563|AIM21_YEAST	P40563	AIM21_YEAST	AIM21	679	Saccharomyces cerevisiae (strain ATCC 204508 / S288c)	1:Experimental evidence at protein level	Altered inheritance of mitochondria protein 21	0.8939	0.9965	1	1	1	1	1	0	0	1	0	0	1	0	0	0.0	0.0	0.0	0.0	0.0	0.0	
sp|P40564|DJP1_YEAST	P40564	DJP1_YEAST	DJP1	432	Saccharomyces cerevisiae (strain ATCC 204508 / S288c)	1:Experimental evidence at protein level	DnaJ-like protein 1	0.9998	0.9988	3	7	7	7	2	2	3	2	2	3	2	2	3	6267727.0	9326711.0	8288928.0	3401316.0	5055655.5	3952600.8	
sp|P40580|BZRD_YEAST	P40580	BZRD_YEAST	IRC24	263	Saccharomyces cerevisiae (strain ATCC 204508 / S288c)	1:Experimental evidence at protein level	Benzil reductase ((S)-benzoin forming) IRC24	1.0	0.999	5	16	16	16	6	5	5	6	5	5	6	5	5	4.1668128E7	2.8856056E7	3.5789988E7	1.1932727E7	8423039.0	1.0584788E7	
sp|P40581|GPX3_YEAST	P40581	GPX3_YEAST	HYR1	163	Saccharomyces cerevisiae (strain ATCC 204508 / S288c)	1:Experimental evidence at protein level	Glutathione peroxidase-like peroxiredoxin HYR1	1.0	0.999	6	31	31	43	8	12	11	8	12	11	12	15	16	9.7846248E7	9.013288E7	8.561728E7	4.8493976E7	5.2297916E7	5.3188144E7	
sp|P40582|GST1_YEAST	P40582	GST1_YEAST	GTT1	234	Saccharomyces cerevisiae (strain ATCC 204508 / S288c)	1:Experimental evidence at protein level	Glutathione S-transferase 1	1.0	0.999	6	21	21	21	7	7	7	7	7	7	7	7	7	7.7479016E7	8.481084E7	8.0304312E7	2.026473E7	2.2183376E7	2.2070862E7	
sp|P40825|SYA_YEAST	P40825	SYA_YEAST	ALA1	983	Saccharomyces cerevisiae (strain ATCC 204508 / S288c)	1:Experimental evidence at protein level	Alanine--tRNA ligase, mitochondrial	1.0	0.999	32	141	141	141	45	50	46	45	50	46	45	50	46	6.9273952E8	7.6046739E8	6.7415021E8	2.24126608E8	2.22504656E8	2.27909296E8	
sp|P40857|HACD_YEAST	P40857	HACD_YEAST	PHS1	217	Saccharomyces cerevisiae (strain ATCC 204508 / S288c)	1:Experimental evidence at protein level	Very-long-chain (3R)-3-hydroxyacyl-CoA dehydratase PHS1	0.9674	0.999	1	3	3	3	1	1	1	1	1	1	1	1	1	8751128.0	6880765.5	6997296.5	8751128.0	6880765.5	6997296.5	
sp|P40893|REE1_YEAST	P40893	REE1_YEAST	REE1	198	Saccharomyces cerevisiae (strain ATCC 204508 / S288c)	1:Experimental evidence at protein level	Regulation of enolase protein 1	1.0	0.999	7	30	30	30	10	10	10	10	10	10	10	10	10	8.2556584E7	8.2031424E7	8.2708808E7	2.0584728E7	1.849909E7	1.8006692E7	
sp|P40959|MVP1_YEAST	P40959	MVP1_YEAST	MVP1	511	Saccharomyces cerevisiae (strain ATCC 204508 / S288c)	1:Experimental evidence at protein level	Sorting nexin MVP1	0.9995	0.9983	2	4	4	4	1	2	1	1	2	1	1	2	1	2498107.8	2098387.8	1984713.1	2498107.8	2098387.8	1984713.1	
sp|P40961|PHB1_YEAST	P40961	PHB1_YEAST	PHB1	287	Saccharomyces cerevisiae (strain ATCC 204508 / S288c)	1:Experimental evidence at protein level	Prohibitin-1	1.0	0.999	8	25	25	25	8	9	8	8	9	8	8	9	8	6.4661692E7	5.5912036E7	6.36243E7	1.7908214E7	1.5590908E7	1.7339516E7	
sp|P40970|LCB2_YEAST	P40970	LCB2_YEAST	LCB2	561	Saccharomyces cerevisiae (strain ATCC 204508 / S288c)	1:Experimental evidence at protein level	Serine palmitoyltransferase 2	1.0	0.999	8	28	28	28	10	10	8	10	10	8	10	10	8	4.2372184E7	4.5513392E7	4.926116E7	9668065.0	1.0500698E7	1.1464426E7	
sp|P40986|CDC1_YEAST	P40986	CDC1_YEAST	CDC1	491	Saccharomyces cerevisiae (strain ATCC 204508 / S288c)	1:Experimental evidence at protein level	Cell division control protein 1	0.9471	0.9983	1	3	3	3	1	1	1	1	1	1	1	1	1	2021902.0	1745372.4	2155432.0	2021902.0	1745372.4	2155432.0	
sp|P40989|FKS2_YEAST	P40989	FKS2_YEAST	GSC2	1895	Saccharomyces cerevisiae (strain ATCC 204508 / S288c)	1:Experimental evidence at protein level	1,3-beta-glucan synthase component GSC2	1.0	0.999	23	58	26	58	20	18	20	9	8	9	20	18	20	2.8403008E8	3.1320704E8	3.17907232E8	1.3939896E8	1.62682672E8	1.72745984E8	
sp|P40991|NOP2_YEAST	P40991	NOP2_YEAST	NOP2	618	Saccharomyces cerevisiae (strain ATCC 204508 / S288c)	1:Experimental evidence at protein level	25S rRNA (cytosine(2870)-C(5))-methyltransferase	1.0	0.999	5	9	9	9	3	2	4	3	2	4	3	2	4	2.2185858E7	1.4563221E7	4.13066E7	9841265.0	8184964.5	1.0609808E7	
sp|P40994|ARF3_YEAST	P40994	ARF3_YEAST	ARF3	183	Saccharomyces cerevisiae (strain ATCC 204508 / S288c)	1:Experimental evidence at protein level	ADP-ribosylation factor 3	0.7107	0.988	1	2	2	2	1	1	0	1	1	0	1	1	0	2928632.8	6144195.5	3496105.2	2928632.8	6144195.5	3496105.2	
sp|P41057|RS29A_YEAST	P41057	RS29A_YEAST	RPS29A	56	Saccharomyces cerevisiae (strain ATCC 204508 / S288c)	1:Experimental evidence at protein level	40S ribosomal protein S29-A	1.0	0.999	4	43	43	74	14	13	16	14	13	16	24	23	27	4.12623072E8	2.92908416E8	2.56756592E8	1.71918784E8	1.0922628E8	9.416844E7	
sp|P41058|RS29B_YEAST	P41058	RS29B_YEAST	RPS29B	56	Saccharomyces cerevisiae (strain ATCC 204508 / S288c)	1:Experimental evidence at protein level	40S ribosomal protein S29-B	1.0	0.999	4	75	44	75	25	24	26	15	14	15	25	24	26	3.34505088E8	2.558136E8	2.6529064E8	1.15175096E8	9.396636E7	9.8120512E7	
sp|P41277|GPP1_YEAST	P41277	GPP1_YEAST	GPP1	250	Saccharomyces cerevisiae (strain ATCC 204508 / S288c)	1:Experimental evidence at protein level	Glycerol-1-phosphate phosphohydrolase 1	1.0	0.999	11	159	118	159	51	51	57	39	37	42	51	51	57	1.76989043E9	1.5584567E9	1.64551846E9	5.5995302E8	4.59382016E8	4.6776976E8	
sp|P41338|ERG10_YEAST	P41338	ERG10_YEAST	ERG10	398	Saccharomyces cerevisiae (strain ATCC 204508 / S288c)	1:Experimental evidence at protein level	Acetyl-CoA acetyltransferase	1.0	0.999	12	65	65	65	22	20	23	22	20	23	22	20	23	3.03634848E8	2.69248704E8	2.98411424E8	5.9150212E7	5.693216E7	6.0065852E7	
sp|P41543|OST1_YEAST	P41543	OST1_YEAST	OST1	476	Saccharomyces cerevisiae (strain ATCC 204508 / S288c)	1:Experimental evidence at protein level	Dolichyl-diphosphooligosaccharide--protein glycosyltransferase subunit 1	1.0	0.999	4	9	9	9	2	4	3	2	4	3	2	4	3	2.8262182E7	2.1358424E7	2.2348032E7	1.1854011E7	1.2426809E7	1.3092295E7	
sp|P41805|RL10_YEAST	P41805	RL10_YEAST	RPL10	221	Saccharomyces cerevisiae (strain ATCC 204508 / S288c)	1:Experimental evidence at protein level	60S ribosomal protein L10	1.0	0.999	9	153	153	153	53	48	52	53	48	52	53	48	52	1.18927539E9	1.10291661E9	1.14070643E9	2.42979008E8	2.555124E8	2.17609776E8	
sp|P41807|VATH_YEAST	P41807	VATH_YEAST	VMA13	478	Saccharomyces cerevisiae (strain ATCC 204508 / S288c)	1:Experimental evidence at protein level	V-type proton ATPase subunit H	1.0	0.999	16	108	108	108	33	38	37	33	38	37	33	38	37	3.70195072E8	3.85517376E8	3.62588416E8	5.9585024E7	6.3885308E7	6.296864E7	
sp|P41810|COPB_YEAST	P41810	COPB_YEAST	SEC26	973	Saccharomyces cerevisiae (strain ATCC 204508 / S288c)	1:Experimental evidence at protein level	Coatomer subunit beta	1.0	0.999	18	56	56	56	19	21	16	19	21	16	19	21	16	1.54587904E8	1.75529056E8	1.5600008E8	1.8487476E7	2.0911502E7	2.0626072E7	
sp|P41811|COPB2_YEAST	P41811	COPB2_YEAST	SEC27	889	Saccharomyces cerevisiae (strain ATCC 204508 / S288c)	1:Experimental evidence at protein level	Coatomer subunit beta'	1.0	0.999	26	114	114	114	36	42	36	36	42	36	36	42	36	3.59986208E8	3.71346656E8	4.10277696E8	2.421873E7	2.3453626E7	2.6098342E7	
sp|P41818|GLC8_YEAST	P41818	GLC8_YEAST	GLC8	229	Saccharomyces cerevisiae (strain ATCC 204508 / S288c)	1:Experimental evidence at protein level	Protein GLC8	1.0	0.999	5	14	14	14	5	5	4	5	5	4	5	5	4	3.9887552E7	4.1106408E7	4.5558584E7	1.2969028E7	1.3274073E7	1.4642818E7	
sp|P41835|THI6_YEAST	P41835	THI6_YEAST	THI6	540	Saccharomyces cerevisiae (strain ATCC 204508 / S288c)	3:Protein inferred from homology	Thiamine biosynthetic bifunctional enzyme	0.9317	0.9978	1	4	4	4	3	0	1	3	0	1	3	0	1	0.0	0.0	0.0	0.0	0.0	0.0	
sp|P41895|T2FA_YEAST	P41895	T2FA_YEAST	TFG1	735	Saccharomyces cerevisiae (strain ATCC 204508 / S288c)	1:Experimental evidence at protein level	Transcription initiation factor IIF subunit alpha	0.9999	0.999	2	6	6	6	1	3	2	1	3	2	1	3	2	9298690.0	8861326.0	1.0510675E7	6140243.5	6091721.5	7246213.0	
sp|P41896|T2FB_YEAST	P41896	T2FB_YEAST	TFG2	400	Saccharomyces cerevisiae (strain ATCC 204508 / S288c)	1:Experimental evidence at protein level	Transcription initiation factor IIF subunit beta	0.9978	0.999	2	4	4	4	2	1	1	2	1	1	2	1	1	2498350.5	3903130.2	3696272.2	1578170.6	2330211.2	2309245.0	
sp|P41911|GPD2_YEAST	P41911	GPD2_YEAST	GPD2	440	Saccharomyces cerevisiae (strain ATCC 204508 / S288c)	1:Experimental evidence at protein level	Glycerol-3-phosphate dehydrogenase [NAD(+)] 2, mitochondrial	1.0	0.999	7	23	23	30	9	7	7	9	7	7	11	10	9	4.6601232E7	4.5406752E7	5.0351208E7	1.5751929E7	1.3592523E7	1.491269E7	
sp|P41920|YRB1_YEAST	P41920	YRB1_YEAST	YRB1	201	Saccharomyces cerevisiae (strain ATCC 204508 / S288c)	1:Experimental evidence at protein level	Ran-specific GTPase-activating protein 1	1.0	0.999	4	35	35	35	12	11	12	12	11	12	12	11	12	7.1642648E7	6.0406124E7	6.3215E7	2.1910556E7	1.6020944E7	1.749222E7	
sp|P41921|GSHR_YEAST	P41921	GSHR_YEAST	GLR1	483	Saccharomyces cerevisiae (strain ATCC 204508 / S288c)	1:Experimental evidence at protein level	Glutathione reductase	1.0	0.999	17	101	101	101	34	31	36	34	31	36	34	31	36	2.26980992E8	2.52580624E8	2.81990752E8	5.4660984E7	5.2639068E7	5.3032336E7	
sp|P41940|MPG1_YEAST	P41940	MPG1_YEAST	PSA1	361	Saccharomyces cerevisiae (strain ATCC 204508 / S288c)	1:Experimental evidence at protein level	Mannose-1-phosphate guanyltransferase	1.0	0.999	13	117	117	117	40	38	39	40	38	39	40	38	39	6.1331296E8	6.7107322E8	5.6305427E8	1.16826968E8	1.25936112E8	1.16350704E8	
sp|P42826|XKS1_YEAST	P42826	XKS1_YEAST	XKS1	600	Saccharomyces cerevisiae (strain ATCC 204508 / S288c)	1:Experimental evidence at protein level	Xylulose kinase	0.9546	0.9986	1	1	1	1	1	0	0	1	0	0	1	0	0	0.0	0.0	0.0	0.0	0.0	0.0	
sp|P42838|LEM3_YEAST	P42838	LEM3_YEAST	LEM3	414	Saccharomyces cerevisiae (strain ATCC 204508 / S288c)	1:Experimental evidence at protein level	Alkylphosphocholine resistance protein LEM3	0.9999	0.999	2	4	4	4	1	1	2	1	1	2	1	1	2	7869391.0	3429880.0	7575908.0	5088360.0	3429880.0	4923385.0	
sp|P42840|YN60_YEAST	P42840	YN60_YEAST	YNL320W	284	Saccharomyces cerevisiae (strain ATCC 204508 / S288c)	1:Experimental evidence at protein level	Uncharacterized membrane protein YNL320W	0.8757	0.9958	1	3	3	3	1	1	1	1	1	1	1	1	1	9232668.0	9075271.0	3715592.8	9232668.0	9075271.0	3715592.8	
sp|P42846|KRI1_YEAST	P42846	KRI1_YEAST	KRI1	591	Saccharomyces cerevisiae (strain ATCC 204508 / S288c)	1:Experimental evidence at protein level	Protein KRI1	1.0	0.999	2	3	3	3	1	0	2	1	0	2	1	0	2	8041358.0	7676978.0	1.0823336E7	4303673.0	4070051.0	5788162.5	
sp|P42934|PMT6_YEAST	P42934	PMT6_YEAST	PMT6	759	Saccharomyces cerevisiae (strain ATCC 204508 / S288c)	1:Experimental evidence at protein level	Dolichyl-phosphate-mannose--protein mannosyltransferase 6	0.8359	0.9942	1	1	1	1	1	0	0	1	0	0	1	0	0	2339938.5	3213118.8	3071020.8	2339938.5	3213118.8	3071020.8	
sp|P42935|ELP2_YEAST	P42935	ELP2_YEAST	ELP2	788	Saccharomyces cerevisiae (strain ATCC 204508 / S288c)	1:Experimental evidence at protein level	Elongator complex protein 2	0.9993	0.9989	3	4	4	4	2	1	1	2	1	1	2	1	1	3830240.5	7415763.5	3494020.5	2516549.2	7294290.5	3494020.5	
sp|P42938|TDA10_YEAST	P42938	TDA10_YEAST	TDA10	290	Saccharomyces cerevisiae (strain ATCC 204508 / S288c)	1:Experimental evidence at protein level	Probable ATP-dependent kinase TDA10	0.9999	0.9989	2	4	4	4	2	1	1	2	1	1	2	1	1	7653511.0	1.03375352E8	8509450.0	9671034.0	3.6888428E7	9388133.0	
sp|P42940|ETFB_YEAST	P42940	ETFB_YEAST	CIR1	261	Saccharomyces cerevisiae (strain ATCC 204508 / S288c)	1:Experimental evidence at protein level	Probable electron transfer flavoprotein subunit beta	1.0	0.999	3	10	10	10	4	4	2	4	4	2	4	4	2	2.594615E7	2.4981336E7	2.5527604E7	8691534.0	8109595.5	7893392.5	
sp|P42941|SERB_YEAST	P42941	SERB_YEAST	SER2	309	Saccharomyces cerevisiae (strain ATCC 204508 / S288c)	1:Experimental evidence at protein level	Phosphoserine phosphatase	1.0	0.999	3	7	7	7	3	2	2	3	2	2	3	2	2	2.3747124E7	1.960377E7	2.1885392E7	1.1967072E7	9714094.0	1.1453556E7	
sp|P42942|YG4I_YEAST	P42942	YG4I_YEAST	YGR210C	411	Saccharomyces cerevisiae (strain ATCC 204508 / S288c)	1:Experimental evidence at protein level	Uncharacterized GTP-binding protein YGR210C	1.0	0.999	3	6	6	6	1	2	3	1	2	3	1	2	3	5019819.5	6449904.5	8055743.5	3061296.0	2645595.2	3051117.2	
sp|P42943|TCPH_YEAST	P42943	TCPH_YEAST	CCT7	550	Saccharomyces cerevisiae (strain ATCC 204508 / S288c)	1:Experimental evidence at protein level	T-complex protein 1 subunit eta	1.0	0.999	10	34	34	34	12	12	10	12	12	10	12	12	10	1.2072064E8	1.07672112E8	1.2590864E8	1.699944E7	1.6418606E7	1.8491998E7	
sp|P42945|UTP10_YEAST	P42945	UTP10_YEAST	UTP10	1769	Saccharomyces cerevisiae (strain ATCC 204508 / S288c)	1:Experimental evidence at protein level	U3 small nucleolar RNA-associated protein 10	0.9998	0.999	2	2	2	2	0	0	2	0	0	2	0	0	2	5963445.0	5649508.5	1.0486857E7	4251596.5	4837908.0	8563732.0	
sp|P42949|TIM16_YEAST	P42949	TIM16_YEAST	PAM16	149	Saccharomyces cerevisiae (strain ATCC 204508 / S288c)	1:Experimental evidence at protein level	Mitochondrial import inner membrane translocase subunit TIM16	0.7964	0.9925	1	1	1	1	1	0	0	1	0	0	1	0	0	0.0	0.0	0.0	0.0	0.0	0.0	
sp|P43123|UAP1_YEAST	P43123	UAP1_YEAST	QRI1	477	Saccharomyces cerevisiae (strain ATCC 204508 / S288c)	1:Experimental evidence at protein level	UDP-N-acetylglucosamine pyrophosphorylase	1.0	0.999	9	17	17	17	6	6	5	6	6	5	6	6	5	4.65581E7	5.7134304E7	4.7735084E7	1.5112854E7	1.9933384E7	2.3188018E7	
sp|P43321|SMD3_YEAST	P43321	SMD3_YEAST	SMD3	101	Saccharomyces cerevisiae (strain ATCC 204508 / S288c)	1:Experimental evidence at protein level	Small nuclear ribonucleoprotein Sm D3	0.9999	0.999	2	6	6	6	2	2	2	2	2	2	2	2	2	3011553.8	5920614.5	7018219.5	2297908.0	4317925.0	4742884.5	
sp|P43535|GCN20_YEAST	P43535	GCN20_YEAST	GCN20	752	Saccharomyces cerevisiae (strain ATCC 204508 / S288c)	1:Experimental evidence at protein level	Protein GCN20	1.0	0.999	11	38	38	38	14	11	13	14	11	13	14	11	13	7.6329808E7	6.546308E7	7.7209368E7	1.1792609E7	9253604.0	9716488.0	
sp|P43555|EMP47_YEAST	P43555	EMP47_YEAST	EMP47	445	Saccharomyces cerevisiae (strain ATCC 204508 / S288c)	1:Experimental evidence at protein level	Protein EMP47	1.0	0.999	5	8	8	8	3	2	3	3	2	3	3	2	3	2.7494068E7	2.713827E7	2.7041322E7	1.2134334E7	1.4668855E7	1.5460026E7	
sp|P43558|OTU1_YEAST	P43558	OTU1_YEAST	OTU1	301	Saccharomyces cerevisiae (strain ATCC 204508 / S288c)	1:Experimental evidence at protein level	Ubiquitin thioesterase OTU1	0.9656	0.9989	1	3	3	3	2	1	0	2	1	0	2	1	0	2482771.2	3704958.5	3590301.0	2482771.2	3704958.5	3590301.0	
sp|P43569|CAF16_YEAST	P43569	CAF16_YEAST	CAF16	289	Saccharomyces cerevisiae (strain ATCC 204508 / S288c)	1:Experimental evidence at protein level	CCR4-associated factor 16	0.9997	0.9977	2	2	2	2	0	1	1	0	1	1	0	1	1	4719414.0	3429281.2	5512170.0	4719414.0	3429281.2	5512170.0	
sp|P43577|GNA1_YEAST	P43577	GNA1_YEAST	GNA1	159	Saccharomyces cerevisiae (strain ATCC 204508 / S288c)	1:Experimental evidence at protein level	Glucosamine 6-phosphate N-acetyltransferase	1.0	0.999	3	6	6	6	2	2	2	2	2	2	2	2	2	2.850465E7	3.7117168E7	2.4260178E7	2.054133E7	2.0313658E7	1.8460386E7	
sp|P43582|WWM1_YEAST	P43582	WWM1_YEAST	WWM1	211	Saccharomyces cerevisiae (strain ATCC 204508 / S288c)	1:Experimental evidence at protein level	WW domain-containing protein WWM1	1.0	0.999	5	26	26	26	7	10	9	7	10	9	7	10	9	1.07858792E8	1.25063152E8	1.28713016E8	2.859219E7	3.2112222E7	3.471648E7	
sp|P43583|BLM10_YEAST	P43583	BLM10_YEAST	BLM10	2143	Saccharomyces cerevisiae (strain ATCC 204508 / S288c)	1:Experimental evidence at protein level	Proteasome activator BLM10	0.9191	0.9974	1	1	1	1	0	1	0	0	1	0	0	1	0	1435024.5	3430230.2	0.0	1435024.5	3430230.2	0.0	
sp|P43585|VTC2_YEAST	P43585	VTC2_YEAST	VTC2	828	Saccharomyces cerevisiae (strain ATCC 204508 / S288c)	1:Experimental evidence at protein level	Vacuolar transporter chaperone complex subunit 2	1.0	0.999	20	50	50	60	16	19	15	16	19	15	19	23	18	1.3708848E8	1.39251456E8	1.14698816E8	1.4499394E7	1.3445231E7	1.4185617E7	
sp|P43588|RPN11_YEAST	P43588	RPN11_YEAST	RPN11	306	Saccharomyces cerevisiae (strain ATCC 204508 / S288c)	1:Experimental evidence at protein level	Ubiquitin carboxyl-terminal hydrolase RPN11	1.0	0.999	10	31	31	31	11	12	8	11	12	8	11	12	8	9.1646952E7	9.810644E7	1.0345272E8	1.828455E7	1.8532424E7	1.8725168E7	
sp|P43590|YFH6_YEAST	P43590	YFH6_YEAST	YFR006W	535	Saccharomyces cerevisiae (strain ATCC 204508 / S288c)	1:Experimental evidence at protein level	Uncharacterized peptidase YFR006W	1.0	0.999	6	16	16	16	5	5	6	5	5	6	5	5	6	2.683176E7	3.1286876E7	3.5886728E7	6760552.0	8384914.0	1.0339463E7	
sp|P43593|UBP6_YEAST	P43593	UBP6_YEAST	UBP6	499	Saccharomyces cerevisiae (strain ATCC 204508 / S288c)	1:Experimental evidence at protein level	Ubiquitin carboxyl-terminal hydrolase 6	1.0	0.999	9	28	28	28	9	9	10	9	9	10	9	9	10	1.01217488E8	9.5522928E7	1.02989848E8	1.537698E7	1.5430837E7	1.6330544E7	
sp|P43597|YFI6_YEAST	P43597	YFI6_YEAST	YFR016C	1233	Saccharomyces cerevisiae (strain ATCC 204508 / S288c)	1:Experimental evidence at protein level	Uncharacterized protein YFR016C	0.9636	0.9989	1	4	4	4	1	2	1	1	2	1	1	2	1	0.0	0.0	0.0	0.0	0.0	0.0	
sp|P43598|IGD1_YEAST	P43598	IGD1_YEAST	IGD1	195	Saccharomyces cerevisiae (strain ATCC 204508 / S288c)	1:Experimental evidence at protein level	Inhibitor of glycogen debranching 1	1.0	0.999	3	6	6	6	2	1	3	2	1	3	2	1	3	1.2496505E7	1.1508064E7	1.0012154E7	6657247.0	6224144.0	5179274.5	
sp|P43599|YFI8_YEAST	P43599	YFI8_YEAST	YFR018C	363	Saccharomyces cerevisiae (strain ATCC 204508 / S288c)	1:Experimental evidence at protein level	Uncharacterized protein YFR018C	0.9641	0.9989	1	3	3	3	1	1	1	1	1	1	1	1	1	3294685.5	3699146.2	4046413.0	3294685.5	3699146.2	4046413.0	
sp|P43603|LSB3_YEAST	P43603	LSB3_YEAST	LSB3	459	Saccharomyces cerevisiae (strain ATCC 204508 / S288c)	1:Experimental evidence at protein level	LAS seventeen-binding protein 3	1.0	0.999	12	45	25	45	15	15	15	8	8	9	15	15	15	1.281354E8	1.21100944E8	1.30313216E8	1.9586716E7	1.8051094E7	1.9768826E7	
sp|P43609|RSC8_YEAST	P43609	RSC8_YEAST	RSC8	557	Saccharomyces cerevisiae (strain ATCC 204508 / S288c)	1:Experimental evidence at protein level	Chromatin structure-remodeling complex protein RSC8	1.0	0.999	7	12	12	12	5	3	4	5	3	4	5	3	4	2.1405342E7	2.6559892E7	2.7957612E7	6523282.0	7275407.5	6195737.0	
sp|P43611|OSW7_YEAST	P43611	OSW7_YEAST	OSW7	510	Saccharomyces cerevisiae (strain ATCC 204508 / S288c)	1:Experimental evidence at protein level	Outer spore wall protein 7	0.8058	0.9929	1	2	2	2	1	1	0	1	1	0	1	1	0	9341292.0	2.3306476E7	1.648158E7	9341292.0	2.3306476E7	1.648158E7	
sp|P43616|DUG1_YEAST	P43616	DUG1_YEAST	DUG1	481	Saccharomyces cerevisiae (strain ATCC 204508 / S288c)	1:Experimental evidence at protein level	Cys-Gly metallodipeptidase DUG1	1.0	0.999	19	149	140	149	48	51	50	45	48	47	48	51	50	5.4461312E8	6.0475667E8	6.4324294E8	9.4919048E7	9.745152E7	1.02777136E8	
sp|P43619|NADC_YEAST	P43619	NADC_YEAST	BNA6	295	Saccharomyces cerevisiae (strain ATCC 204508 / S288c)	1:Experimental evidence at protein level	Nicotinate-nucleotide pyrophosphorylase [carboxylating]	1.0	0.999	8	18	18	18	8	5	5	8	5	5	8	5	5	3.0582294E7	2.5543242E7	2.514364E7	1.2625499E7	1.3024067E7	1.2688691E7	
sp|P43621|COPD_YEAST	P43621	COPD_YEAST	RET2	546	Saccharomyces cerevisiae (strain ATCC 204508 / S288c)	1:Experimental evidence at protein level	Coatomer subunit delta	1.0	0.999	8	18	18	18	5	6	7	5	6	7	5	6	7	4.8220448E7	5.7242864E7	6.4326232E7	1.5294937E7	1.6005679E7	1.6831204E7	
sp|P43639|CSK2B_YEAST	P43639	CSK2B_YEAST	CKB1	278	Saccharomyces cerevisiae (strain ATCC 204508 / S288c)	1:Experimental evidence at protein level	Casein kinase II subunit beta	1.0	0.999	4	6	6	6	4	1	1	4	1	1	4	1	1	1.671028E7	1.4780455E7	1.3281323E7	6460798.5	6245301.0	4503458.0	
sp|P45978|SCD6_YEAST	P45978	SCD6_YEAST	SCD6	349	Saccharomyces cerevisiae (strain ATCC 204508 / S288c)	1:Experimental evidence at protein level	Protein SCD6	1.0	0.999	3	6	6	6	2	3	1	2	3	1	2	3	1	2.0086668E7	2.1077228E7	1.6832072E7	7904192.0	8166379.0	7003140.5	
sp|P46367|ALDH4_YEAST	P46367	ALDH4_YEAST	ALD4	519	Saccharomyces cerevisiae (strain ATCC 204508 / S288c)	1:Experimental evidence at protein level	Potassium-activated aldehyde dehydrogenase, mitochondrial	1.0	0.999	20	153	153	153	48	54	51	48	54	51	48	54	51	6.0449466E8	6.303248E8	5.4897069E8	8.6092832E7	8.9639776E7	8.5676064E7	
sp|P46654|RSSA2_YEAST	P46654	RSSA2_YEAST	RPS0B	252	Saccharomyces cerevisiae (strain ATCC 204508 / S288c)	1:Experimental evidence at protein level	40S ribosomal protein S0-B	1.0	0.999	10	153	13	153	52	53	48	4	5	4	52	53	48	1.17661389E9	1.2911369E9	1.11544602E9	4.43795328E8	4.31381504E8	4.3502544E8	
sp|P46655|SYEC_YEAST	P46655	SYEC_YEAST	GUS1	708	Saccharomyces cerevisiae (strain ATCC 204508 / S288c)	1:Experimental evidence at protein level	Glutamate--tRNA ligase, cytoplasmic	1.0	0.999	32	223	223	223	75	74	74	75	74	74	75	74	74	9.949177E8	1.02782016E9	1.0793367E9	1.36851632E8	1.33333616E8	1.35118032E8	
sp|P46669|RPA43_YEAST	P46669	RPA43_YEAST	RPA43	326	Saccharomyces cerevisiae (strain ATCC 204508 / S288c)	1:Experimental evidence at protein level	DNA-directed RNA polymerase I subunit RPA43	1.0	0.999	2	2	2	2	2	0	0	2	0	0	2	0	0	1.3609662E7	6861464.0	1.1325292E7	7693600.5	3812219.8	6391947.0	
sp|P46672|ARC1_YEAST	P46672	ARC1_YEAST	ARC1	376	Saccharomyces cerevisiae (strain ATCC 204508 / S288c)	1:Experimental evidence at protein level	tRNA-aminoacylation cofactor ARC1	1.0	0.999	17	102	102	102	31	35	36	31	35	36	31	35	36	3.86232352E8	4.33950848E8	4.05429984E8	5.7671576E7	6.28708E7	5.6996408E7	
sp|P46680|AIP1_YEAST	P46680	AIP1_YEAST	AIP1	615	Saccharomyces cerevisiae (strain ATCC 204508 / S288c)	1:Experimental evidence at protein level	Actin-interacting protein 1	1.0	0.999	12	47	47	47	14	16	17	14	16	17	14	16	17	1.06845432E8	1.19715656E8	1.34740368E8	2.3076418E7	2.6903044E7	2.7436942E7	
sp|P46681|DLD2_YEAST	P46681	DLD2_YEAST	DLD2	530	Saccharomyces cerevisiae (strain ATCC 204508 / S288c)	1:Experimental evidence at protein level	D-2-hydroxyglutarate--pyruvate transhydrogenase DLD2	0.9946	0.999	2	3	3	9	1	1	1	1	1	1	3	3	3	1779244.2	2759410.5	3273338.5	1779244.2	2759410.5	3273338.5	
sp|P46682|AP3B_YEAST	P46682	AP3B_YEAST	APL6	809	Saccharomyces cerevisiae (strain ATCC 204508 / S288c)	1:Experimental evidence at protein level	AP-3 complex subunit beta	0.9983	0.9939	3	5	5	5	2	2	1	2	2	1	2	2	1	5915665.5	4746847.5	6024989.5	5915665.5	4746847.5	4834312.5	
sp|P46683|YAR1_YEAST	P46683	YAR1_YEAST	YAR1	200	Saccharomyces cerevisiae (strain ATCC 204508 / S288c)	1:Experimental evidence at protein level	Ankyrin repeat-containing protein YAR1	1.0	0.999	4	8	8	8	3	2	3	3	2	3	3	2	3	1.2579054E7	1.2198336E7	1.147564E7	7517042.5	7356545.0	6741281.0	
sp|P46784|RS10B_YEAST	P46784	RS10B_YEAST	RPS10B	105	Saccharomyces cerevisiae (strain ATCC 204508 / S288c)	1:Experimental evidence at protein level	40S ribosomal protein S10-B	0.9708	0.9945	5	1	1	85	1	0	0	1	0	0	29	29	27	2.7003564E7	0.0	0.0	0.0	0.0	0.0	
sp|P46949|FYV8_YEAST	P46949	FYV8_YEAST	FYV8	817	Saccharomyces cerevisiae (strain ATCC 204508 / S288c)	1:Experimental evidence at protein level	Protein FYV8	0.6041	0.9809	1	1	1	1	1	0	0	1	0	0	1	0	0	5160830.0	0.0	0.0	0.0	0.0	0.0	
sp|P46956|PHO86_YEAST	P46956	PHO86_YEAST	PHO86	311	Saccharomyces cerevisiae (strain ATCC 204508 / S288c)	1:Experimental evidence at protein level	Inorganic phosphate transporter PHO86	1.0	0.999	5	19	19	19	6	7	6	6	7	6	6	7	6	6.2456996E7	6.4736436E7	7.1279696E7	2.2134252E7	2.6101414E7	2.5645624E7	
sp|P46957|DPOD2_YEAST	P46957	DPOD2_YEAST	POL31	487	Saccharomyces cerevisiae (strain ATCC 204508 / S288c)	1:Experimental evidence at protein level	DNA polymerase delta small subunit	0.9975	0.9976	2	5	5	5	2	1	2	2	1	2	2	1	2	2.0080592E7	2.0994068E7	3.321262E7	1.6212837E7	1.8050242E7	2.0447252E7	
sp|P46964|OST2_YEAST	P46964	OST2_YEAST	OST2	130	Saccharomyces cerevisiae (strain ATCC 204508 / S288c)	1:Experimental evidence at protein level	Dolichyl-diphosphooligosaccharide--protein glycosyltransferase subunit OST2	0.9989	0.999	2	5	5	5	1	2	2	1	2	2	1	2	2	1638704.2	9951690.0	9856081.0	3062150.8	5177645.5	5235279.0	
sp|P46965|SPC1_YEAST	P46965	SPC1_YEAST	SPC1	94	Saccharomyces cerevisiae (strain ATCC 204508 / S288c)	1:Experimental evidence at protein level	Signal peptidase complex subunit 1	0.9674	0.999	1	6	6	6	2	2	2	2	2	2	2	2	2	6670664.0	1.0323915E7	7934374.5	6670664.0	1.0323915E7	7934374.5	
sp|P46969|RPE_YEAST	P46969	RPE_YEAST	RPE1	238	Saccharomyces cerevisiae (strain ATCC 204508 / S288c)	1:Experimental evidence at protein level	Ribulose-phosphate 3-epimerase	1.0	0.999	4	12	12	12	5	2	5	5	2	5	5	2	5	2.1777064E7	2.1929074E7	2.9319682E7	9357255.0	8718447.0	9910634.0	
sp|P46970|NMD5_YEAST	P46970	NMD5_YEAST	NMD5	1048	Saccharomyces cerevisiae (strain ATCC 204508 / S288c)	1:Experimental evidence at protein level	Nonsense-mediated mRNA decay protein 5	0.96	0.9988	1	1	1	1	1	0	0	1	0	0	1	0	0	6297767.0	8117712.0	5224853.0	6297767.0	8117712.0	5224853.0	
sp|P46971|PMT4_YEAST	P46971	PMT4_YEAST	PMT4	762	Saccharomyces cerevisiae (strain ATCC 204508 / S288c)	1:Experimental evidence at protein level	Dolichyl-phosphate-mannose--protein mannosyltransferase 4	1.0	0.999	5	6	6	6	1	4	1	1	4	1	1	4	1	2.1111656E7	2.1437692E7	2.5129024E7	8184511.0	6406725.5	8607440.0	
sp|P46985|MNN11_YEAST	P46985	MNN11_YEAST	MNN11	422	Saccharomyces cerevisiae (strain ATCC 204508 / S288c)	1:Experimental evidence at protein level	Probable alpha-1,6-mannosyltransferase MNN11	1.0	0.999	3	8	8	8	3	2	3	3	2	3	3	2	3	1.325723E7	1.378302E7	1.4130396E7	5593917.0	5431885.0	6249467.5	
sp|P46988|PFD1_YEAST	P46988	PFD1_YEAST	PFD1	109	Saccharomyces cerevisiae (strain ATCC 204508 / S288c)	1:Experimental evidence at protein level	Prefoldin subunit 1	0.9624	0.9988	1	1	1	1	1	0	0	1	0	0	1	0	0	4173343.0	3530273.8	4225909.0	4173343.0	3530273.8	4225909.0	
sp|P46989|ATG27_YEAST	P46989	ATG27_YEAST	ATG27	271	Saccharomyces cerevisiae (strain ATCC 204508 / S288c)	1:Experimental evidence at protein level	Autophagy-related protein 27	1.0	0.999	3	6	6	6	2	2	2	2	2	2	2	2	2	1.8368114E7	1.5086622E7	1.3943571E7	8868223.0	7286440.0	6546820.5	
sp|P46990|RL17B_YEAST	P46990	RL17B_YEAST	RPL17B	184	Saccharomyces cerevisiae (strain ATCC 204508 / S288c)	1:Experimental evidence at protein level	60S ribosomal protein L17-B	0.9993	0.999	6	15	15	112	5	5	5	5	5	5	34	37	41	1.77374192E8	1.6345784E8	1.41380448E8	1.77374192E8	1.6345784E8	1.41380448E8	
sp|P46992|YJR1_YEAST	P46992	YJR1_YEAST	YJL171C	396	Saccharomyces cerevisiae (strain ATCC 204508 / S288c)	1:Experimental evidence at protein level	Cell wall protein YJL171C	1.0	0.999	5	16	16	16	5	5	6	5	5	6	5	5	6	4.6497236E7	4.8139892E7	5.3846368E7	1.8341444E7	2.1664328E7	2.1982498E7	
sp|P47008|SFH5_YEAST	P47008	SFH5_YEAST	SFH5	294	Saccharomyces cerevisiae (strain ATCC 204508 / S288c)	1:Experimental evidence at protein level	Phosphatidylinositol transfer protein SFH5	1.0	0.999	5	14	14	14	5	5	4	5	5	4	5	5	4	3.7092224E7	3.4745728E7	3.6303512E7	9957491.0	9523282.0	9751297.0	
sp|P47013|DS1P1_YEAST	P47013	DS1P1_YEAST	LCB3	409	Saccharomyces cerevisiae (strain ATCC 204508 / S288c)	1:Experimental evidence at protein level	Dihydrosphingosine 1-phosphate phosphatase LCB3	0.9671	0.999	1	1	1	1	0	0	1	0	0	1	0	0	1	2947669.8	3055338.0	3491853.8	2947669.8	3055338.0	3491853.8	
sp|P47017|LSM1_YEAST	P47017	LSM1_YEAST	LSM1	172	Saccharomyces cerevisiae (strain ATCC 204508 / S288c)	1:Experimental evidence at protein level	Sm-like protein LSm1	1.0	0.999	4	10	10	10	4	2	4	4	2	4	4	2	4	1.0706349E7	1.3229069E7	1.0275218E7	3374676.5	4819944.0	4140998.5	
sp|P47018|MTC1_YEAST	P47018	MTC1_YEAST	MTC1	478	Saccharomyces cerevisiae (strain ATCC 204508 / S288c)	1:Experimental evidence at protein level	Maintenance of telomere capping protein 1	1.0	0.999	8	23	23	23	9	9	5	9	9	5	9	9	5	7.6821816E7	6.1877184E7	7.0634656E7	1.878585E7	1.9554098E7	2.3931084E7	
sp|P47031|IML2_YEAST	P47031	IML2_YEAST	IML2	731	Saccharomyces cerevisiae (strain ATCC 204508 / S288c)	1:Experimental evidence at protein level	Inclusion body clearance protein IML2	0.9674	0.999	1	3	3	3	1	1	1	1	1	1	1	1	1	6423583.5	6113255.0	6888083.5	6423583.5	6113255.0	6888083.5	
sp|P47035|NET1_YEAST	P47035	NET1_YEAST	NET1	1189	Saccharomyces cerevisiae (strain ATCC 204508 / S288c)	1:Experimental evidence at protein level	Nucleolar protein NET1	1.0	0.999	3	9	9	9	3	4	2	3	4	2	3	4	2	6.2982288E7	6.6408408E7	5219976.5	2.9071068E7	1.9796262E7	2.2732874E7	
sp|P47037|SMC3_YEAST	P47037	SMC3_YEAST	SMC3	1230	Saccharomyces cerevisiae (strain ATCC 204508 / S288c)	1:Experimental evidence at protein level	Structural maintenance of chromosomes protein 3	0.9539	0.9986	1	2	2	2	1	1	0	1	1	0	1	1	0	4278671.5	6610911.5	9330924.0	4278671.5	6610911.5	9330924.0	
sp|P47039|BNA3_YEAST	P47039	BNA3_YEAST	BNA3	444	Saccharomyces cerevisiae (strain ATCC 204508 / S288c)	1:Experimental evidence at protein level	Probable kynurenine--oxoglutarate transaminase BNA3	1.0	0.999	4	9	9	9	3	4	2	3	4	2	3	4	2	6.9858936E7	5.6490336E7	4.7494452E7	4.095638E7	3.3870252E7	3.1038354E7	
sp|P47044|YJF5_YEAST	P47044	YJF5_YEAST	YJL055W	245	Saccharomyces cerevisiae (strain ATCC 204508 / S288c)	1:Experimental evidence at protein level	LOG family protein YJL055W	1.0	0.999	3	10	10	10	4	3	3	4	3	3	4	3	3	3.2519758E7	4.23866E7	3.903366E7	1.4363686E7	1.753428E7	1.6760258E7	
sp|P47054|NU192_YEAST	P47054	NU192_YEAST	NUP192	1683	Saccharomyces cerevisiae (strain ATCC 204508 / S288c)	1:Experimental evidence at protein level	Nucleoporin NUP192	0.6518	0.9844	1	1	1	1	1	0	0	1	0	0	1	0	0	2098556.0	1667154.0	2296770.5	2098556.0	1667154.0	2296770.5	
sp|P47064|AP3S_YEAST	P47064	AP3S_YEAST	APS3	194	Saccharomyces cerevisiae (strain ATCC 204508 / S288c)	1:Experimental evidence at protein level	AP-3 complex subunit sigma	0.9674	0.999	1	2	2	2	1	0	1	1	0	1	1	0	1	4381756.5	3096603.2	4385812.5	4381756.5	3096603.2	4385812.5	
sp|P47068|BBC1_YEAST	P47068	BBC1_YEAST	BBC1	1157	Saccharomyces cerevisiae (strain ATCC 204508 / S288c)	1:Experimental evidence at protein level	Myosin tail region-interacting protein MTI1	1.0	0.999	28	81	81	81	26	28	27	26	28	27	26	28	27	2.83582944E8	2.62394528E8	2.87946944E8	2.7628822E7	2.4756944E7	2.6798524E7	
sp|P47075|VTC4_YEAST	P47075	VTC4_YEAST	VTC4	721	Saccharomyces cerevisiae (strain ATCC 204508 / S288c)	1:Experimental evidence at protein level	Vacuolar transporter chaperone complex subunit 4	1.0	0.999	22	106	106	106	33	38	35	33	38	35	33	38	35	2.87559616E8	3.46147264E8	2.47634512E8	4.3197952E7	3.8175068E7	3.9752532E7	
sp|P47079|TCPQ_YEAST	P47079	TCPQ_YEAST	CCT8	568	Saccharomyces cerevisiae (strain ATCC 204508 / S288c)	1:Experimental evidence at protein level	T-complex protein 1 subunit theta	1.0	0.999	12	47	47	47	16	16	15	16	16	15	16	16	15	1.21050176E8	1.14480056E8	1.25384512E8	2.201908E7	1.8887124E7	2.1593272E7	
sp|P47083|MPP10_YEAST	P47083	MPP10_YEAST	MPP10	593	Saccharomyces cerevisiae (strain ATCC 204508 / S288c)	1:Experimental evidence at protein level	U3 small nucleolar RNA-associated protein MPP10	0.9674	0.999	1	1	1	1	0	0	1	0	0	1	0	0	1	5547633.0	3945777.2	5104574.0	5547633.0	3945777.2	5104574.0	
sp|P47089|DENR_YEAST	P47089	DENR_YEAST	TMA22	198	Saccharomyces cerevisiae (strain ATCC 204508 / S288c)	1:Experimental evidence at protein level	Translation machinery-associated protein 22	1.0	0.999	5	16	16	16	5	6	5	5	6	5	5	6	5	3.7625652E7	4.8767264E7	3.6004576E7	1.6239787E7	1.8249116E7	1.4724169E7	
sp|P47095|MTNB_YEAST	P47095	MTNB_YEAST	MDE1	244	Saccharomyces cerevisiae (strain ATCC 204508 / S288c)	1:Experimental evidence at protein level	Methylthioribulose-1-phosphate dehydratase	0.9674	0.999	1	5	5	5	2	2	1	2	2	1	2	2	1	3233646.0	4493092.0	4411847.0	3233646.0	4493092.0	4411847.0	
sp|P47096|3HAO_YEAST	P47096	3HAO_YEAST	BNA1	177	Saccharomyces cerevisiae (strain ATCC 204508 / S288c)	1:Experimental evidence at protein level	3-hydroxyanthranilate 3,4-dioxygenase	1.0	0.999	2	4	4	4	2	1	1	2	1	1	2	1	1	1.3272606E7	9718926.0	9050305.0	1.086025E7	6531349.5	5811810.5	
sp|P47102|GEA1_YEAST	P47102	GEA1_YEAST	GEA1	1408	Saccharomyces cerevisiae (strain ATCC 204508 / S288c)	1:Experimental evidence at protein level	ARF guanine-nucleotide exchange factor 1	0.6865	0.9866	1	1	1	1	1	0	0	1	0	0	1	0	0	6178510.0	0.0	5138184.5	6178510.0	0.0	5138184.5	
sp|P47104|RAV1_YEAST	P47104	RAV1_YEAST	RAV1	1357	Saccharomyces cerevisiae (strain ATCC 204508 / S288c)	1:Experimental evidence at protein level	Regulator of V-ATPase in vacuolar membrane protein 1	0.9996	0.9964	3	5	5	5	2	3	0	2	3	0	2	3	0	1.28236E7	1.3646057E7	5128961.5	6948606.5	6322597.5	7336916.5	
sp|P47116|PTK2_YEAST	P47116	PTK2_YEAST	PTK2	818	Saccharomyces cerevisiae (strain ATCC 204508 / S288c)	1:Experimental evidence at protein level	Serine/threonine-protein kinase PTK2/STK2	1.0	0.999	2	5	5	5	2	1	2	2	1	2	2	1	2	1.3775866E7	1.0288836E7	1.1388823E7	8313835.5	6251028.5	7178607.0	
sp|P47117|ARP3_YEAST	P47117	ARP3_YEAST	ARP3	449	Saccharomyces cerevisiae (strain ATCC 204508 / S288c)	1:Experimental evidence at protein level	Actin-related protein 3	1.0	0.999	9	52	52	52	18	16	18	18	16	18	18	16	18	1.10135456E8	1.12917816E8	1.0377156E8	1.668915E7	1.6225229E7	1.6113523E7	
sp|P47119|ITPA_YEAST	P47119	ITPA_YEAST	HAM1	197	Saccharomyces cerevisiae (strain ATCC 204508 / S288c)	1:Experimental evidence at protein level	Inosine triphosphate pyrophosphatase	1.0	0.999	3	7	7	7	2	2	3	2	2	3	2	2	3	3.5362256E7	2.9240504E7	3.3366776E7	1.4622324E7	1.1811353E7	1.5068371E7	
sp|P47120|DOHH_YEAST	P47120	DOHH_YEAST	LIA1	325	Saccharomyces cerevisiae (strain ATCC 204508 / S288c)	1:Experimental evidence at protein level	Deoxyhypusine hydroxylase	1.0	0.999	9	27	27	27	8	9	10	8	9	10	8	9	10	9.4599112E7	8.3898448E7	8.751516E7	3.3859572E7	2.5693956E7	2.748787E7	
sp|P47122|GPN1_YEAST	P47122	GPN1_YEAST	NPA3	385	Saccharomyces cerevisiae (strain ATCC 204508 / S288c)	1:Experimental evidence at protein level	GPN-loop GTPase 1	1.0	0.999	3	8	8	8	3	3	2	3	3	2	3	3	2	1.8451692E7	1.6356818E7	1.33237E7	6553154.5	1.1366416E7	7718942.0	
sp|P47123|MOG1_YEAST	P47123	MOG1_YEAST	MOG1	218	Saccharomyces cerevisiae (strain ATCC 204508 / S288c)	1:Experimental evidence at protein level	Nuclear import protein MOG1	0.8319	0.994	1	1	1	1	1	0	0	1	0	0	1	0	0	0.0	0.0	0.0	0.0	0.0	0.0	
sp|P47124|HOC1_YEAST	P47124	HOC1_YEAST	HOC1	396	Saccharomyces cerevisiae (strain ATCC 204508 / S288c)	1:Experimental evidence at protein level	Putative glycosyltransferase HOC1	0.9994	0.999	2	2	2	2	2	0	0	2	0	0	2	0	0	5763309.0	4552083.5	5542597.5	3453232.2	3222893.5	4135888.5	
sp|P47133|EMC2_YEAST	P47133	EMC2_YEAST	EMC2	292	Saccharomyces cerevisiae (strain ATCC 204508 / S288c)	1:Experimental evidence at protein level	ER membrane protein complex subunit 2	1.0	0.999	3	5	5	5	2	1	2	2	1	2	2	1	2	1.1958141E7	1.0924074E7	1.3309208E7	6943461.0	7213465.0	5230929.5	
sp|P47135|JSN1_YEAST	P47135	JSN1_YEAST	JSN1	1091	Saccharomyces cerevisiae (strain ATCC 204508 / S288c)	1:Experimental evidence at protein level	Protein JSN1	1.0	0.999	3	7	5	7	2	3	2	1	2	2	2	3	2	7306206.0	8753359.0	7325918.0	3707106.8	4104946.2	3298017.2	
sp|P47137|YJ66_YEAST	P47137	YJ66_YEAST	YJR096W	282	Saccharomyces cerevisiae (strain ATCC 204508 / S288c)	1:Experimental evidence at protein level	Uncharacterized oxidoreductase YJR096W	0.7962	0.9924	1	1	1	1	1	0	0	1	0	0	1	0	0	3266280.8	2805625.8	3235768.5	3266280.8	2805625.8	3235768.5	
sp|P47143|ADK_YEAST	P47143	ADK_YEAST	ADO1	340	Saccharomyces cerevisiae (strain ATCC 204508 / S288c)	1:Experimental evidence at protein level	Adenosine kinase	1.0	0.999	9	64	60	64	21	20	23	19	19	22	21	20	23	4.33730784E8	3.68915168E8	4.03243616E8	1.04412928E8	9.2480656E7	9.8463808E7	
sp|P47154|STE24_YEAST	P47154	STE24_YEAST	STE24	453	Saccharomyces cerevisiae (strain ATCC 204508 / S288c)	1:Experimental evidence at protein level	CAAX prenyl protease 1	1.0	0.999	8	30	30	30	9	11	10	9	11	10	9	11	10	7.342048E7	7.490556E7	8.9232208E7	2.0583768E7	2.0409172E7	2.4168924E7	
sp|P47155|ILM1_YEAST	P47155	ILM1_YEAST	ILM1	203	Saccharomyces cerevisiae (strain ATCC 204508 / S288c)	1:Experimental evidence at protein level	Protein ILM1	0.9674	0.999	1	3	3	3	1	1	1	1	1	1	1	1	1	7068017.5	9169939.0	9720117.0	7068017.5	9169939.0	9720117.0	
sp|P47160|ENT3_YEAST	P47160	ENT3_YEAST	ENT3	408	Saccharomyces cerevisiae (strain ATCC 204508 / S288c)	1:Experimental evidence at protein level	Epsin-3	1.0	0.999	5	15	15	15	4	6	5	4	6	5	4	6	5	3.1547752E7	3.6476436E7	3.2930398E7	1.1578064E7	1.4388666E7	1.2834717E7	
sp|P47165|XPT1_YEAST	P47165	XPT1_YEAST	XPT1	209	Saccharomyces cerevisiae (strain ATCC 204508 / S288c)	1:Experimental evidence at protein level	Xanthine phosphoribosyltransferase 1	1.0	0.999	3	6	6	6	3	1	2	3	1	2	3	1	2	1.6185682E7	1.0356515E7	1.2404935E7	7364987.0	7466750.0	8428969.0	
sp|P47176|BCA2_YEAST	P47176	BCA2_YEAST	BAT2	376	Saccharomyces cerevisiae (strain ATCC 204508 / S288c)	1:Experimental evidence at protein level	Branched-chain-amino-acid aminotransferase, cytosolic	1.0	0.999	12	37	32	37	13	13	11	12	11	9	13	13	11	1.40659184E8	9.2130424E7	1.59189184E8	3.034785E7	3.1208782E7	3.1091228E7	
sp|P47771|ALDH2_YEAST	P47771	ALDH2_YEAST	ALD2	506	Saccharomyces cerevisiae (strain ATCC 204508 / S288c)	1:Experimental evidence at protein level	Aldehyde dehydrogenase [NAD(P)+] 1	1.0	0.999	4	14	0	14	5	4	5	0	0	0	5	4	5	2.682442E7	2.7666456E7	2.9154798E7	8001355.0	8115369.0	8881850.0	sp|P54114|ALDH3_YEAST
sp|P47818|CCC1_YEAST	P47818	CCC1_YEAST	CCC1	322	Saccharomyces cerevisiae (strain ATCC 204508 / S288c)	1:Experimental evidence at protein level	Protein CCC1	0.9552	0.9986	1	1	1	1	1	0	0	1	0	0	1	0	0	4504844.5	3960928.0	3052537.2	4504844.5	3960928.0	3052537.2	
sp|P47912|LCF4_YEAST	P47912	LCF4_YEAST	FAA4	694	Saccharomyces cerevisiae (strain ATCC 204508 / S288c)	1:Experimental evidence at protein level	Long-chain-fatty-acid--CoA ligase 4	1.0	0.999	7	16	16	17	6	5	5	6	5	5	7	5	5	4.764916E7	5.0144228E7	5.0670348E7	1.4061089E7	1.5670732E7	1.7055472E7	
sp|P48015|GCST_YEAST	P48015	GCST_YEAST	GCV1	400	Saccharomyces cerevisiae (strain ATCC 204508 / S288c)	1:Experimental evidence at protein level	Aminomethyltransferase, mitochondrial	1.0	0.999	12	49	49	49	17	17	15	17	17	15	17	17	15	1.09876008E8	1.16501648E8	1.2630104E8	1.7903636E7	1.927656E7	2.0531212E7	
sp|P48164|RS7B_YEAST	P48164	RS7B_YEAST	RPS7B	190	Saccharomyces cerevisiae (strain ATCC 204508 / S288c)	1:Experimental evidence at protein level	40S ribosomal protein S7-B	1.0	0.999	8	87	21	87	27	27	33	8	5	8	27	27	33	6.2883174E8	6.4095373E8	6.3304301E8	2.11823056E8	1.93366528E8	1.92780384E8	
sp|P48360|ADRO_YEAST	P48360	ADRO_YEAST	ARH1	493	Saccharomyces cerevisiae (strain ATCC 204508 / S288c)	1:Experimental evidence at protein level	Probable NADPH:adrenodoxin oxidoreductase, mitochondrial	0.778	0.9916	1	1	1	1	1	0	0	1	0	0	1	0	0	3985500.0	0.0	0.0	0.0	0.0	0.0	
sp|P48363|PFD3_YEAST	P48363	PFD3_YEAST	PAC10	199	Saccharomyces cerevisiae (strain ATCC 204508 / S288c)	1:Experimental evidence at protein level	Prefoldin subunit 3	0.9998	0.999	2	5	5	5	3	0	2	3	0	2	3	0	2	1.378197E7	6335909.0	8637342.0	6788580.0	4271626.0	5860718.0	
sp|P48365|GYP7_YEAST	P48365	GYP7_YEAST	GYP7	746	Saccharomyces cerevisiae (strain ATCC 204508 / S288c)	1:Experimental evidence at protein level	GTPase-activating protein GYP7	1.0	0.999	3	4	4	4	3	0	1	3	0	1	3	0	1	8896074.0	6952444.5	1.31122E7	4151251.5	5468005.5	5561793.0	
sp|P48415|SEC16_YEAST	P48415	SEC16_YEAST	SEC16	2195	Saccharomyces cerevisiae (strain ATCC 204508 / S288c)	1:Experimental evidence at protein level	COPII coat assembly protein SEC16	1.0	0.999	6	9	9	9	5	2	2	5	2	2	5	2	2	1.865682E7	1.1951676E7	1.6311223E7	7812011.0	4941984.0	6705435.0	
sp|P48439|OST3_YEAST	P48439	OST3_YEAST	OST3	350	Saccharomyces cerevisiae (strain ATCC 204508 / S288c)	1:Experimental evidence at protein level	Dolichyl-diphosphooligosaccharide--protein glycosyltransferase subunit 3	1.0	0.999	3	5	5	5	3	1	1	3	1	1	3	1	1	1.1480544E7	1.1174991E7	5473500.5	4439111.5	4559299.5	4188151.5	
sp|P48445|BPL1_YEAST	P48445	BPL1_YEAST	BPL1	690	Saccharomyces cerevisiae (strain ATCC 204508 / S288c)	1:Experimental evidence at protein level	Biotin--protein ligase	0.9612	0.9988	1	2	2	2	1	1	0	1	1	0	1	1	0	0.0	0.0	0.0	0.0	0.0	0.0	
sp|P48510|DSK2_YEAST	P48510	DSK2_YEAST	DSK2	373	Saccharomyces cerevisiae (strain ATCC 204508 / S288c)	1:Experimental evidence at protein level	Ubiquitin domain-containing protein DSK2	1.0	0.999	6	20	20	20	7	6	7	7	6	7	7	6	7	7.7214336E7	8.6418176E7	9.3274888E7	2.3847778E7	2.1986714E7	2.4032872E7	
sp|P48563|MON2_YEAST	P48563	MON2_YEAST	MON2	1636	Saccharomyces cerevisiae (strain ATCC 204508 / S288c)	1:Experimental evidence at protein level	Protein MON2	0.8087	0.993	1	1	1	1	1	0	0	1	0	0	1	0	0	901881.75	1493025.6	1361436.1	901881.75	1493025.6	1361436.1	
sp|P48569|YD183_YEAST	P48569	YD183_YEAST	YDL183C	320	Saccharomyces cerevisiae (strain ATCC 204508 / S288c)	4:Protein predicted	Uncharacterized protein YDL183C	0.6141	0.9817	1	1	1	1	0	1	0	0	1	0	0	1	0	0.0	1.5698856E7	0.0	0.0	0.0	0.0	
sp|P48570|HOSC_YEAST	P48570	HOSC_YEAST	LYS20	428	Saccharomyces cerevisiae (strain ATCC 204508 / S288c)	1:Experimental evidence at protein level	Homocitrate synthase, cytosolic isozyme	1.0	0.999	16	4	4	66	2	1	1	2	1	1	21	23	22	1.6750182E7	2.2723836E7	2.5571564E7	1.1843255E7	1.4696244E7	1.6807738E7	
sp|P48589|RS12_YEAST	P48589	RS12_YEAST	RPS12	143	Saccharomyces cerevisiae (strain ATCC 204508 / S288c)	1:Experimental evidence at protein level	40S ribosomal protein S12	1.0	0.999	6	75	75	75	23	26	26	23	26	26	23	26	26	7.8903725E8	7.386375E8	7.079655E8	2.87001408E8	2.65530304E8	2.61085536E8	
sp|P48606|TBCA_YEAST	P48606	TBCA_YEAST	RBL2	106	Saccharomyces cerevisiae (strain ATCC 204508 / S288c)	1:Experimental evidence at protein level	Tubulin-specific chaperone A	1.0	0.999	3	9	9	9	2	4	3	2	4	3	2	4	3	1.9944056E7	1.9705032E7	2.1168158E7	1.0891309E7	1.0768711E7	1.1501385E7	
sp|P48813|GNP1_YEAST	P48813	GNP1_YEAST	GNP1	663	Saccharomyces cerevisiae (strain ATCC 204508 / S288c)	1:Experimental evidence at protein level	High-affinity glutamine permease	1.0	0.999	5	10	10	10	3	4	3	3	4	3	3	4	3	7.4445264E7	9.0333968E7	3.9077164E7	4.0186316E7	5.8455916E7	4.599994E7	
sp|P48836|VATG_YEAST	P48836	VATG_YEAST	VMA10	114	Saccharomyces cerevisiae (strain ATCC 204508 / S288c)	1:Experimental evidence at protein level	V-type proton ATPase subunit G	1.0	0.999	5	60	60	60	20	19	21	20	19	21	20	19	21	2.29874368E8	1.9923144E8	2.17780992E8	8.2278744E7	7.0801568E7	7.9055728E7	
sp|P48837|NUP57_YEAST	P48837	NUP57_YEAST	NUP57	541	Saccharomyces cerevisiae (strain ATCC 204508 / S288c)	1:Experimental evidence at protein level	Nucleoporin NUP57	0.9999	0.999	2	6	6	6	2	2	2	2	2	2	2	2	2	6109184.5	5540955.5	4803149.0	6109184.5	5540955.5	4803149.0	
sp|P49017|COQ5_YEAST	P49017	COQ5_YEAST	COQ5	307	Saccharomyces cerevisiae (strain ATCC 204508 / S288c)	1:Experimental evidence at protein level	2-methoxy-6-polyprenyl-1,4-benzoquinol methylase, mitochondrial	1.0	0.999	2	6	6	6	3	2	1	3	2	1	3	2	1	4676139.5	1.8340032E7	4267256.5	6838205.0	6498318.0	6240270.0	
sp|P49089|ASNS1_YEAST	P49089	ASNS1_YEAST	ASN1	572	Saccharomyces cerevisiae (strain ATCC 204508 / S288c)	1:Experimental evidence at protein level	Asparagine synthetase [glutamine-hydrolyzing] 1	1.0	0.999	20	104	104	157	34	35	35	34	35	35	52	53	52	3.45827072E8	3.53668704E8	3.7022704E8	5.1065172E7	5.1950484E7	5.6713408E7	
sp|P49090|ASNS2_YEAST	P49090	ASNS2_YEAST	ASN2	572	Saccharomyces cerevisiae (strain ATCC 204508 / S288c)	1:Experimental evidence at protein level	Asparagine synthetase [glutamine-hydrolyzing] 2	1.0	0.999	18	194	141	194	66	64	64	48	46	47	66	64	64	8.23576E8	8.4342336E8	9.6714022E8	1.33972456E8	1.17671928E8	1.33736856E8	
sp|P49095|GCSP_YEAST	P49095	GCSP_YEAST	GCV2	1034	Saccharomyces cerevisiae (strain ATCC 204508 / S288c)	1:Experimental evidence at protein level	Glycine dehydrogenase (decarboxylating), mitochondrial	1.0	0.999	16	40	40	40	16	12	12	16	12	12	16	12	12	9.5747424E7	9.0326144E7	9.5823488E7	1.3732492E7	1.4366777E7	1.4605121E7	
sp|P49166|RL37A_YEAST	P49166	RL37A_YEAST	RPL37A	88	Saccharomyces cerevisiae (strain ATCC 204508 / S288c)	1:Experimental evidence at protein level	60S ribosomal protein L37-A	1.0	0.999	5	59	35	59	19	19	21	12	12	11	19	19	21	2.43773504E8	2.17107088E8	2.53666528E8	1.23664088E8	1.25377872E8	1.14395128E8	
sp|P49167|RL38_YEAST	P49167	RL38_YEAST	RPL38	78	Saccharomyces cerevisiae (strain ATCC 204508 / S288c)	1:Experimental evidence at protein level	60S ribosomal protein L38	1.0	0.999	3	73	73	73	25	24	24	25	24	24	25	24	24	2.61201792E8	2.07954224E8	1.99742912E8	1.83300432E8	1.9470328E8	2.02289856E8	
sp|P49334|TOM22_YEAST	P49334	TOM22_YEAST	TOM22	152	Saccharomyces cerevisiae (strain ATCC 204508 / S288c)	1:Experimental evidence at protein level	Mitochondrial import receptor subunit TOM22	1.0	0.999	4	13	13	13	5	4	4	5	4	4	5	4	4	5.54822E7	7.6120528E7	7.7724776E7	3.5806128E7	3.519404E7	3.1157452E7	
sp|P49435|APT1_YEAST	P49435	APT1_YEAST	APT1	187	Saccharomyces cerevisiae (strain ATCC 204508 / S288c)	1:Experimental evidence at protein level	Adenine phosphoribosyltransferase 1	1.0	0.999	5	20	20	20	7	7	6	7	7	6	7	7	6	5.0358456E7	5.9068128E7	6.4381864E7	1.892262E7	1.8842752E7	1.9867072E7	
sp|P49573|CTR1_YEAST	P49573	CTR1_YEAST	CTR1	406	Saccharomyces cerevisiae (strain ATCC 204508 / S288c)	1:Experimental evidence at protein level	Copper transport protein CTR1	0.9674	0.999	1	1	1	1	0	0	1	0	0	1	0	0	1	3003245.2	2001221.8	4177217.8	3003245.2	2001221.8	4177217.8	
sp|P49626|RL4B_YEAST	P49626	RL4B_YEAST	RPL4B	362	Saccharomyces cerevisiae (strain ATCC 204508 / S288c)	1:Experimental evidence at protein level	60S ribosomal protein L4-B	0.9999	0.999	12	9	9	148	2	3	4	2	3	4	47	49	52	4.6704256E7	4.9825204E7	5.7456752E7	4.6704256E7	4.9825204E7	5.7456752E7	
sp|P49723|RIR4_YEAST	P49723	RIR4_YEAST	RNR4	345	Saccharomyces cerevisiae (strain ATCC 204508 / S288c)	1:Experimental evidence at protein level	Ribonucleoside-diphosphate reductase small chain 2	1.0	0.999	12	126	126	126	42	42	42	42	42	42	42	42	42	1.00320608E9	8.6930406E8	9.7340083E8	1.61130016E8	1.4478488E8	1.65571584E8	
sp|P49954|NIT3_YEAST	P49954	NIT3_YEAST	NIT3	291	Saccharomyces cerevisiae (strain ATCC 204508 / S288c)	1:Experimental evidence at protein level	Omega-amidase NIT3	1.0	0.999	4	14	14	14	5	4	5	5	4	5	5	4	5	2.4915358E7	2.3045474E7	3.0646184E7	7683063.5	8124887.0	1.0584108E7	
sp|P50085|PHB2_YEAST	P50085	PHB2_YEAST	PHB2	310	Saccharomyces cerevisiae (strain ATCC 204508 / S288c)	1:Experimental evidence at protein level	Prohibitin-2	1.0	0.999	7	27	27	27	10	10	7	10	10	7	10	10	7	4.3932524E7	5.6915368E7	6.2869364E7	1.1252359E7	1.3550184E7	1.5094172E7	
sp|P50086|PSD10_YEAST	P50086	PSD10_YEAST	NAS6	228	Saccharomyces cerevisiae (strain ATCC 204508 / S288c)	1:Experimental evidence at protein level	Probable 26S proteasome regulatory subunit p28	1.0	0.999	4	11	11	11	4	4	3	4	4	3	4	4	3	2.7756974E7	3.2079864E7	2.8292092E7	1.2973896E7	1.2289028E7	1.1417848E7	
sp|P50088|SPG1_YEAST	P50088	SPG1_YEAST	SPG1	95	Saccharomyces cerevisiae (strain ATCC 204508 / S288c)	1:Experimental evidence at protein level	Stationary phase gene 1 protein	0.945	0.9983	1	1	1	1	1	0	0	1	0	0	1	0	0	5718721.5	0.0	0.0	0.0	0.0	0.0	
sp|P50094|IMDH4_YEAST	P50094	IMDH4_YEAST	IMD4	524	Saccharomyces cerevisiae (strain ATCC 204508 / S288c)	1:Experimental evidence at protein level	Inosine-5'-monophosphate dehydrogenase 4	1.0	0.999	7	5	5	39	2	1	2	2	1	2	13	13	13	1.4122552E7	1.2594864E7	1.3319778E7	8658390.0	7415677.0	8129060.5	
sp|P50095|IMDH3_YEAST	P50095	IMDH3_YEAST	IMD3	523	Saccharomyces cerevisiae (strain ATCC 204508 / S288c)	1:Experimental evidence at protein level	Inosine-5'-monophosphate dehydrogenase 3	1.0	0.999	12	63	20	63	19	23	21	4	9	7	19	23	21	2.94166656E8	3.12798528E8	3.30631232E8	4.2920104E7	4.6444596E7	4.852988E7	
sp|P50101|UBP15_YEAST	P50101	UBP15_YEAST	UBP15	1230	Saccharomyces cerevisiae (strain ATCC 204508 / S288c)	1:Experimental evidence at protein level	Ubiquitin carboxyl-terminal hydrolase 15	1.0	0.999	4	11	11	11	4	4	3	4	4	3	4	4	3	2.3522028E7	2.6775646E7	1.7392602E7	8178526.0	1.0448707E7	1.0759894E7	
sp|P50107|LGUL_YEAST	P50107	LGUL_YEAST	GLO1	326	Saccharomyces cerevisiae (strain ATCC 204508 / S288c)	1:Experimental evidence at protein level	Glyoxalase I	1.0	0.999	4	11	11	11	3	4	4	3	4	4	3	4	4	3.2998032E7	3.6665748E7	3.3941348E7	1.0761656E7	1.1811736E7	1.1102458E7	
sp|P50108|MNN10_YEAST	P50108	MNN10_YEAST	MNN10	393	Saccharomyces cerevisiae (strain ATCC 204508 / S288c)	1:Experimental evidence at protein level	Probable alpha-1,6-mannosyltransferase MNN10	0.9999	0.999	2	9	9	9	3	3	3	3	3	3	3	3	3	6098595.0	7999462.0	6291873.0	3311637.0	4318776.0	3407852.5	
sp|P50109|PSP2_YEAST	P50109	PSP2_YEAST	PSP2	593	Saccharomyces cerevisiae (strain ATCC 204508 / S288c)	1:Experimental evidence at protein level	Protein PSP2	1.0	0.999	4	10	10	10	3	4	3	3	4	3	3	4	3	2.1619276E7	1.9402464E7	2.012881E7	8814452.0	7637583.0	8157651.0	
sp|P50278|SOL1_YEAST	P50278	SOL1_YEAST	SOL1	321	Saccharomyces cerevisiae (strain ATCC 204508 / S288c)	1:Experimental evidence at protein level	6-phosphogluconolactonase-like protein 1	1.0	0.999	2	2	2	2	0	1	1	0	1	1	0	1	1	6187453.0	9114801.0	8644832.0	3520037.5	5183053.0	4737695.0	
sp|P50623|UBC9_YEAST	P50623	UBC9_YEAST	UBC9	157	Saccharomyces cerevisiae (strain ATCC 204508 / S288c)	1:Experimental evidence at protein level	SUMO-conjugating enzyme UBC9	1.0	0.999	3	6	6	6	2	2	2	2	2	2	2	2	2	1.4626169E7	1.894745E7	1.8494708E7	7282930.0	9478968.0	1.0313608E7	
sp|P50861|RIB4_YEAST	P50861	RIB4_YEAST	RIB4	169	Saccharomyces cerevisiae (strain ATCC 204508 / S288c)	1:Experimental evidence at protein level	6,7-dimethyl-8-ribityllumazine synthase	1.0	0.999	5	31	31	31	12	9	10	12	9	10	12	9	10	1.21754352E8	1.09814472E8	1.04630896E8	5.8493776E7	4.8880384E7	4.8793992E7	
sp|P51402|RL37B_YEAST	P51402	RL37B_YEAST	RPL37B	88	Saccharomyces cerevisiae (strain ATCC 204508 / S288c)	1:Experimental evidence at protein level	60S ribosomal protein L37-B	1.0	0.999	5	20	20	44	5	7	8	5	7	8	12	14	18	3.9529552E7	3.9779684E7	3.6591624E7	2.0664576E7	1.896074E7	1.9096634E7	
sp|P51534|SHE4_YEAST	P51534	SHE4_YEAST	SHE4	789	Saccharomyces cerevisiae (strain ATCC 204508 / S288c)	1:Experimental evidence at protein level	SWI5-dependent HO expression protein 4	1.0	0.999	4	5	5	5	2	2	1	2	2	1	2	2	1	8079798.0	1.0532117E7	4767544.5	6354473.5	3510305.5	5669348.0	
sp|P51601|GCH1_YEAST	P51601	GCH1_YEAST	FOL2	243	Saccharomyces cerevisiae (strain ATCC 204508 / S288c)	1:Experimental evidence at protein level	GTP cyclohydrolase 1	1.0	0.999	2	4	4	4	1	2	1	1	2	1	1	2	1	3612755.0	4900322.0	6873629.5	2314404.5	3015760.8	4207636.0	
sp|P52286|SKP1_YEAST	P52286	SKP1_YEAST	SKP1	194	Saccharomyces cerevisiae (strain ATCC 204508 / S288c)	1:Experimental evidence at protein level	Suppressor of kinetochore protein 1	1.0	0.999	7	17	17	17	5	6	6	5	6	6	5	6	6	6.0769208E7	6.0771456E7	4.8841044E7	2.2693876E7	1.7929072E7	1.748341E7	
sp|P52488|UBA2_YEAST	P52488	UBA2_YEAST	UBA2	636	Saccharomyces cerevisiae (strain ATCC 204508 / S288c)	1:Experimental evidence at protein level	Ubiquitin-activating enzyme E1-like	0.9584	0.9987	1	1	1	1	1	0	0	1	0	0	1	0	0	2230431.2	3878180.2	2750201.5	2230431.2	3878180.2	2750201.5	
sp|P52489|KPYK2_YEAST	P52489	KPYK2_YEAST	PYK2	506	Saccharomyces cerevisiae (strain ATCC 204508 / S288c)	1:Experimental evidence at protein level	Pyruvate kinase 2	1.0	0.999	9	16	16	153	7	5	4	7	5	4	60	54	39	5.2156568E7	3.926652E7	2.1069974E7	1.3086827E7	1.0768562E7	1.1563634E7	
sp|P52490|UBC13_YEAST	P52490	UBC13_YEAST	UBC13	153	Saccharomyces cerevisiae (strain ATCC 204508 / S288c)	1:Experimental evidence at protein level	Ubiquitin-conjugating enzyme E2 13	1.0	0.999	2	9	9	9	3	3	3	3	3	3	3	3	3	2.6608372E7	1.6050068E7	1.6133887E7	1.5599176E7	7913019.5	8241089.5	
sp|P52553|PFD6_YEAST	P52553	PFD6_YEAST	YKE2	114	Saccharomyces cerevisiae (strain ATCC 204508 / S288c)	1:Experimental evidence at protein level	Prefoldin subunit 6	1.0	0.999	2	6	6	6	2	2	2	2	2	2	2	2	2	1.7235276E7	1.296519E7	1.571294E7	8700428.0	6545636.0	7932540.5	
sp|P52593|NU188_YEAST	P52593	NU188_YEAST	NUP188	1655	Saccharomyces cerevisiae (strain ATCC 204508 / S288c)	1:Experimental evidence at protein level	Nucleoporin NUP188	0.7515	0.9903	1	2	2	2	1	1	0	1	1	0	1	1	0	2495678.5	2506587.5	2193213.2	2495678.5	2506587.5	2193213.2	
sp|P52871|SC6B2_YEAST	P52871	SC6B2_YEAST	SBH2	88	Saccharomyces cerevisiae (strain ATCC 204508 / S288c)	1:Experimental evidence at protein level	Protein transport protein SBH2	0.9674	0.999	1	4	4	4	1	2	1	1	2	1	1	2	1	2.363673E7	2.0512098E7	1.8396372E7	2.363673E7	2.0512098E7	1.8396372E7	
sp|P52891|NUP84_YEAST	P52891	NUP84_YEAST	NUP84	726	Saccharomyces cerevisiae (strain ATCC 204508 / S288c)	1:Experimental evidence at protein level	Nucleoporin NUP84	0.9673	0.999	1	3	3	3	1	1	1	1	1	1	1	1	1	2323505.0	2139176.2	2314319.2	2323505.0	2139176.2	2314319.2	
sp|P52893|ALAM_YEAST	P52893	ALAM_YEAST	ALT1	592	Saccharomyces cerevisiae (strain ATCC 204508 / S288c)	1:Experimental evidence at protein level	Probable alanine aminotransferase, mitochondrial	1.0	0.999	3	4	4	4	2	1	1	2	1	1	2	1	1	1.1912713E7	1.3319083E7	1.2025382E7	7473672.5	8081874.0	6724018.5	
sp|P52910|ACS2_YEAST	P52910	ACS2_YEAST	ACS2	683	Saccharomyces cerevisiae (strain ATCC 204508 / S288c)	1:Experimental evidence at protein level	Acetyl-coenzyme A synthetase 2	1.0	0.999	25	162	152	162	50	56	56	48	51	53	50	56	56	6.3576717E8	6.5113286E8	6.5388013E8	6.7126448E7	6.1297264E7	6.4561188E7	
sp|P52917|VPS4_YEAST	P52917	VPS4_YEAST	VPS4	437	Saccharomyces cerevisiae (strain ATCC 204508 / S288c)	1:Experimental evidence at protein level	Vacuolar protein sorting-associated protein 4	1.0	0.999	6	15	15	15	5	5	5	5	5	5	5	5	5	2.138739E7	2.0856892E7	2.4261954E7	5177638.5	4858715.0	5529526.0	
sp|P52918|MSN5_YEAST	P52918	MSN5_YEAST	MSN5	1224	Saccharomyces cerevisiae (strain ATCC 204508 / S288c)	1:Experimental evidence at protein level	Protein MSN5	0.9839	0.9929	2	4	3	4	2	1	1	1	1	1	2	1	1	5269012.0	0.0	0.0	0.0	0.0	0.0	
sp|P53008|CWH41_YEAST	P53008	CWH41_YEAST	CWH41	833	Saccharomyces cerevisiae (strain ATCC 204508 / S288c)	1:Experimental evidence at protein level	Mannosyl-oligosaccharide glucosidase	1.0	0.999	8	18	18	18	7	5	6	7	5	6	7	5	6	5.2328568E7	4.454284E7	6.5873764E7	1.568404E7	1.5702687E7	1.3389363E7	
sp|P53011|SEH1_YEAST	P53011	SEH1_YEAST	SEH1	349	Saccharomyces cerevisiae (strain ATCC 204508 / S288c)	1:Experimental evidence at protein level	Nucleoporin SEH1	1.0	0.999	3	5	5	5	3	0	2	3	0	2	3	0	2	1.2561906E7	1.2715062E7	1.4498278E7	7204396.5	7056265.5	7838540.0	
sp|P53040|TAF6_YEAST	P53040	TAF6_YEAST	TAF6	516	Saccharomyces cerevisiae (strain ATCC 204508 / S288c)	1:Experimental evidence at protein level	Transcription initiation factor TFIID subunit 6	0.7411	0.9897	1	1	1	1	1	0	0	1	0	0	1	0	0	2654830.8	1970800.4	1956334.1	2654830.8	1970800.4	1956334.1	
sp|P53044|UFD1_YEAST	P53044	UFD1_YEAST	UFD1	361	Saccharomyces cerevisiae (strain ATCC 204508 / S288c)	1:Experimental evidence at protein level	Ubiquitin fusion degradation protein 1	1.0	0.999	5	11	11	11	5	4	2	5	4	2	5	4	2	1.7707372E7	1.9824952E7	1.1029046E7	7078478.5	7510712.0	7296765.0	
sp|P53064|RTF1_YEAST	P53064	RTF1_YEAST	RTF1	558	Saccharomyces cerevisiae (strain ATCC 204508 / S288c)	1:Experimental evidence at protein level	RNA polymerase-associated protein RTF1	0.9983	0.9977	2	2	2	2	2	0	0	2	0	0	2	0	0	6197656.0	5466581.5	6559028.0	3637941.5	3112363.5	3825154.8	
sp|P53066|YGZ2_YEAST	P53066	YGZ2_YEAST	YGL242C	181	Saccharomyces cerevisiae (strain ATCC 204508 / S288c)	1:Experimental evidence at protein level	Ankyrin repeat-containing protein YGL242C	1.0	0.999	4	11	11	11	5	3	3	5	3	3	5	3	3	3.8147416E7	4.141602E7	4.3394056E7	1.5678193E7	1.6372214E7	1.7678314E7	
sp|P53075|SHE10_YEAST	P53075	SHE10_YEAST	SHE10	577	Saccharomyces cerevisiae (strain ATCC 204508 / S288c)	1:Experimental evidence at protein level	Outer spore wall assembly protein SHE10	1.0	0.999	10	22	22	22	9	5	8	9	5	8	9	5	8	4.6701864E7	5.0581004E7	5.2417048E7	8532631.0	8256820.0	8906814.0	
sp|P53078|SDT1_YEAST	P53078	SDT1_YEAST	SDT1	280	Saccharomyces cerevisiae (strain ATCC 204508 / S288c)	1:Experimental evidence at protein level	Suppressor of disruption of TFIIS	0.9986	0.999	2	4	4	4	1	1	2	1	1	2	1	1	2	2508818.2	3453092.5	2541800.0	2508818.2	3453092.5	2541800.0	
sp|P53081|NIF3_YEAST	P53081	NIF3_YEAST	NIF3	288	Saccharomyces cerevisiae (strain ATCC 204508 / S288c)	1:Experimental evidence at protein level	NGG1-interacting factor 3	1.0	0.999	7	17	17	17	7	5	5	7	5	5	7	5	5	4.5681836E7	4.5168004E7	4.7970388E7	1.0414241E7	1.0435895E7	1.1299425E7	
sp|P53090|ARO8_YEAST	P53090	ARO8_YEAST	ARO8	500	Saccharomyces cerevisiae (strain ATCC 204508 / S288c)	1:Experimental evidence at protein level	Aromatic/aminoadipate aminotransferase 1	1.0	0.999	16	93	93	93	29	33	31	29	33	31	29	33	31	4.39470176E8	5.07029632E8	5.1665552E8	7.1672496E7	8.1788032E7	8.3096208E7	
sp|P53107|YRB30_YEAST	P53107	YRB30_YEAST	YRB30	440	Saccharomyces cerevisiae (strain ATCC 204508 / S288c)	1:Experimental evidence at protein level	Ran-specific GTPase-activating protein 30	0.9657	0.9989	1	2	2	2	1	0	1	1	0	1	1	0	1	1042035.56	0.0	0.0	0.0	0.0	0.0	
sp|P53108|YIP5_YEAST	P53108	YIP5_YEAST	YIP5	310	Saccharomyces cerevisiae (strain ATCC 204508 / S288c)	1:Experimental evidence at protein level	Protein YIP5	0.9666	0.999	1	1	1	1	1	0	0	1	0	0	1	0	0	2506390.8	1381303.0	3091420.8	2506390.8	1381303.0	3091420.8	
sp|P53110|YGP9_YEAST	P53110	YGP9_YEAST	YGL159W	370	Saccharomyces cerevisiae (strain ATCC 204508 / S288c)	1:Experimental evidence at protein level	Uncharacterized protein YGL159W	0.9673	0.999	1	1	1	1	1	0	0	1	0	0	1	0	0	2523696.8	2566837.8	0.0	2523696.8	2566837.8	0.0	
sp|P53111|ARI1_YEAST	P53111	ARI1_YEAST	ARI1	347	Saccharomyces cerevisiae (strain ATCC 204508 / S288c)	1:Experimental evidence at protein level	NADPH-dependent aldehyde reductase ARI1	1.0	0.999	7	27	24	27	8	8	11	7	7	10	8	8	11	7.8733576E7	8.2205904E7	9.3075336E7	2.4117282E7	2.275514E7	2.3584902E7	
sp|P53112|PEX14_YEAST	P53112	PEX14_YEAST	PEX14	341	Saccharomyces cerevisiae (strain ATCC 204508 / S288c)	1:Experimental evidence at protein level	Peroxisomal membrane protein PEX14	0.9674	0.999	1	2	2	2	1	0	1	1	0	1	1	0	1	1731468.4	0.0	3618482.0	1731468.4	0.0	3618482.0	
sp|P53128|MTHR2_YEAST	P53128	MTHR2_YEAST	MET13	600	Saccharomyces cerevisiae (strain ATCC 204508 / S288c)	1:Experimental evidence at protein level	Methylenetetrahydrofolate reductase 2	0.9674	0.999	1	4	4	4	2	1	1	2	1	1	2	1	1	3744521.0	4979742.5	7970137.0	3744521.0	4979742.5	7970137.0	
sp|P53131|PRP43_YEAST	P53131	PRP43_YEAST	PRP43	767	Saccharomyces cerevisiae (strain ATCC 204508 / S288c)	1:Experimental evidence at protein level	Pre-mRNA-splicing factor ATP-dependent RNA helicase PRP43	1.0	0.999	5	7	7	7	5	1	1	5	1	1	5	1	1	2.5194348E7	2.1587796E7	1.7751864E7	7162206.0	6853430.0	7227900.0	
sp|P53136|NSA1_YEAST	P53136	NSA1_YEAST	NSA1	463	Saccharomyces cerevisiae (strain ATCC 204508 / S288c)	1:Experimental evidence at protein level	Ribosome biogenesis protein NSA1	0.9999	0.9989	2	2	2	2	2	0	0	2	0	0	2	0	0	4187612.0	4553030.0	5516103.0	2994632.2	4553030.0	5516103.0	
sp|P53141|MLC1_YEAST	P53141	MLC1_YEAST	MLC1	149	Saccharomyces cerevisiae (strain ATCC 204508 / S288c)	1:Experimental evidence at protein level	Myosin light chain 1	1.0	0.999	8	48	48	48	17	17	14	17	17	14	17	17	14	1.56251296E8	1.58657456E8	1.71104048E8	3.8204024E7	4.0611392E7	3.9648884E7	
sp|P53145|LSG1_YEAST	P53145	LSG1_YEAST	LSG1	640	Saccharomyces cerevisiae (strain ATCC 204508 / S288c)	1:Experimental evidence at protein level	Large subunit GTPase 1	1.0	0.999	3	7	7	7	3	1	3	3	1	3	3	1	3	8374310.0	8419187.0	1.1339042E7	4135372.2	5992889.0	6126697.5	
sp|P53152|MMS2_YEAST	P53152	MMS2_YEAST	MMS2	137	Saccharomyces cerevisiae (strain ATCC 204508 / S288c)	1:Experimental evidence at protein level	Ubiquitin-conjugating enzyme variant MMS2	0.9996	0.999	2	9	9	9	3	3	3	3	3	3	3	3	3	2.5070118E7	3.8067648E7	3.6464792E7	1.6427319E7	2.42421E7	2.402605E7	
sp|P53154|GUP1_YEAST	P53154	GUP1_YEAST	GUP1	560	Saccharomyces cerevisiae (strain ATCC 204508 / S288c)	1:Experimental evidence at protein level	Membrane-bound O-acyltransferase GUP1	1.0	0.999	2	4	4	4	1	1	2	1	1	2	1	1	2	4953997.5	9622872.0	9567050.0	5719183.5	5070786.5	4806810.0	
sp|P53155|YGI2_YEAST	P53155	YGI2_YEAST	YGL082W	381	Saccharomyces cerevisiae (strain ATCC 204508 / S288c)	1:Experimental evidence at protein level	Uncharacterized protein YGL082W	0.9673	0.999	1	3	3	3	1	1	1	1	1	1	1	1	1	3170066.0	4498988.0	4274262.0	3170066.0	4498988.0	4274262.0	
sp|P53163|MNP1_YEAST	P53163	MNP1_YEAST	MNP1	194	Saccharomyces cerevisiae (strain ATCC 204508 / S288c)	1:Experimental evidence at protein level	54S ribosomal protein L12, mitochondrial	1.0	0.9981	3	10	10	10	2	4	4	2	4	4	2	4	4	4.246382E7	4.4499384E7	3.43463E7	1.7165172E7	1.7887938E7	1.3597064E7	
sp|P53172|SDS23_YEAST	P53172	SDS23_YEAST	SDS23	527	Saccharomyces cerevisiae (strain ATCC 204508 / S288c)	1:Experimental evidence at protein level	Protein SDS23	0.9674	0.999	1	2	2	2	1	1	0	1	1	0	1	1	0	3360446.2	0.0	0.0	0.0	0.0	0.0	
sp|P53173|ERV14_YEAST	P53173	ERV14_YEAST	ERV14	138	Saccharomyces cerevisiae (strain ATCC 204508 / S288c)	1:Experimental evidence at protein level	ER-derived vesicles protein ERV14	0.9674	0.999	1	7	7	7	3	2	2	3	2	2	3	2	2	2.2628922E7	3.7421288E7	4.3971072E7	2.2628922E7	3.7421288E7	4.3971072E7	
sp|P53178|ALG13_YEAST	P53178	ALG13_YEAST	ALG13	202	Saccharomyces cerevisiae (strain ATCC 204508 / S288c)	1:Experimental evidence at protein level	UDP-N-acetylglucosamine transferase subunit ALG13	0.9078	0.997	1	1	1	1	1	0	0	1	0	0	1	0	0	0.0	0.0	0.0	0.0	0.0	0.0	
sp|P53183|YGD9_YEAST	P53183	YGD9_YEAST	YGL039W	348	Saccharomyces cerevisiae (strain ATCC 204508 / S288c)	1:Experimental evidence at protein level	Putative uncharacterized oxidoreductase YGL039W	1.0	0.999	4	9	9	12	3	3	3	3	3	3	4	4	4	2.1645952E7	2.2238284E7	2.4369568E7	8649738.0	1.2970044E7	1.3366051E7	
sp|P53184|PNC1_YEAST	P53184	PNC1_YEAST	PNC1	216	Saccharomyces cerevisiae (strain ATCC 204508 / S288c)	1:Experimental evidence at protein level	Nicotinamidase	1.0	0.999	8	50	50	50	18	14	18	18	14	18	18	14	18	2.1956536E8	2.20767408E8	2.6164296E8	8.3184776E7	8.6578E7	9.144696E7	
sp|P53192|GET1_YEAST	P53192	GET1_YEAST	GET1	235	Saccharomyces cerevisiae (strain ATCC 204508 / S288c)	1:Experimental evidence at protein level	Golgi to ER traffic protein 1	0.9672	0.999	1	3	3	3	1	1	1	1	1	1	1	1	1	8005336.0	8939435.0	7480140.5	8005336.0	8939435.0	7480140.5	
sp|P53193|JAC1_YEAST	P53193	JAC1_YEAST	JAC1	184	Saccharomyces cerevisiae (strain ATCC 204508 / S288c)	1:Experimental evidence at protein level	J-type co-chaperone JAC1, mitochondrial	0.8973	0.9966	1	1	1	1	0	1	0	0	1	0	0	1	0	1856037.6	2796701.2	2412934.8	1856037.6	2796701.2	2412934.8	
sp|P53199|ERG26_YEAST	P53199	ERG26_YEAST	ERG26	349	Saccharomyces cerevisiae (strain ATCC 204508 / S288c)	1:Experimental evidence at protein level	Sterol-4-alpha-carboxylate 3-dehydrogenase ERG26, decarboxylating	1.0	0.999	6	24	24	24	6	10	8	6	10	8	6	10	8	7.9157424E7	7.0110304E7	8.203004E7	2.0353344E7	1.7654954E7	2.0648224E7	
sp|P53200|EFM5_YEAST	P53200	EFM5_YEAST	EFM5	248	Saccharomyces cerevisiae (strain ATCC 204508 / S288c)	1:Experimental evidence at protein level	Protein-lysine N-methyltransferase EFM5	1.0	0.999	4	11	11	11	3	4	4	3	4	4	3	4	4	1.996189E7	2.3024846E7	2.1803932E7	7391900.5	1.0824815E7	9923971.0	
sp|P53221|RL26B_YEAST	P53221	RL26B_YEAST	RPL26B	127	Saccharomyces cerevisiae (strain ATCC 204508 / S288c)	1:Experimental evidence at protein level	60S ribosomal protein L26-B	1.0	0.999	9	137	12	137	45	41	51	4	3	5	45	41	51	1.16561664E9	9.2396205E8	1.01894086E9	3.43920192E8	3.05317536E8	3.0808288E8	
sp|P53228|TAL2_YEAST	P53228	TAL2_YEAST	NQM1	333	Saccharomyces cerevisiae (strain ATCC 204508 / S288c)	1:Experimental evidence at protein level	Transaldolase NQM1	1.0	0.999	3	3	3	7	1	1	1	1	1	1	3	2	2	1.347457E7	1.0551922E7	5841563.5	7784027.0	6196737.5	5841563.5	
sp|P53235|EIF2A_YEAST	P53235	EIF2A_YEAST	YGR054W	642	Saccharomyces cerevisiae (strain ATCC 204508 / S288c)	1:Experimental evidence at protein level	Eukaryotic translation initiation factor 2A	1.0	0.999	6	16	16	16	6	5	5	6	5	5	6	5	5	6.661928E7	8.3585632E7	8.577272E7	2.7592558E7	2.6104808E7	2.5485254E7	
sp|P53250|TWF1_YEAST	P53250	TWF1_YEAST	TWF1	332	Saccharomyces cerevisiae (strain ATCC 204508 / S288c)	1:Experimental evidence at protein level	Twinfilin-1	0.9998	0.999	2	5	5	5	2	2	1	2	2	1	2	2	1	1.5851308E7	1.7614784E7	1.3350554E7	1.2109003E7	1.3808896E7	9788370.0	
sp|P53252|PIL1_YEAST	P53252	PIL1_YEAST	PIL1	339	Saccharomyces cerevisiae (strain ATCC 204508 / S288c)	1:Experimental evidence at protein level	Sphingolipid long chain base-responsive protein PIL1	1.0	0.999	14	150	138	150	50	48	52	46	44	48	50	48	52	6.3113152E8	8.2412358E8	8.2647622E8	1.71992864E8	2.0646584E8	2.07122464E8	
sp|P53254|UTP22_YEAST	P53254	UTP22_YEAST	UTP22	1237	Saccharomyces cerevisiae (strain ATCC 204508 / S288c)	1:Experimental evidence at protein level	U3 small nucleolar RNA-associated protein 22	1.0	0.999	3	10	10	10	4	2	4	4	2	4	4	2	4	1.0159568E7	1.2797471E7	1.4224781E7	5560309.0	7275086.5	7951989.5	
sp|P53261|PESC_YEAST	P53261	PESC_YEAST	NOP7	605	Saccharomyces cerevisiae (strain ATCC 204508 / S288c)	1:Experimental evidence at protein level	Pescadillo homolog	1.0	0.999	8	15	15	15	7	5	3	7	5	3	7	5	3	4.1128668E7	2.9629474E7	3.030324E7	7971446.0	8517264.0	7490220.0	
sp|P53265|YG2W_YEAST	P53265	YG2W_YEAST	YGR111W	400	Saccharomyces cerevisiae (strain ATCC 204508 / S288c)	1:Experimental evidence at protein level	Uncharacterized protein YGR111W	0.9997	0.999	2	4	4	4	1	1	2	1	1	2	1	1	2	5.0676144E7	3.7880552E7	4.1930716E7	4.2243712E7	3.8920932E7	4.3965504E7	
sp|P53271|COG2_YEAST	P53271	COG2_YEAST	COG2	262	Saccharomyces cerevisiae (strain ATCC 204508 / S288c)	1:Experimental evidence at protein level	Conserved oligomeric Golgi complex subunit 2	0.967	0.999	1	1	1	1	0	1	0	0	1	0	0	1	0	5818492.0	1.0651646E7	1.2452911E7	5818492.0	1.0651646E7	1.2452911E7	
sp|P53276|UTP8_YEAST	P53276	UTP8_YEAST	UTP8	713	Saccharomyces cerevisiae (strain ATCC 204508 / S288c)	1:Experimental evidence at protein level	U3 small nucleolar RNA-associated protein 8	0.912	0.9971	1	3	3	3	1	1	1	1	1	1	1	1	1	1530142.9	2218534.5	2635185.0	1530142.9	2218534.5	2635185.0	
sp|P53277|SYF2_YEAST	P53277	SYF2_YEAST	SYF2	215	Saccharomyces cerevisiae (strain ATCC 204508 / S288c)	1:Experimental evidence at protein level	Pre-mRNA-splicing factor SYF2	0.7114	0.9881	1	2	2	2	1	1	0	1	1	0	1	1	0	0.0	0.0	0.0	0.0	0.0	0.0	
sp|P53278|YG3A_YEAST	P53278	YG3A_YEAST	YGR130C	816	Saccharomyces cerevisiae (strain ATCC 204508 / S288c)	1:Experimental evidence at protein level	Uncharacterized protein YGR130C	1.0	0.999	9	15	15	15	7	5	3	7	5	3	7	5	3	4.657504E7	4.3616948E7	3.9894844E7	1.2966596E7	1.3067021E7	1.1493384E7	
sp|P53281|LSB1_YEAST	P53281	LSB1_YEAST	LSB1	241	Saccharomyces cerevisiae (strain ATCC 204508 / S288c)	1:Experimental evidence at protein level	LAS seventeen-binding protein 1	1.0	0.999	4	11	11	11	3	4	4	3	4	4	3	4	4	3.5419376E7	3.1332352E7	3.5812596E7	1.4909862E7	1.3275718E7	1.6185644E7	
sp|P53295|RBG2_YEAST	P53295	RBG2_YEAST	RBG2	368	Saccharomyces cerevisiae (strain ATCC 204508 / S288c)	1:Experimental evidence at protein level	Ribosome-interacting GTPase 2	1.0	0.999	3	4	4	4	2	1	1	2	1	1	2	1	1	1.0827786E7	1.1687355E7	6246742.5	4037938.8	4357847.5	3579224.0	
sp|P53297|PBP1_YEAST	P53297	PBP1_YEAST	PBP1	722	Saccharomyces cerevisiae (strain ATCC 204508 / S288c)	1:Experimental evidence at protein level	PAB1-binding protein 1	0.9674	0.999	1	2	2	2	0	1	1	0	1	1	0	1	1	2384436.8	4772600.0	4878894.5	2384436.8	4772600.0	4878894.5	
sp|P53299|TIM13_YEAST	P53299	TIM13_YEAST	TIM13	105	Saccharomyces cerevisiae (strain ATCC 204508 / S288c)	1:Experimental evidence at protein level	Mitochondrial import inner membrane translocase subunit TIM13	1.0	0.999	3	8	8	8	3	3	2	3	3	2	3	3	2	2.443601E7	2.5459352E7	2.6632744E7	9758296.0	9798297.0	1.0353435E7	
sp|P53301|CRH1_YEAST	P53301	CRH1_YEAST	CRH1	507	Saccharomyces cerevisiae (strain ATCC 204508 / S288c)	1:Experimental evidence at protein level	Probable glycosidase CRH1	1.0	0.999	7	22	22	22	5	9	8	5	9	8	5	9	8	9.8489008E7	8.5641768E7	8.1782584E7	2.636276E7	2.3721572E7	2.3742486E7	
sp|P53303|ZPR1_YEAST	P53303	ZPR1_YEAST	ZPR1	486	Saccharomyces cerevisiae (strain ATCC 204508 / S288c)	1:Experimental evidence at protein level	Zinc finger chaperone ZPR1	1.0	0.999	3	5	5	5	2	2	1	2	2	1	2	2	1	1.0083682E7	1.683067E7	1.0866222E7	7581823.0	6313168.0	8603163.0	
sp|P53312|SUCB_YEAST	P53312	SUCB_YEAST	LSC2	427	Saccharomyces cerevisiae (strain ATCC 204508 / S288c)	1:Experimental evidence at protein level	Succinate--CoA ligase [ADP-forming] subunit beta, mitochondrial	1.0	0.999	7	24	24	24	9	8	7	9	8	7	9	8	7	6.0249212E7	6.0183004E7	6.507246E7	1.109988E7	1.1069122E7	1.2070248E7	
sp|P53315|SOL4_YEAST	P53315	SOL4_YEAST	SOL4	255	Saccharomyces cerevisiae (strain ATCC 204508 / S288c)	1:Experimental evidence at protein level	6-phosphogluconolactonase 4	1.0	0.9985	3	6	6	6	3	2	1	3	2	1	3	2	1	1.7586848E7	1.1550986E7	8645705.0	8123862.0	7081168.0	8645705.0	
sp|P53330|RT102_YEAST	P53330	RT102_YEAST	RTT102	157	Saccharomyces cerevisiae (strain ATCC 204508 / S288c)	1:Experimental evidence at protein level	Regulator of Ty1 transposition protein 102	0.7011	0.9875	1	1	1	1	0	1	0	0	1	0	0	1	0	0.0	0.0	0.0	0.0	0.0	0.0	
sp|P53332|COAD_YEAST	P53332	COAD_YEAST	CAB4	305	Saccharomyces cerevisiae (strain ATCC 204508 / S288c)	1:Experimental evidence at protein level	Phosphopantetheine adenylyltransferase	0.9674	0.999	1	2	2	2	1	1	0	1	1	0	1	1	0	2325461.2	2857494.5	2350789.2	2325461.2	2857494.5	2350789.2	
sp|P53334|SCW4_YEAST	P53334	SCW4_YEAST	SCW4	386	Saccharomyces cerevisiae (strain ATCC 204508 / S288c)	1:Experimental evidence at protein level	Probable family 17 glucosidase SCW4	0.9622	0.9988	1	3	3	3	1	1	1	1	1	1	1	1	1	5818379.0	7684669.5	6204460.0	5818379.0	7684669.5	6204460.0	
sp|P53337|ERV29_YEAST	P53337	ERV29_YEAST	ERV29	310	Saccharomyces cerevisiae (strain ATCC 204508 / S288c)	1:Experimental evidence at protein level	ER-derived vesicles protein ERV29	1.0	0.999	4	10	10	10	3	3	4	3	3	4	3	3	4	6.6545224E7	4.9402556E7	5.0611976E7	2.740529E7	2.4879268E7	2.849965E7	
sp|P53549|PRS10_YEAST	P53549	PRS10_YEAST	RPT4	437	Saccharomyces cerevisiae (strain ATCC 204508 / S288c)	1:Experimental evidence at protein level	26S proteasome subunit RPT4	1.0	0.999	10	22	22	33	6	10	6	6	10	6	10	13	10	4.3920436E7	5.2282036E7	4.1792968E7	1.3787769E7	1.0272105E7	1.3750483E7	
sp|P53550|DCP2_YEAST	P53550	DCP2_YEAST	DCP2	970	Saccharomyces cerevisiae (strain ATCC 204508 / S288c)	1:Experimental evidence at protein level	m7GpppN-mRNA hydrolase	1.0	0.999	6	15	15	15	6	4	5	6	4	5	6	4	5	2.1731676E7	1.6163502E7	1.8794746E7	4374018.0	5557226.0	6224687.0	
sp|P53551|H1_YEAST	P53551	H1_YEAST	HHO1	258	Saccharomyces cerevisiae (strain ATCC 204508 / S288c)	1:Experimental evidence at protein level	Histone H1	1.0	0.999	5	11	11	11	3	4	4	3	4	4	3	4	4	2.9138004E7	3.0933194E7	3.1302764E7	9548386.0	1.0605801E7	1.1366032E7	
sp|P53598|SUCA_YEAST	P53598	SUCA_YEAST	LSC1	329	Saccharomyces cerevisiae (strain ATCC 204508 / S288c)	1:Experimental evidence at protein level	Succinate--CoA ligase [ADP-forming] subunit alpha, mitochondrial	1.0	0.999	5	18	18	18	6	6	6	6	6	6	6	6	6	7.0209336E7	5.5051752E7	6.4384032E7	1.7894638E7	1.3371156E7	1.6817948E7	
sp|P53600|COPZ_YEAST	P53600	COPZ_YEAST	RET3	189	Saccharomyces cerevisiae (strain ATCC 204508 / S288c)	1:Experimental evidence at protein level	Coatomer subunit zeta	0.9674	0.999	1	1	1	1	1	0	0	1	0	0	1	0	0	6531974.5	0.0	624816.4	6531974.5	0.0	624816.4	
sp|P53617|NRD1_YEAST	P53617	NRD1_YEAST	NRD1	575	Saccharomyces cerevisiae (strain ATCC 204508 / S288c)	1:Experimental evidence at protein level	Protein NRD1	0.8847	0.9961	1	1	1	1	1	0	0	1	0	0	1	0	0	2988770.0	1553685.6	2056036.8	2988770.0	1553685.6	2056036.8	
sp|P53622|COPA_YEAST	P53622	COPA_YEAST	COP1	1201	Saccharomyces cerevisiae (strain ATCC 204508 / S288c)	1:Experimental evidence at protein level	Coatomer subunit alpha	1.0	0.999	26	104	104	104	35	32	37	35	32	37	35	32	37	2.2919064E8	2.29693376E8	2.28516656E8	2.0253582E7	2.12636E7	2.0632096E7	
sp|P53629|ARE2_YEAST	P53629	ARE2_YEAST	ARE2	642	Saccharomyces cerevisiae (strain ATCC 204508 / S288c)	1:Experimental evidence at protein level	Sterol O-acyltransferase 2	1.0	0.999	6	18	18	18	5	9	4	5	9	4	5	9	4	5.7134056E7	4.303118E7	5.0663264E7	1.475808E7	1.3127744E7	1.7241764E7	
sp|P53633|PRA1_YEAST	P53633	PRA1_YEAST	YIP3	176	Saccharomyces cerevisiae (strain ATCC 204508 / S288c)	1:Experimental evidence at protein level	Prenylated Rab acceptor 1	1.0	0.999	3	12	12	12	4	5	3	4	5	3	4	5	3	5.9626408E7	5.2615768E7	5.6798168E7	2.608146E7	2.126035E7	2.284682E7	
sp|P53691|PPID_YEAST	P53691	PPID_YEAST	CPR6	371	Saccharomyces cerevisiae (strain ATCC 204508 / S288c)	1:Experimental evidence at protein level	Peptidyl-prolyl cis-trans isomerase CPR6	1.0	0.999	12	72	72	72	22	25	25	22	25	25	22	25	25	2.93112352E8	2.83013408E8	2.76635424E8	8.2658656E7	7.4207352E7	8.2590896E7	
sp|P53721|RCF2_YEAST	P53721	RCF2_YEAST	RCF2	224	Saccharomyces cerevisiae (strain ATCC 204508 / S288c)	1:Experimental evidence at protein level	Respiratory supercomplex factor 2, mitochondrial	0.9978	0.9961	2	4	4	4	2	1	1	2	1	1	2	1	1	5590824.5	2.9529674E7	9351336.0	7272574.0	1.7175852E7	1.064717E7	
sp|P53723|YN8B_YEAST	P53723	YN8B_YEAST	YNR021W	404	Saccharomyces cerevisiae (strain ATCC 204508 / S288c)	1:Experimental evidence at protein level	UPF0674 endoplasmic reticulum membrane protein YNR021W	1.0	0.999	7	22	22	22	8	7	7	8	7	7	8	7	7	5.7542876E7	5.099788E7	4.753074E7	2.339077E7	1.8995468E7	1.8905206E7	
sp|P53730|ALG12_YEAST	P53730	ALG12_YEAST	ALG12	551	Saccharomyces cerevisiae (strain ATCC 204508 / S288c)	1:Experimental evidence at protein level	Dol-P-Man:Man(7)GlcNAc(2)-PP-Dol alpha-1,6-mannosyltransferase	1.0	0.999	5	11	11	11	4	3	4	4	3	4	4	3	4	2.0283642E7	1.4253397E7	1.6988306E7	7665922.5	5206440.0	5977272.0	
sp|P53731|ARPC2_YEAST	P53731	ARPC2_YEAST	ARC35	342	Saccharomyces cerevisiae (strain ATCC 204508 / S288c)	1:Experimental evidence at protein level	Actin-related protein 2/3 complex subunit 2	1.0	0.999	7	29	29	29	10	9	10	10	9	10	10	9	10	8.2496304E7	9.63472E7	9.739148E7	2.8862968E7	3.0506292E7	2.8767118E7	
sp|P53738|TR112_YEAST	P53738	TR112_YEAST	TRM112	135	Saccharomyces cerevisiae (strain ATCC 204508 / S288c)	1:Experimental evidence at protein level	Multifunctional methyltransferase subunit TRM112	0.9436	0.9982	1	2	2	2	1	1	0	1	1	0	1	1	0	5137243.5	5050328.5	5722753.0	5137243.5	5050328.5	5722753.0	
sp|P53741|BRE5_YEAST	P53741	BRE5_YEAST	BRE5	515	Saccharomyces cerevisiae (strain ATCC 204508 / S288c)	1:Experimental evidence at protein level	UBP3-associated protein BRE5	0.9674	0.999	1	2	2	2	0	1	1	0	1	1	0	1	1	4858627.0	1.4361465E7	1.0439506E7	4858627.0	1.4361465E7	1.0439506E7	
sp|P53753|ENG1_YEAST	P53753	ENG1_YEAST	DSE4	1117	Saccharomyces cerevisiae (strain ATCC 204508 / S288c)	1:Experimental evidence at protein level	Glucan endo-1,3-beta-D-glucosidase 1	0.8851	0.9962	1	3	3	3	1	1	1	1	1	1	1	1	1	2971218.2	4318106.5	3470772.8	2971218.2	4318106.5	3470772.8	
sp|P53829|CAF40_YEAST	P53829	CAF40_YEAST	CAF40	373	Saccharomyces cerevisiae (strain ATCC 204508 / S288c)	1:Experimental evidence at protein level	Protein CAF40	0.9668	0.999	1	1	1	1	0	1	0	0	1	0	0	1	0	0.0	5861816.0	0.0	0.0	0.0	0.0	
sp|P53834|HCH1_YEAST	P53834	HCH1_YEAST	HCH1	153	Saccharomyces cerevisiae (strain ATCC 204508 / S288c)	1:Experimental evidence at protein level	Hsp90 co-chaperone HCH1	1.0	0.999	7	20	20	20	6	8	6	6	8	6	6	8	6	7.980348E7	7.9838624E7	1.10090128E8	2.1024322E7	2.005874E7	2.3659802E7	
sp|P53839|GOR1_YEAST	P53839	GOR1_YEAST	GOR1	350	Saccharomyces cerevisiae (strain ATCC 204508 / S288c)	1:Experimental evidence at protein level	Glyoxylate reductase 1	1.0	0.999	4	9	9	9	4	2	3	4	2	3	4	2	3	2.0717584E7	2.201137E7	2.1845722E7	5752709.5	6244376.0	6175529.0	
sp|P53845|YIF1_YEAST	P53845	YIF1_YEAST	YIF1	314	Saccharomyces cerevisiae (strain ATCC 204508 / S288c)	1:Experimental evidence at protein level	Protein transport protein YIF1	1.0	0.999	2	4	4	4	2	1	1	2	1	1	2	1	1	6302355.0	8114591.5	1.1522901E7	4455307.5	4984030.5	8650496.0	
sp|P53849|GIS2_YEAST	P53849	GIS2_YEAST	GIS2	153	Saccharomyces cerevisiae (strain ATCC 204508 / S288c)	1:Experimental evidence at protein level	Zinc finger protein GIS2	1.0	0.999	9	43	43	43	16	14	13	16	14	13	16	14	13	2.20428992E8	2.61506528E8	2.336692E8	4.9974892E7	5.2035784E7	5.4229636E7	
sp|P53852|SYC_YEAST	P53852	SYC_YEAST	YNL247W	767	Saccharomyces cerevisiae (strain ATCC 204508 / S288c)	1:Experimental evidence at protein level	Cysteine--tRNA ligase	1.0	0.999	14	46	46	46	15	15	16	15	15	16	15	15	16	1.25023648E8	1.28025824E8	1.31190816E8	1.8686512E7	1.9535464E7	2.0370306E7	
sp|P53853|VPS75_YEAST	P53853	VPS75_YEAST	VPS75	264	Saccharomyces cerevisiae (strain ATCC 204508 / S288c)	1:Experimental evidence at protein level	Vacuolar protein sorting-associated protein 75	0.6027	0.9808	1	3	3	3	1	1	1	1	1	1	1	1	1	996124.75	1590840.5	1617356.0	996124.75	1590840.5	1617356.0	
sp|P53860|PDR16_YEAST	P53860	PDR16_YEAST	PDR16	351	Saccharomyces cerevisiae (strain ATCC 204508 / S288c)	1:Experimental evidence at protein level	Phosphatidylinositol transfer protein PDR16	1.0	0.999	12	43	42	43	15	14	14	15	14	13	15	14	14	9.056372E7	8.7805872E7	9.6954928E7	1.3468873E7	1.2050935E7	1.3789671E7	
sp|P53868|ALG9_YEAST	P53868	ALG9_YEAST	ALG9	555	Saccharomyces cerevisiae (strain ATCC 204508 / S288c)	1:Experimental evidence at protein level	Alpha-1,2-mannosyltransferase ALG9	0.9972	0.999	2	4	4	4	1	1	2	1	1	2	1	1	2	3210383.8	7672257.0	1.1040546E7	3210383.8	5340578.5	7671042.0	
sp|P53885|MDG1_YEAST	P53885	MDG1_YEAST	MDG1	366	Saccharomyces cerevisiae (strain ATCC 204508 / S288c)	1:Experimental evidence at protein level	Signal transduction protein MDG1	0.9577	0.9987	1	1	1	1	0	0	1	0	0	1	0	0	1	4260799.5	6288211.0	4488091.5	4260799.5	6288211.0	4488091.5	
sp|P53889|FMP41_YEAST	P53889	FMP41_YEAST	FMP41	259	Saccharomyces cerevisiae (strain ATCC 204508 / S288c)	1:Experimental evidence at protein level	Uncharacterized mitochondrial hydrolase FMP41	0.9988	0.9983	2	5	5	5	1	2	2	1	2	2	1	2	2	6182569.5	4923867.5	4927818.5	6182569.5	4923867.5	4927818.5	
sp|P53893|RIA1_YEAST	P53893	RIA1_YEAST	RIA1	1110	Saccharomyces cerevisiae (strain ATCC 204508 / S288c)	1:Experimental evidence at protein level	Ribosome assembly protein 1	0.9674	0.999	1	2	2	2	1	0	1	1	0	1	1	0	1	1581786.6	0.0	2102371.0	1581786.6	0.0	2102371.0	
sp|P53897|IGO1_YEAST	P53897	IGO1_YEAST	IGO1	168	Saccharomyces cerevisiae (strain ATCC 204508 / S288c)	1:Experimental evidence at protein level	mRNA stability protein IGO1	0.9999	0.999	2	4	4	4	1	2	1	1	2	1	1	2	1	1.0061898E7	9741536.0	1.0920902E7	5360465.0	5208753.5	5830462.0	
sp|P53898|NSG2_YEAST	P53898	NSG2_YEAST	NSG2	299	Saccharomyces cerevisiae (strain ATCC 204508 / S288c)	1:Experimental evidence at protein level	Protein NSG2	0.8104	0.9931	1	1	1	1	0	1	0	0	1	0	0	1	0	3935986.0	4563681.0	3631437.8	3935986.0	4563681.0	3631437.8	
sp|P53900|PFD4_YEAST	P53900	PFD4_YEAST	GIM3	129	Saccharomyces cerevisiae (strain ATCC 204508 / S288c)	1:Experimental evidence at protein level	Prefoldin subunit 4	1.0	0.999	4	6	6	6	3	2	1	3	2	1	3	2	1	2.319214E7	2.52871E7	9645528.0	7222263.0	7630725.0	6404972.5	
sp|P53903|PGA2_YEAST	P53903	PGA2_YEAST	PGA2	129	Saccharomyces cerevisiae (strain ATCC 204508 / S288c)	1:Experimental evidence at protein level	Processing of GAS1 and ALP protein 2	0.8969	0.9966	1	3	3	3	1	1	1	1	1	1	1	1	1	9255794.0	1.0779794E7	1.027084E7	9255794.0	1.0779794E7	1.027084E7	
sp|P53905|LSM7_YEAST	P53905	LSM7_YEAST	LSM7	115	Saccharomyces cerevisiae (strain ATCC 204508 / S288c)	1:Experimental evidence at protein level	U6 snRNA-associated Sm-like protein LSm7	0.9998	0.9986	2	8	8	8	3	3	2	3	3	2	3	3	2	2.119946E7	1.7848948E7	1.9868778E7	1.1247767E7	9652154.0	1.0736499E7	
sp|P53912|YNN4_YEAST	P53912	YNN4_YEAST	YNL134C	376	Saccharomyces cerevisiae (strain ATCC 204508 / S288c)	1:Experimental evidence at protein level	Uncharacterized protein YNL134C	1.0	0.999	10	92	92	92	32	31	29	32	31	29	32	31	29	4.08689088E8	4.39843616E8	4.38799936E8	8.5469024E7	9.9049336E7	8.0759296E7	
sp|P53914|NAT10_YEAST	P53914	NAT10_YEAST	KRE33	1056	Saccharomyces cerevisiae (strain ATCC 204508 / S288c)	1:Experimental evidence at protein level	RNA cytidine acetyltransferase	1.0	0.999	3	4	4	4	2	1	1	2	1	1	2	1	1	6116526.0	6484549.0	6966733.0	3417832.8	4376508.5	4630353.5	
sp|P53920|NM111_YEAST	P53920	NM111_YEAST	NMA111	997	Saccharomyces cerevisiae (strain ATCC 204508 / S288c)	1:Experimental evidence at protein level	Pro-apoptotic serine protease NMA111	1.0	0.999	3	5	5	5	2	2	1	2	2	1	2	2	1	1.4900002E7	1.296259E7	1.2999251E7	6726859.5	5356512.5	5218106.5	
sp|P53925|YNL5_YEAST	P53925	YNL5_YEAST	YNL115C	644	Saccharomyces cerevisiae (strain ATCC 204508 / S288c)	1:Experimental evidence at protein level	Uncharacterized vacuolar membrane protein YNL115C	1.0	0.999	3	5	5	5	2	1	2	2	1	2	2	1	2	1.4047386E7	1.3424312E7	1.5270996E7	7413587.0	7276145.5	7145851.0	
sp|P53929|YNK8_YEAST	P53929	YNK8_YEAST	YNL108C	270	Saccharomyces cerevisiae (strain ATCC 204508 / S288c)	1:Experimental evidence at protein level	Uncharacterized protein YNL108C	1.0	0.999	2	8	8	8	3	2	3	3	2	3	3	2	3	7927782.0	1.0909272E7	1.2705764E7	5491692.5	7538356.0	8846060.0	
sp|P53946|ARP5_YEAST	P53946	ARP5_YEAST	ARP5	755	Saccharomyces cerevisiae (strain ATCC 204508 / S288c)	1:Experimental evidence at protein level	Actin-related protein 5	0.9993	0.999	2	4	4	4	2	1	1	2	1	1	2	1	1	0.0	1.1039333E7	0.0	0.0	0.0	0.0	
sp|P53953|SFB2_YEAST	P53953	SFB2_YEAST	SFB2	876	Saccharomyces cerevisiae (strain ATCC 204508 / S288c)	1:Experimental evidence at protein level	SED5-binding protein 2	0.9957	0.999	2	4	4	4	1	2	1	1	2	1	1	2	1	1824369.5	3186295.0	2584789.5	1035949.8	1878604.8	1524101.2	
sp|P53960|YNE0_YEAST	P53960	YNE0_YEAST	YNL040W	456	Saccharomyces cerevisiae (strain ATCC 204508 / S288c)	1:Experimental evidence at protein level	Putative alanyl-tRNA editing protein alaX	1.0	0.999	2	2	2	2	1	1	0	1	1	0	1	1	0	2334986.5	3288080.5	3754109.8	1264770.0	1805227.8	2059009.0	
sp|P53969|SAM50_YEAST	P53969	SAM50_YEAST	SAM50	484	Saccharomyces cerevisiae (strain ATCC 204508 / S288c)	1:Experimental evidence at protein level	Sorting assembly machinery 50 kDa subunit	0.9669	0.999	1	1	1	1	0	0	1	0	0	1	0	0	1	6056969.5	7581727.0	5376231.0	6056969.5	7581727.0	5376231.0	
sp|P53981|PYP1_YEAST	P53981	PYP1_YEAST	PYP1	241	Saccharomyces cerevisiae (strain ATCC 204508 / S288c)	1:Experimental evidence at protein level	Polyol phosphate phosphatase PYP1	1.0	0.999	8	40	40	40	14	13	13	14	13	13	14	13	13	1.75320096E8	1.49037872E8	1.77219392E8	4.9606028E7	4.3545688E7	4.5952884E7	
sp|P54000|SUB1_YEAST	P54000	SUB1_YEAST	SUB1	292	Saccharomyces cerevisiae (strain ATCC 204508 / S288c)	1:Experimental evidence at protein level	RNA polymerase II transcriptional coactivator SUB1	1.0	0.9989	4	9	9	9	3	4	2	3	4	2	3	4	2	1.8760984E7	1.6473609E7	1.6908266E7	1.1981672E7	8817471.0	1.0321889E7	
sp|P54003|SUR7_YEAST	P54003	SUR7_YEAST	SUR7	302	Saccharomyces cerevisiae (strain ATCC 204508 / S288c)	1:Experimental evidence at protein level	Protein SUR7	1.0	0.999	2	2	2	2	1	1	0	1	1	0	1	1	0	2452543.0	6189093.5	6874348.5	2452543.0	6189093.5	6874348.5	
sp|P54005|DIA1_YEAST	P54005	DIA1_YEAST	DIA1	336	Saccharomyces cerevisiae (strain ATCC 204508 / S288c)	1:Experimental evidence at protein level	Protein DIA1	0.9995	0.997	2	5	5	5	3	1	1	3	1	1	3	1	1	1.219497E7	1.204441E7	1.0351121E7	8151913.0	8555239.0	6704388.5	
sp|P54113|PUR91_YEAST	P54113	PUR91_YEAST	ADE16	591	Saccharomyces cerevisiae (strain ATCC 204508 / S288c)	1:Experimental evidence at protein level	Bifunctional purine biosynthesis protein ADE16	1.0	0.999	19	51	51	123	16	17	18	16	17	18	38	41	44	1.30053344E8	1.3789008E8	1.37304448E8	2.005594E7	2.0334774E7	2.0317508E7	
sp|P54115|ALDH6_YEAST	P54115	ALDH6_YEAST	ALD6	500	Saccharomyces cerevisiae (strain ATCC 204508 / S288c)	1:Experimental evidence at protein level	Magnesium-activated aldehyde dehydrogenase, cytosolic	1.0	0.999	22	319	319	319	104	104	111	104	104	111	104	104	111	2.18614554E9	2.24399667E9	2.15733248E9	2.42582832E8	2.15136704E8	2.23122576E8	
sp|P54730|UBX4_YEAST	P54730	UBX4_YEAST	UBX4	416	Saccharomyces cerevisiae (strain ATCC 204508 / S288c)	1:Experimental evidence at protein level	UBX domain-containing protein 4	0.9674	0.999	1	3	3	3	1	1	1	1	1	1	1	1	1	3694924.2	5959165.0	5513291.5	3694924.2	5959165.0	5513291.5	
sp|P54780|RL15B_YEAST	P54780	RL15B_YEAST	RPL15B	204	Saccharomyces cerevisiae (strain ATCC 204508 / S288c)	1:Experimental evidence at protein level	60S ribosomal protein L15-B	0.9985	0.9978	7	2	2	71	1	0	1	1	0	1	22	24	25	1.2194242E7	7804804.0	1.1191713E7	1.2194242E7	7804804.0	1.1191713E7	
sp|P54781|ERG5_YEAST	P54781	ERG5_YEAST	ERG5	538	Saccharomyces cerevisiae (strain ATCC 204508 / S288c)	1:Experimental evidence at protein level	C-22 sterol desaturase ERG5	0.929	0.9977	1	2	2	2	1	0	1	1	0	1	1	0	1	1786844.2	3101946.8	2580535.5	1786844.2	3101946.8	2580535.5	
sp|P54783|ALO_YEAST	P54783	ALO_YEAST	ALO1	526	Saccharomyces cerevisiae (strain ATCC 204508 / S288c)	1:Experimental evidence at protein level	D-arabinono-1,4-lactone oxidase	1.0	0.999	7	21	21	21	7	7	7	7	7	7	7	7	7	7.0547872E7	6.3110312E7	6.795968E7	1.8400824E7	1.5542166E7	1.6170524E7	
sp|P54837|TMEDA_YEAST	P54837	TMEDA_YEAST	ERV25	211	Saccharomyces cerevisiae (strain ATCC 204508 / S288c)	1:Experimental evidence at protein level	Endoplasmic reticulum vesicle protein 25	1.0	0.999	4	15	15	15	5	6	4	5	6	4	5	6	4	4.1220372E7	3.7844252E7	2.7823056E7	1.6024222E7	1.4822163E7	1.4197892E7	
sp|P54838|DAK1_YEAST	P54838	DAK1_YEAST	DAK1	584	Saccharomyces cerevisiae (strain ATCC 204508 / S288c)	1:Experimental evidence at protein level	Dihydroxyacetone kinase 1	1.0	0.999	15	89	89	89	27	31	31	27	31	31	27	31	31	4.20643552E8	3.71713504E8	4.07711808E8	1.2272664E8	1.13180744E8	1.172136E8	
sp|P54839|ERG13_YEAST	P54839	ERG13_YEAST	ERG13	491	Saccharomyces cerevisiae (strain ATCC 204508 / S288c)	1:Experimental evidence at protein level	Hydroxymethylglutaryl-CoA synthase	1.0	0.999	14	104	104	104	29	37	38	29	37	38	29	37	38	4.0978448E8	3.9673216E8	3.99982176E8	6.0822736E7	5.5060296E7	6.056214E7	
sp|P54858|DOS2_YEAST	P54858	DOS2_YEAST	DOS2	310	Saccharomyces cerevisiae (strain ATCC 204508 / S288c)	1:Experimental evidence at protein level	Protein DOS2	1.0	0.999	3	4	4	4	3	0	1	3	0	1	3	0	1	1.0176824E7	4703468.0	9084613.0	3804597.2	3596699.2	3936278.8	
sp|P54860|UFD2_YEAST	P54860	UFD2_YEAST	UFD2	961	Saccharomyces cerevisiae (strain ATCC 204508 / S288c)	1:Experimental evidence at protein level	E4 ubiquitin-protein ligase UFD2	1.0	0.999	10	24	24	24	7	9	8	7	9	8	7	9	8	2.893121E7	5.9765504E7	3.7689848E7	1.4506149E7	1.6414373E7	1.8559812E7	
sp|P54861|DNM1_YEAST	P54861	DNM1_YEAST	DNM1	757	Saccharomyces cerevisiae (strain ATCC 204508 / S288c)	1:Experimental evidence at protein level	Dynamin-related protein DNM1	1.0	0.999	6	6	6	9	5	0	1	5	0	1	6	0	3	1.6965376E7	1.5638089E7	1.4637377E7	4500148.5	4284393.5	4161014.0	
sp|P54885|PROA_YEAST	P54885	PROA_YEAST	PRO2	456	Saccharomyces cerevisiae (strain ATCC 204508 / S288c)	1:Experimental evidence at protein level	Gamma-glutamyl phosphate reductase	1.0	0.999	13	72	72	72	22	25	25	22	25	25	22	25	25	2.29084992E8	2.20837264E8	2.06794848E8	2.934154E7	2.9739162E7	3.1350226E7	
sp|P54964|ORN_YEAST	P54964	ORN_YEAST	REX2	269	Saccharomyces cerevisiae (strain ATCC 204508 / S288c)	1:Experimental evidence at protein level	Oligoribonuclease, mitochondrial	0.9999	0.999	2	3	3	3	1	0	2	1	0	2	1	0	2	8328110.5	8103315.0	6625216.0	5453268.0	6233119.0	5138526.5	
sp|P57743|LSM3_YEAST	P57743	LSM3_YEAST	LSM3	89	Saccharomyces cerevisiae (strain ATCC 204508 / S288c)	1:Experimental evidence at protein level	U6 snRNA-associated Sm-like protein LSm3	0.9166	0.9973	1	3	3	3	1	1	1	1	1	1	1	1	1	7340018.5	5645538.5	5584999.0	7340018.5	5645538.5	5584999.0	
sp|P57744|TIM8_YEAST	P57744	TIM8_YEAST	TIM8	87	Saccharomyces cerevisiae (strain ATCC 204508 / S288c)	1:Experimental evidence at protein level	Mitochondrial import inner membrane translocase subunit TIM8	0.9674	0.999	1	3	3	3	1	1	1	1	1	1	1	1	1	6808058.5	6172185.5	7400908.0	6808058.5	6172185.5	7400908.0	
sp|P60010|ACT_YEAST	P60010	ACT_YEAST	ACT1	375	Saccharomyces cerevisiae (strain ATCC 204508 / S288c)	1:Experimental evidence at protein level	Actin	1.0	0.999	16	365	365	365	119	122	124	119	122	124	119	122	124	3.98211994E9	4.3000008E9	4.4013732E9	8.7927968E8	9.637712E8	9.6558278E8	
sp|P61830|H3_YEAST	P61830	H3_YEAST	HHT1	136	Saccharomyces cerevisiae (strain ATCC 204508 / S288c)	1:Experimental evidence at protein level	Histone H3	0.9973	0.9989	2	5	5	5	1	2	2	1	2	2	1	2	2	1.5105374E7	1.9501458E7	1.3584551E7	1.5105374E7	1.9501458E7	1.3584551E7	
sp|P69771|DID2_YEAST	P69771	DID2_YEAST	DID2	204	Saccharomyces cerevisiae (strain ATCC 204508 / S288c)	1:Experimental evidence at protein level	Vacuolar protein-sorting-associated protein 46	1.0	0.999	3	5	5	5	3	1	1	3	1	1	3	1	1	1.7132026E7	1.9713706E7	1.7971098E7	6452362.0	7985033.0	6918697.0	
sp|P80210|PURA_YEAST	P80210	PURA_YEAST	ADE12	433	Saccharomyces cerevisiae (strain ATCC 204508 / S288c)	1:Experimental evidence at protein level	Adenylosuccinate synthetase	1.0	0.999	11	101	101	101	34	35	32	34	35	32	34	35	32	2.86219232E8	3.07600864E8	3.10070912E8	5.6884388E7	5.609876E7	5.6497648E7	
sp|P80967|TOM5_YEAST	P80967	TOM5_YEAST	TOM5	50	Saccharomyces cerevisiae (strain ATCC 204508 / S288c)	1:Experimental evidence at protein level	Mitochondrial import receptor subunit TOM5	1.0	0.999	2	5	5	5	2	2	1	2	2	1	2	2	1	1.1465166E7	1.1331991E7	8144269.5	9582072.0	8633171.0	8144269.5	
sp|P87108|TIM10_YEAST	P87108	TIM10_YEAST	TIM10	93	Saccharomyces cerevisiae (strain ATCC 204508 / S288c)	1:Experimental evidence at protein level	Mitochondrial import inner membrane translocase subunit TIM10	1.0	0.999	4	11	11	11	4	4	3	4	4	3	4	4	3	3.9589032E7	3.1069976E7	3.6184324E7	2.1195408E7	1.6023993E7	1.9293912E7	
sp|P89105|CTR9_YEAST	P89105	CTR9_YEAST	CTR9	1077	Saccharomyces cerevisiae (strain ATCC 204508 / S288c)	1:Experimental evidence at protein level	RNA polymerase-associated protein CTR9	1.0	0.999	4	13	13	13	6	3	4	6	3	4	6	3	4	4779878.5	5540754.0	5543968.0	1912490.9	2388066.8	2042109.9	
sp|P89886|TMA20_YEAST	P89886	TMA20_YEAST	TMA20	181	Saccharomyces cerevisiae (strain ATCC 204508 / S288c)	1:Experimental evidence at protein level	Translation machinery-associated protein 20	1.0	0.999	4	20	20	20	8	6	6	8	6	6	8	6	6	4.78426E7	4.6924812E7	5.091972E7	1.774533E7	2.0717616E7	2.2936946E7	
sp|Q00055|GPD1_YEAST	Q00055	GPD1_YEAST	GPD1	391	Saccharomyces cerevisiae (strain ATCC 204508 / S288c)	1:Experimental evidence at protein level	Glycerol-3-phosphate dehydrogenase [NAD(+)] 1	1.0	0.999	13	106	99	106	33	36	37	31	33	35	33	36	37	6.6647424E8	5.7039155E8	6.4599136E8	1.30868672E8	1.17311608E8	1.14434424E8	
sp|Q00245|RHO3_YEAST	Q00245	RHO3_YEAST	RHO3	231	Saccharomyces cerevisiae (strain ATCC 204508 / S288c)	1:Experimental evidence at protein level	GTP-binding protein RHO3	1.0	0.999	6	25	22	25	8	8	9	7	7	8	8	8	9	3.9172396E7	5.1720016E7	5.809304E7	1.4100207E7	1.3650962E7	1.5543593E7	
sp|Q00362|2ABA_YEAST	Q00362	2ABA_YEAST	CDC55	526	Saccharomyces cerevisiae (strain ATCC 204508 / S288c)	1:Experimental evidence at protein level	Protein phosphatase PP2A regulatory subunit B	0.9231	0.9975	1	2	2	2	0	1	1	0	1	1	0	1	1	2070948.2	2213421.8	2230454.8	2070948.2	2213421.8	2230454.8	
sp|Q00402|NUM1_YEAST	Q00402	NUM1_YEAST	NUM1	2748	Saccharomyces cerevisiae (strain ATCC 204508 / S288c)	1:Experimental evidence at protein level	Nuclear migration protein NUM1	1.0	0.999	3	8	8	8	2	2	4	2	2	4	2	2	4	2.6984126E7	3.0554644E7	3.2156146E7	1.1309574E7	1.2899682E7	1.3794109E7	
sp|Q00684|CDC14_YEAST	Q00684	CDC14_YEAST	CDC14	551	Saccharomyces cerevisiae (strain ATCC 204508 / S288c)	1:Experimental evidence at protein level	Tyrosine-protein phosphatase CDC14	0.9975	0.999	2	2	2	2	0	2	0	0	2	0	0	2	0	1.6422447E7	5913306.0	8051167.5	1.6422447E7	5913306.0	8051167.5	
sp|Q00711|SDHA_YEAST	Q00711	SDHA_YEAST	SDH1	640	Saccharomyces cerevisiae (strain ATCC 204508 / S288c)	1:Experimental evidence at protein level	Succinate dehydrogenase [ubiquinone] flavoprotein subunit, mitochondrial	0.999	0.999	2	2	2	2	2	0	0	2	0	0	2	0	0	2002031.6	1748702.2	2728169.2	2002031.6	1748702.2	2728169.2	
sp|Q00764|TPS1_YEAST	Q00764	TPS1_YEAST	TPS1	495	Saccharomyces cerevisiae (strain ATCC 204508 / S288c)	1:Experimental evidence at protein level	Alpha,alpha-trehalose-phosphate synthase [UDP-forming] 56 kDa subunit	1.0	0.999	11	104	104	104	34	35	35	34	35	35	34	35	35	4.14121888E8	3.55833536E8	3.97455936E8	8.7458976E7	7.835716E7	7.5502472E7	
sp|Q00772|SLT2_YEAST	Q00772	SLT2_YEAST	SLT2	484	Saccharomyces cerevisiae (strain ATCC 204508 / S288c)	1:Experimental evidence at protein level	Mitogen-activated protein kinase SLT2/MPK1	1.0	0.999	3	7	7	12	2	2	3	2	2	3	3	4	5	6531484.0	6646630.0	9570348.0	3680103.8	3756946.2	5509223.5	
sp|Q00816|REG1_YEAST	Q00816	REG1_YEAST	REG1	1014	Saccharomyces cerevisiae (strain ATCC 204508 / S288c)	1:Experimental evidence at protein level	Resistance to glucose repression protein 1	0.9999	0.9989	3	7	7	7	3	1	3	3	1	3	3	1	3	3307655.8	2207446.5	3052049.8	3307655.8	2207446.5	1938184.5	
sp|Q00873|CYT2_YEAST	Q00873	CYT2_YEAST	CYT2	224	Saccharomyces cerevisiae (strain ATCC 204508 / S288c)	1:Experimental evidence at protein level	Holocytochrome-c1 synthase	0.9659	0.999	1	1	1	1	1	0	0	1	0	0	1	0	0	2566935.8	0.0	0.0	0.0	0.0	0.0	
sp|Q00955|ACAC_YEAST	Q00955	ACAC_YEAST	ACC1	2233	Saccharomyces cerevisiae (strain ATCC 204508 / S288c)	1:Experimental evidence at protein level	Acetyl-CoA carboxylase	1.0	0.999	72	400	386	400	131	135	134	127	130	129	131	135	134	1.29095206E9	1.17927821E9	1.33358541E9	6.811268E7	6.643518E7	7.3195688E7	
sp|Q01080|RPA49_YEAST	Q01080	RPA49_YEAST	RPA49	415	Saccharomyces cerevisiae (strain ATCC 204508 / S288c)	1:Experimental evidence at protein level	DNA-directed RNA polymerase I subunit RPA49	0.9999	0.999	2	4	4	4	2	1	1	2	1	1	2	1	1	1.0438537E7	6726274.0	7377198.0	6061917.0	3805217.5	4229174.5	
sp|Q01454|CTF4_YEAST	Q01454	CTF4_YEAST	CTF4	927	Saccharomyces cerevisiae (strain ATCC 204508 / S288c)	1:Experimental evidence at protein level	DNA polymerase alpha-binding protein	0.945	0.9983	1	1	1	1	1	0	0	1	0	0	1	0	0	1655226.0	1932110.0	1886339.1	1655226.0	1932110.0	1886339.1	
sp|Q01476|UBP2_YEAST	Q01476	UBP2_YEAST	UBP2	1272	Saccharomyces cerevisiae (strain ATCC 204508 / S288c)	1:Experimental evidence at protein level	Ubiquitin carboxyl-terminal hydrolase 2	1.0	0.999	3	8	8	8	2	3	3	2	3	3	2	3	3	6843045.0	9387806.0	1.2012429E7	4119874.2	5461858.5	5389597.5	
sp|Q01477|UBP3_YEAST	Q01477	UBP3_YEAST	UBP3	912	Saccharomyces cerevisiae (strain ATCC 204508 / S288c)	1:Experimental evidence at protein level	Ubiquitin carboxyl-terminal hydrolase 3	1.0	0.999	3	7	7	7	2	3	2	2	3	2	2	3	2	1.8449158E7	2.632927E7	1.0784719E7	7633098.0	1.1224952E7	1.0409298E7	
sp|Q01532|BLH1_YEAST	Q01532	BLH1_YEAST	LAP3	483	Saccharomyces cerevisiae (strain ATCC 204508 / S288c)	1:Experimental evidence at protein level	Cysteine proteinase 1, mitochondrial	1.0	0.999	5	13	13	13	4	4	5	4	4	5	4	4	5	3.819672E7	3.8066136E7	4.0453336E7	1.3993975E7	1.4251674E7	1.4768548E7	
sp|Q01560|NOP3_YEAST	Q01560	NOP3_YEAST	NPL3	414	Saccharomyces cerevisiae (strain ATCC 204508 / S288c)	1:Experimental evidence at protein level	Serine/arginine (SR)-type shuttling mRNA binding protein NPL3	1.0	0.999	8	56	56	56	19	19	18	19	19	18	19	19	18	2.09909488E8	1.96192976E8	1.79468208E8	4.6792936E7	4.5886592E7	4.20445E7	
sp|Q01574|ACS1_YEAST	Q01574	ACS1_YEAST	ACS1	713	Saccharomyces cerevisiae (strain ATCC 204508 / S288c)	1:Experimental evidence at protein level	Acetyl-coenzyme A synthetase 1	0.9946	0.999	2	1	1	11	1	0	0	1	0	0	3	5	3	5918674.0	4790350.0	4350273.0	5918674.0	4790350.0	4350273.0	
sp|Q01662|MAP1_YEAST	Q01662	MAP1_YEAST	MAP1	387	Saccharomyces cerevisiae (strain ATCC 204508 / S288c)	1:Experimental evidence at protein level	Methionine aminopeptidase 1	1.0	0.999	5	31	31	31	10	13	8	10	13	8	10	13	8	8.5624176E7	9.436916E7	9.0732824E7	2.5072948E7	2.733221E7	2.8032018E7	
sp|Q01852|TIM44_YEAST	Q01852	TIM44_YEAST	TIM44	431	Saccharomyces cerevisiae (strain ATCC 204508 / S288c)	1:Experimental evidence at protein level	Mitochondrial import inner membrane translocase subunit TIM44	1.0	0.999	9	22	22	22	11	7	4	11	7	4	11	7	4	5.227886E7	4.7780724E7	5.140644E7	1.4744026E7	1.4586925E7	1.5699924E7	
sp|Q01855|RS15_YEAST	Q01855	RS15_YEAST	RPS15	142	Saccharomyces cerevisiae (strain ATCC 204508 / S288c)	1:Experimental evidence at protein level	40S ribosomal protein S15	1.0	0.999	4	36	36	36	11	12	13	11	12	13	11	12	13	1.15825395E9	1.26129203E9	1.0433223E9	7.5958125E8	8.2276877E8	7.6312358E8	
sp|Q01939|PRS8_YEAST	Q01939	PRS8_YEAST	RPT6	405	Saccharomyces cerevisiae (strain ATCC 204508 / S288c)	1:Experimental evidence at protein level	26S proteasome regulatory subunit 8 homolog	1.0	0.999	12	48	37	48	16	15	17	12	12	13	16	15	17	1.10624944E8	1.08748872E8	1.02633312E8	3.2195658E7	3.2338128E7	2.7510356E7	
sp|Q01976|ADPP_YEAST	Q01976	ADPP_YEAST	YSA1	231	Saccharomyces cerevisiae (strain ATCC 204508 / S288c)	1:Experimental evidence at protein level	ADP-ribose pyrophosphatase	1.0	0.999	4	12	12	12	5	3	4	5	3	4	5	3	4	3.9727004E7	2.1990828E7	3.4193796E7	1.4447557E7	9735911.0	1.1615923E7	
sp|Q02046|MTD1_YEAST	Q02046	MTD1_YEAST	MTD1	320	Saccharomyces cerevisiae (strain ATCC 204508 / S288c)	1:Experimental evidence at protein level	Methylenetetrahydrofolate dehydrogenase [NAD(+)]	1.0	0.999	7	31	31	31	10	12	9	10	12	9	10	12	9	4.8472396E7	6.171332E7	6.2283412E7	1.5241962E7	1.4944114E7	1.770754E7	
sp|Q02196|KAPS_YEAST	Q02196	KAPS_YEAST	MET14	202	Saccharomyces cerevisiae (strain ATCC 204508 / S288c)	1:Experimental evidence at protein level	Adenylyl-sulfate kinase	0.9986	0.999	2	4	4	4	2	1	1	2	1	1	2	1	1	1.2960562E7	9832986.0	1.110719E7	9996031.0	7690217.5	8422656.0	
sp|Q02199|NUP49_YEAST	Q02199	NUP49_YEAST	NUP49	472	Saccharomyces cerevisiae (strain ATCC 204508 / S288c)	1:Experimental evidence at protein level	Nucleoporin NUP49/NSP49	0.9667	0.999	1	1	1	1	0	0	1	0	0	1	0	0	1	3472321.2	2420873.0	2841000.5	3472321.2	2420873.0	2841000.5	
sp|Q02201|OSH6_YEAST	Q02201	OSH6_YEAST	OSH6	448	Saccharomyces cerevisiae (strain ATCC 204508 / S288c)	1:Experimental evidence at protein level	Oxysterol-binding protein homolog 6	1.0	0.9983	4	4	4	9	3	0	1	3	0	1	5	2	2	9049915.0	4825115.5	8402390.0	4109596.2	3517939.0	3847711.2	
sp|Q02206|RSC4_YEAST	Q02206	RSC4_YEAST	RSC4	625	Saccharomyces cerevisiae (strain ATCC 204508 / S288c)	1:Experimental evidence at protein level	Chromatin structure-remodeling complex subunit RSC4	0.8819	0.996	1	1	1	1	1	0	0	1	0	0	1	0	0	397470.94	3510315.8	2959103.0	397470.94	3510315.8	2959103.0	
sp|Q02256|PVH1_YEAST	Q02256	PVH1_YEAST	YVH1	364	Saccharomyces cerevisiae (strain ATCC 204508 / S288c)	1:Experimental evidence at protein level	Tyrosine-protein phosphatase YVH1	0.7719	0.9913	1	1	1	1	0	0	1	0	0	1	0	0	1	3218878.5	0.0	2818343.5	3218878.5	0.0	2818343.5	
sp|Q02326|RL6A_YEAST	Q02326	RL6A_YEAST	RPL6A	176	Saccharomyces cerevisiae (strain ATCC 204508 / S288c)	1:Experimental evidence at protein level	60S ribosomal protein L6-A	1.0	0.999	9	81	81	155	28	24	29	28	24	29	51	46	58	3.17652672E8	3.31992608E8	3.08804576E8	1.48338464E8	1.634048E8	1.49791696E8	
sp|Q02354|UTP6_YEAST	Q02354	UTP6_YEAST	UTP6	440	Saccharomyces cerevisiae (strain ATCC 204508 / S288c)	1:Experimental evidence at protein level	U3 small nucleolar RNA-associated protein 6	0.9334	0.9979	1	3	3	3	1	1	1	1	1	1	1	1	1	5068728.5	3884796.0	6272405.5	5068728.5	3884796.0	6272405.5	
sp|Q02455|MLP1_YEAST	Q02455	MLP1_YEAST	MLP1	1875	Saccharomyces cerevisiae (strain ATCC 204508 / S288c)	1:Experimental evidence at protein level	Protein MLP1	0.9968	0.999	3	3	3	3	0	2	1	0	2	1	0	2	1	2587849.5	3141004.2	5227833.5	2587849.5	3141004.2	5227833.5	
sp|Q02486|ABF2_YEAST	Q02486	ABF2_YEAST	ABF2	183	Saccharomyces cerevisiae (strain ATCC 204508 / S288c)	1:Experimental evidence at protein level	ARS-binding factor 2, mitochondrial	1.0	0.999	6	20	20	20	6	6	8	6	6	8	6	6	8	9.102244E7	8.1165728E7	8.4076864E7	2.3243006E7	2.1052774E7	2.1684094E7	
sp|Q02642|NACB1_YEAST	Q02642	NACB1_YEAST	EGD1	157	Saccharomyces cerevisiae (strain ATCC 204508 / S288c)	1:Experimental evidence at protein level	Nascent polypeptide-associated complex subunit beta-1	0.8444	0.9945	1	11	11	11	4	3	4	4	3	4	4	3	4	1.06016E8	1.06256352E8	8.3609328E7	1.06016E8	1.06256352E8	8.3609328E7	
sp|Q02647|DYL1_YEAST	Q02647	DYL1_YEAST	DYN2	92	Saccharomyces cerevisiae (strain ATCC 204508 / S288c)	1:Experimental evidence at protein level	Dynein light chain 1, cytoplasmic	0.7894	0.9921	1	2	2	2	1	0	1	1	0	1	1	0	1	7988582.0	6335862.0	8501250.0	7988582.0	6335862.0	8501250.0	
sp|Q02725|VTC3_YEAST	Q02725	VTC3_YEAST	VTC3	835	Saccharomyces cerevisiae (strain ATCC 204508 / S288c)	1:Experimental evidence at protein level	Vacuolar transporter chaperone 3 complex subunit 3	1.0	0.999	23	71	61	71	26	23	22	23	19	19	26	23	22	1.99233024E8	2.00658384E8	2.10887664E8	3.0928512E7	2.9402526E7	3.1058104E7	
sp|Q02753|RL21A_YEAST	Q02753	RL21A_YEAST	RPL21A	160	Saccharomyces cerevisiae (strain ATCC 204508 / S288c)	1:Experimental evidence at protein level	60S ribosomal protein L21-A	1.0	0.999	8	131	29	131	41	40	50	8	10	11	41	40	50	1.05792006E9	9.6043981E8	9.4315904E8	3.18498592E8	2.88588768E8	2.76852576E8	
sp|Q02767|VPS28_YEAST	Q02767	VPS28_YEAST	VPS28	242	Saccharomyces cerevisiae (strain ATCC 204508 / S288c)	1:Experimental evidence at protein level	Vacuolar protein sorting-associated protein 28	0.8223	0.9936	1	1	1	1	1	0	0	1	0	0	1	0	0	0.0	0.0	0.0	0.0	0.0	0.0	
sp|Q02774|SHR3_YEAST	Q02774	SHR3_YEAST	SHR3	210	Saccharomyces cerevisiae (strain ATCC 204508 / S288c)	1:Experimental evidence at protein level	Secretory component protein SHR3	0.9662	0.999	1	3	3	3	1	1	1	1	1	1	1	1	1	8815934.0	9046585.0	1.0478463E7	8815934.0	9046585.0	1.0478463E7	
sp|Q02776|TIM50_YEAST	Q02776	TIM50_YEAST	TIM50	476	Saccharomyces cerevisiae (strain ATCC 204508 / S288c)	1:Experimental evidence at protein level	Mitochondrial import inner membrane translocase subunit TIM50	1.0	0.999	7	29	29	29	9	11	9	9	11	9	9	11	9	5.609358E7	7.1108144E7	6.5788096E7	1.4593598E7	1.9077748E7	1.7134134E7	
sp|Q02793|SKI8_YEAST	Q02793	SKI8_YEAST	SKI8	397	Saccharomyces cerevisiae (strain ATCC 204508 / S288c)	1:Experimental evidence at protein level	Antiviral protein SKI8	0.9674	0.999	1	1	1	1	0	0	1	0	0	1	0	0	1	0.0	0.0	0.0	0.0	0.0	0.0	
sp|Q02795|OSTD_YEAST	Q02795	OSTD_YEAST	SWP1	286	Saccharomyces cerevisiae (strain ATCC 204508 / S288c)	1:Experimental evidence at protein level	Dolichyl-diphosphooligosaccharide--protein glycosyltransferase subunit SWP1	1.0	0.999	2	4	4	4	2	1	1	2	1	1	2	1	1	2.411468E7	2.613314E7	8998218.0	1.228179E7	1.4303797E7	1.5264345E7	
sp|Q02821|IMA1_YEAST	Q02821	IMA1_YEAST	SRP1	542	Saccharomyces cerevisiae (strain ATCC 204508 / S288c)	1:Experimental evidence at protein level	Importin subunit alpha	1.0	0.999	9	32	32	32	11	12	9	11	12	9	11	12	9	9.78848E7	9.8561144E7	8.1284632E7	1.7400376E7	1.7470076E7	1.4788563E7	
sp|Q02887|ATG21_YEAST	Q02887	ATG21_YEAST	ATG21	496	Saccharomyces cerevisiae (strain ATCC 204508 / S288c)	1:Experimental evidence at protein level	Autophagy-related protein 21	0.7839	0.9919	1	1	1	1	0	1	0	0	1	0	0	1	0	0.0	0.0	0.0	0.0	0.0	0.0	
sp|Q02889|MGR2_YEAST	Q02889	MGR2_YEAST	MGR2	113	Saccharomyces cerevisiae (strain ATCC 204508 / S288c)	1:Experimental evidence at protein level	Protein MGR2	0.9674	0.999	1	2	2	2	0	1	1	0	1	1	0	1	1	3373333.8	3821891.2	5604897.5	3373333.8	3821891.2	5604897.5	
sp|Q02892|NOG1_YEAST	Q02892	NOG1_YEAST	NOG1	647	Saccharomyces cerevisiae (strain ATCC 204508 / S288c)	1:Experimental evidence at protein level	Nucleolar GTP-binding protein 1	0.9999	0.999	2	5	5	5	1	3	1	1	3	1	1	3	1	4915218.0	1.4934178E7	2839469.8	4401147.5	1.1682026E7	1868248.1	
sp|Q02896|YDC1_YEAST	Q02896	YDC1_YEAST	YDC1	317	Saccharomyces cerevisiae (strain ATCC 204508 / S288c)	1:Experimental evidence at protein level	Alkaline ceramidase YDC1	0.63	0.9828	1	3	3	3	1	1	1	1	1	1	1	1	1	1434539.0	1797367.1	1944403.1	1434539.0	1797367.1	1944403.1	
sp|Q02931|UTP17_YEAST	Q02931	UTP17_YEAST	NAN1	896	Saccharomyces cerevisiae (strain ATCC 204508 / S288c)	1:Experimental evidence at protein level	NET1-associated nuclear protein 1	1.0	0.999	2	3	3	3	1	1	1	1	1	1	1	1	1	8439767.0	9488588.0	1.079158E7	6715492.5	7789385.5	8313775.0	
sp|Q02933|RNY1_YEAST	Q02933	RNY1_YEAST	RNY1	434	Saccharomyces cerevisiae (strain ATCC 204508 / S288c)	1:Experimental evidence at protein level	Ribonuclease T2-like	0.9597	0.9988	1	2	2	2	0	1	1	0	1	1	0	1	1	1073355.6	963655.25	1469740.2	1073355.6	963655.25	1469740.2	
sp|Q02939|TFB2_YEAST	Q02939	TFB2_YEAST	TFB2	513	Saccharomyces cerevisiae (strain ATCC 204508 / S288c)	1:Experimental evidence at protein level	General transcription and DNA repair factor IIH subunit TFB2	0.7617	0.9908	1	1	1	1	0	1	0	0	1	0	0	1	0	0.0	0.0	0.0	0.0	0.0	0.0	
sp|Q03034|FDC1_YEAST	Q03034	FDC1_YEAST	FDC1	503	Saccharomyces cerevisiae (strain ATCC 204508 / S288c)	1:Experimental evidence at protein level	Ferulic acid decarboxylase 1	1.0	0.999	4	7	7	7	3	2	2	3	2	2	3	2	2	5700353.0	6288160.0	7033409.0	3325995.8	3734044.5	4014570.5	
sp|Q03048|COFI_YEAST	Q03048	COFI_YEAST	COF1	143	Saccharomyces cerevisiae (strain ATCC 204508 / S288c)	1:Experimental evidence at protein level	Cofilin	1.0	0.999	5	77	77	77	25	26	26	25	26	26	25	26	26	6.2828762E8	7.5046317E8	8.7223046E8	2.56412864E8	3.17587392E8	2.96684416E8	
sp|Q03088|SVL3_YEAST	Q03088	SVL3_YEAST	SVL3	825	Saccharomyces cerevisiae (strain ATCC 204508 / S288c)	1:Experimental evidence at protein level	Styryl dye vacuolar localization protein 3	1.0	0.999	3	4	4	4	3	1	0	3	1	0	3	1	0	1.8895786E7	1.6790162E7	9475332.0	7963834.5	7648941.0	7100970.5	
sp|Q03102|YMN1_YEAST	Q03102	YMN1_YEAST	YML131W	365	Saccharomyces cerevisiae (strain ATCC 204508 / S288c)	1:Experimental evidence at protein level	Uncharacterized membrane protein YML131W	1.0	0.999	5	12	12	12	5	3	4	5	3	4	5	3	4	2.0124754E7	1.6773989E7	2.1606702E7	7200831.5	6274822.0	7493773.5	
sp|Q03103|ERO1_YEAST	Q03103	ERO1_YEAST	ERO1	563	Saccharomyces cerevisiae (strain ATCC 204508 / S288c)	1:Experimental evidence at protein level	Endoplasmic oxidoreductin-1	1.0	0.999	5	13	13	13	4	5	4	4	5	4	4	5	4	1.641244E7	1.8794666E7	1.6966612E7	4586459.5	6058335.0	5333876.5	
sp|Q03104|MSC1_YEAST	Q03104	MSC1_YEAST	MSC1	513	Saccharomyces cerevisiae (strain ATCC 204508 / S288c)	1:Experimental evidence at protein level	Meiotic sister chromatid recombination protein 1	1.0	0.999	10	38	38	38	13	13	12	13	13	12	13	13	12	1.1036056E8	1.01808632E8	1.20971072E8	2.3173418E7	1.978952E7	2.2523704E7	
sp|Q03124|RSC9_YEAST	Q03124	RSC9_YEAST	RSC9	581	Saccharomyces cerevisiae (strain ATCC 204508 / S288c)	1:Experimental evidence at protein level	Chromatin structure-remodeling complex subunit RSC9	0.9999	0.999	2	6	6	6	2	2	2	2	2	2	2	2	2	4658500.5	5963663.5	8310770.0	2921564.8	3745212.8	4899014.0	
sp|Q03148|SNZ1_YEAST	Q03148	SNZ1_YEAST	SNZ1	297	Saccharomyces cerevisiae (strain ATCC 204508 / S288c)	1:Experimental evidence at protein level	Pyridoxal 5'-phosphate synthase subunit SNZ1	1.0	0.999	8	29	15	29	11	8	10	5	5	5	11	8	10	1.210222E8	8.260512E7	7.9402672E7	3.1533398E7	2.3866054E7	2.546823E7	
sp|Q03161|YMY9_YEAST	Q03161	YMY9_YEAST	YMR099C	297	Saccharomyces cerevisiae (strain ATCC 204508 / S288c)	1:Experimental evidence at protein level	Glucose-6-phosphate 1-epimerase	1.0	0.999	14	60	60	60	18	21	21	18	21	21	18	21	21	2.10493296E8	2.1136E8	2.39109952E8	3.6326096E7	3.7083872E7	3.6221312E7	
sp|Q03195|RLI1_YEAST	Q03195	RLI1_YEAST	RLI1	608	Saccharomyces cerevisiae (strain ATCC 204508 / S288c)	1:Experimental evidence at protein level	Translation initiation factor RLI1	1.0	0.999	16	45	45	45	18	15	12	18	15	12	18	15	12	1.0446308E8	9.8834432E7	9.2307992E7	1.5739989E7	1.4655874E7	1.4726197E7	
sp|Q03219|YM44_YEAST	Q03219	YM44_YEAST	YMR178W	274	Saccharomyces cerevisiae (strain ATCC 204508 / S288c)	1:Experimental evidence at protein level	Uncharacterized protein YMR178W	1.0	0.999	2	6	6	6	2	2	2	2	2	2	2	2	2	1.3479076E7	1.1423284E7	1.1056468E7	7584129.0	6669813.5	6376081.5	
sp|Q03254|FCP1_YEAST	Q03254	FCP1_YEAST	FCP1	732	Saccharomyces cerevisiae (strain ATCC 204508 / S288c)	1:Experimental evidence at protein level	RNA polymerase II subunit A C-terminal domain phosphatase	0.999	0.9986	2	3	3	3	2	0	1	2	0	1	2	0	1	5516184.5	6484163.0	6051760.0	5516184.5	6484163.0	6051760.0	
sp|Q03262|PGM3_YEAST	Q03262	PGM3_YEAST	PRM15	622	Saccharomyces cerevisiae (strain ATCC 204508 / S288c)	1:Experimental evidence at protein level	Phosphoribomutase	1.0	0.999	3	8	8	8	3	2	3	3	2	3	3	2	3	7625486.0	1.1190401E7	1.2659599E7	4674531.0	5699452.0	6881403.5	
sp|Q03280|TOM1_YEAST	Q03280	TOM1_YEAST	TOM1	3268	Saccharomyces cerevisiae (strain ATCC 204508 / S288c)	1:Experimental evidence at protein level	E3 ubiquitin-protein ligase TOM1	1.0	0.9989	3	5	5	5	2	3	0	2	3	0	2	3	0	4560669.5	1.0248608E7	9072883.0	4929407.5	5989938.0	4829323.5	
sp|Q03337|TRS31_YEAST	Q03337	TRS31_YEAST	TRS31	283	Saccharomyces cerevisiae (strain ATCC 204508 / S288c)	1:Experimental evidence at protein level	Trafficking protein particle complex subunit 31	0.9341	0.9979	1	2	2	2	1	1	0	1	1	0	1	1	0	741635.8	1294584.4	1150685.4	741635.8	1294584.4	1150685.4	
sp|Q03362|YD476_YEAST	Q03362	YD476_YEAST	YDR476C	224	Saccharomyces cerevisiae (strain ATCC 204508 / S288c)	1:Experimental evidence at protein level	Uncharacterized protein YDR476C	1.0	0.999	2	12	12	12	3	4	5	3	4	5	3	4	5	1.806538E7	1.967618E7	1.9354966E7	1.2743707E7	1.5802332E7	1.6498829E7	
sp|Q03375|CWC21_YEAST	Q03375	CWC21_YEAST	CWC21	135	Saccharomyces cerevisiae (strain ATCC 204508 / S288c)	1:Experimental evidence at protein level	Pre-mRNA-splicing factor CWC21	0.612	0.9815	1	1	1	1	0	0	1	0	0	1	0	0	1	1.6032411E7	5877916.0	4850995.5	1.6032411E7	5877916.0	4850995.5	
sp|Q03516|RSN1_YEAST	Q03516	RSN1_YEAST	RSN1	953	Saccharomyces cerevisiae (strain ATCC 204508 / S288c)	1:Experimental evidence at protein level	Uncharacterized protein RSN1	1.0	0.999	2	3	3	3	1	0	2	1	0	2	1	0	2	2650320.8	3782616.2	4596337.5	2650320.8	2762220.0	3265566.2	
sp|Q03529|SCS7_YEAST	Q03529	SCS7_YEAST	SCS7	384	Saccharomyces cerevisiae (strain ATCC 204508 / S288c)	1:Experimental evidence at protein level	Ceramide very long chain fatty acid hydroxylase SCS7	1.0	0.999	5	12	12	12	4	4	4	4	4	4	4	4	4	4.1793164E7	3.3234928E7	3.1784252E7	1.4818025E7	1.3036033E7	1.3017456E7	
sp|Q03532|HAS1_YEAST	Q03532	HAS1_YEAST	HAS1	505	Saccharomyces cerevisiae (strain ATCC 204508 / S288c)	1:Experimental evidence at protein level	ATP-dependent RNA helicase HAS1	1.0	0.999	6	13	13	13	4	7	2	4	7	2	4	7	2	2.8417146E7	2.7966404E7	6.9439712E7	1.4073117E7	1.472083E7	1.2885639E7	
sp|Q03533|TDA1_YEAST	Q03533	TDA1_YEAST	TDA1	586	Saccharomyces cerevisiae (strain ATCC 204508 / S288c)	1:Experimental evidence at protein level	Serine/threonine-protein kinase TDA1	0.819	0.9935	1	2	2	2	1	0	1	1	0	1	1	0	1	3399667.2	3160895.0	3745303.2	3399667.2	3160895.0	3745303.2	
sp|Q03558|OYE2_YEAST	Q03558	OYE2_YEAST	OYE2	400	Saccharomyces cerevisiae (strain ATCC 204508 / S288c)	1:Experimental evidence at protein level	NADPH dehydrogenase 2	1.0	0.999	17	210	184	210	68	70	72	60	62	62	68	70	72	1.04472282E9	1.08299942E9	1.08018227E9	1.89917376E8	1.84981536E8	1.96305872E8	
sp|Q03559|YM8V_YEAST	Q03559	YM8V_YEAST	YMR295C	197	Saccharomyces cerevisiae (strain ATCC 204508 / S288c)	1:Experimental evidence at protein level	Uncharacterized protein YMR295C	1.0	0.999	2	6	6	6	2	2	2	2	2	2	2	2	2	6411316.0	1.2313856E7	1.3745158E7	4122622.0	7375603.5	8944650.0	
sp|Q03579|LIP1_YEAST	Q03579	LIP1_YEAST	LIP1	150	Saccharomyces cerevisiae (strain ATCC 204508 / S288c)	1:Experimental evidence at protein level	Ceramide synthase subunit LIP1	1.0	0.999	1	2	2	2	0	0	2	0	0	2	0	0	2	3690510.2	3416733.0	1.1507464E7	3995689.2	3699272.8	5490642.0	
sp|Q03629|YMH9_YEAST	Q03629	YMH9_YEAST	YML079W	201	Saccharomyces cerevisiae (strain ATCC 204508 / S288c)	1:Experimental evidence at protein level	Uncharacterized protein YML079W	1.0	0.999	2	5	5	5	2	1	2	2	1	2	2	1	2	9389707.0	8196714.0	1.3793238E7	5032162.5	5486293.0	9163058.0	
sp|Q03640|TCB3_YEAST	Q03640	TCB3_YEAST	TCB3	1545	Saccharomyces cerevisiae (strain ATCC 204508 / S288c)	1:Experimental evidence at protein level	Tricalbin-3	1.0	0.999	19	61	61	61	20	21	20	20	21	20	20	21	20	1.64327104E8	1.70371008E8	1.51323008E8	2.468511E7	2.2639342E7	2.3759292E7	
sp|Q03655|GAS3_YEAST	Q03655	GAS3_YEAST	GAS3	524	Saccharomyces cerevisiae (strain ATCC 204508 / S288c)	1:Experimental evidence at protein level	Probable 1,3-beta-glucanosyltransferase GAS3	1.0	0.999	3	6	6	6	2	1	3	2	1	3	2	1	3	7528361.0	1.2363692E7	2.329778E7	5996043.5	8394125.0	1.693655E7	
sp|Q03667|MIX17_YEAST	Q03667	MIX17_YEAST	MIX17	156	Saccharomyces cerevisiae (strain ATCC 204508 / S288c)	1:Experimental evidence at protein level	Mitochondrial intermembrane space cysteine motif-containing protein MIX17	1.0	0.999	3	8	8	8	2	2	4	2	2	4	2	2	4	2.1959516E7	3.0154058E7	3.4148776E7	8511010.0	1.2631756E7	1.2871501E7	
sp|Q03690|CLU_YEAST	Q03690	CLU_YEAST	CLU1	1277	Saccharomyces cerevisiae (strain ATCC 204508 / S288c)	1:Experimental evidence at protein level	Clustered mitochondria protein 1	1.0	0.999	29	114	114	114	36	38	40	36	38	40	36	38	40	3.36448416E8	3.85775616E8	3.63617568E8	3.8178884E7	3.8372572E7	4.0184104E7	
sp|Q03705|CG121_YEAST	Q03705	CG121_YEAST	CGI121	181	Saccharomyces cerevisiae (strain ATCC 204508 / S288c)	1:Experimental evidence at protein level	EKC/KEOPS complex subunit CGI121	0.9463	0.9983	1	1	1	1	1	0	0	1	0	0	1	0	0	2796249.8	1947866.5	3162817.5	2796249.8	1947866.5	3162817.5	
sp|Q03768|GIR2_YEAST	Q03768	GIR2_YEAST	GIR2	265	Saccharomyces cerevisiae (strain ATCC 204508 / S288c)	1:Experimental evidence at protein level	Protein GIR2	0.9667	0.999	1	1	1	1	0	1	0	0	1	0	0	1	0	800790.25	1459529.2	1456691.9	800790.25	1459529.2	1456691.9	
sp|Q03769|ENT5_YEAST	Q03769	ENT5_YEAST	ENT5	411	Saccharomyces cerevisiae (strain ATCC 204508 / S288c)	1:Experimental evidence at protein level	Epsin-5	0.9674	0.999	1	1	1	1	0	0	1	0	0	1	0	0	1	2739404.5	4997832.5	5903414.0	2739404.5	4997832.5	5903414.0	
sp|Q03774|TRM82_YEAST	Q03774	TRM82_YEAST	TRM82	444	Saccharomyces cerevisiae (strain ATCC 204508 / S288c)	1:Experimental evidence at protein level	tRNA (guanine-N(7)-)-methyltransferase non-catalytic subunit TRM82	0.9987	0.9978	2	4	4	4	2	1	1	2	1	1	2	1	1	2685306.0	3837497.2	2022594.2	1374047.9	1927976.2	2072951.8	
sp|Q03778|RIFK_YEAST	Q03778	RIFK_YEAST	FMN1	218	Saccharomyces cerevisiae (strain ATCC 204508 / S288c)	1:Experimental evidence at protein level	Riboflavin kinase	0.9673	0.999	1	1	1	1	1	0	0	1	0	0	1	0	0	6071348.0	4023611.8	3273673.5	6071348.0	4023611.8	3273673.5	
sp|Q03786|GNTK_YEAST	Q03786	GNTK_YEAST	YDR248C	193	Saccharomyces cerevisiae (strain ATCC 204508 / S288c)	1:Experimental evidence at protein level	Probable gluconokinase	0.9995	0.9978	2	4	4	4	1	2	1	1	2	1	1	2	1	6323414.0	5059478.0	6345610.0	6323414.0	5059478.0	6345610.0	
sp|Q03834|MSH6_YEAST	Q03834	MSH6_YEAST	MSH6	1242	Saccharomyces cerevisiae (strain ATCC 204508 / S288c)	1:Experimental evidence at protein level	DNA mismatch repair protein MSH6	0.999	0.9988	2	4	4	4	2	1	1	2	1	1	2	1	1	854399.1	1188506.0	1100973.6	854399.1	1188506.0	1100973.6	
sp|Q03862|ARX1_YEAST	Q03862	ARX1_YEAST	ARX1	593	Saccharomyces cerevisiae (strain ATCC 204508 / S288c)	1:Experimental evidence at protein level	Probable metalloprotease ARX1	1.0	0.999	3	8	8	8	4	2	2	4	2	2	4	2	2	2.4791624E7	1.7657302E7	2.0098234E7	1.2015801E7	9368129.0	8714676.0	
sp|Q03940|RUVB1_YEAST	Q03940	RUVB1_YEAST	RVB1	463	Saccharomyces cerevisiae (strain ATCC 204508 / S288c)	1:Experimental evidence at protein level	RuvB-like protein 1	1.0	0.999	10	31	31	31	11	11	9	11	11	9	11	11	9	8.3225424E7	8.3660304E7	7.7478E7	1.4779226E7	1.2561344E7	1.3944401E7	
sp|Q03973|HMO1_YEAST	Q03973	HMO1_YEAST	HMO1	246	Saccharomyces cerevisiae (strain ATCC 204508 / S288c)	1:Experimental evidence at protein level	High mobility group protein 1	1.0	0.999	6	19	19	19	6	5	8	6	5	8	6	5	8	9.0853224E7	7.5300624E7	8.5246616E7	2.8505864E7	3.042649E7	3.46395E7	
sp|Q04053|SNX41_YEAST	Q04053	SNX41_YEAST	SNX41	625	Saccharomyces cerevisiae (strain ATCC 204508 / S288c)	1:Experimental evidence at protein level	Sorting nexin-41	0.5915	0.9799	1	1	1	1	1	0	0	1	0	0	1	0	0	8140395.5	0.0	0.0	0.0	0.0	0.0	
sp|Q04062|RPN9_YEAST	Q04062	RPN9_YEAST	RPN9	393	Saccharomyces cerevisiae (strain ATCC 204508 / S288c)	1:Experimental evidence at protein level	26S proteasome regulatory subunit RPN9	1.0	0.999	13	56	56	56	19	19	18	19	19	18	19	19	18	1.6139672E8	1.6505104E8	1.64684592E8	2.1164842E7	2.2419414E7	2.3517132E7	
sp|Q04067|EIF3G_YEAST	Q04067	EIF3G_YEAST	TIF35	274	Saccharomyces cerevisiae (strain ATCC 204508 / S288c)	1:Experimental evidence at protein level	Eukaryotic translation initiation factor 3 subunit G	1.0	0.999	6	19	19	19	7	6	6	7	6	6	7	6	6	6.2615588E7	7.0399904E7	6.1782308E7	2.0992634E7	2.6842998E7	2.5150488E7	
sp|Q04080|GPI17_YEAST	Q04080	GPI17_YEAST	GPI17	534	Saccharomyces cerevisiae (strain ATCC 204508 / S288c)	1:Experimental evidence at protein level	GPI transamidase component GPI17	0.7252	0.9889	1	1	1	1	1	0	0	1	0	0	1	0	0	1.09820976E8	6.3629248E7	1.00995824E8	1.09820976E8	6.3629248E7	1.00995824E8	
sp|Q04119|PPN1_YEAST	Q04119	PPN1_YEAST	PPN1	674	Saccharomyces cerevisiae (strain ATCC 204508 / S288c)	1:Experimental evidence at protein level	Endopolyphosphatase	0.957	0.9987	1	1	1	1	1	0	0	1	0	0	1	0	0	0.0	0.0	0.0	0.0	0.0	0.0	
sp|Q04120|TSA2_YEAST	Q04120	TSA2_YEAST	TSA2	196	Saccharomyces cerevisiae (strain ATCC 204508 / S288c)	1:Experimental evidence at protein level	Peroxiredoxin TSA2	0.9065	0.9814	2	3	3	28	1	1	1	1	1	1	8	10	10	0.0	0.0	0.0	0.0	0.0	0.0	
sp|Q04170|YD391_YEAST	Q04170	YD391_YEAST	YDR391C	232	Saccharomyces cerevisiae (strain ATCC 204508 / S288c)	1:Experimental evidence at protein level	Uncharacterized protein YDR391C	1.0	0.999	5	14	14	14	6	4	4	6	4	4	6	4	4	2.3216236E7	2.6571834E7	3.042667E7	7166542.5	7540406.5	8298589.0	
sp|Q04175|SXM1_YEAST	Q04175	SXM1_YEAST	SXM1	944	Saccharomyces cerevisiae (strain ATCC 204508 / S288c)	1:Experimental evidence at protein level	Importin beta SMX1	1.0	0.999	4	7	7	7	3	2	2	3	2	2	3	2	2	2.0465068E7	1.4241438E7	1.57114E7	8808036.0	7790305.0	8378635.0	
sp|Q04178|HPRT_YEAST	Q04178	HPRT_YEAST	HPT1	221	Saccharomyces cerevisiae (strain ATCC 204508 / S288c)	1:Experimental evidence at protein level	Hypoxanthine-guanine phosphoribosyltransferase	1.0	0.999	5	13	13	13	5	3	5	5	3	5	5	3	5	7.7385904E7	7.4461448E7	7.5223264E7	4.1585832E7	3.2768732E7	3.4878696E7	
sp|Q04182|PDR15_YEAST	Q04182	PDR15_YEAST	PDR15	1529	Saccharomyces cerevisiae (strain ATCC 204508 / S288c)	1:Experimental evidence at protein level	ATP-dependent permease PDR15	0.9998	0.999	11	2	2	36	0	1	1	0	1	1	9	14	13	0.0	4516409.0	3488999.5	0.0	4516409.0	3488999.5	
sp|Q04225|RRB1_YEAST	Q04225	RRB1_YEAST	RRB1	511	Saccharomyces cerevisiae (strain ATCC 204508 / S288c)	1:Experimental evidence at protein level	Ribosome assembly protein RRB1	1.0	0.999	5	9	9	9	3	2	4	3	2	4	3	2	4	2.7107716E7	2.2985696E7	3.4205096E7	8581089.0	1.0121385E7	1.4004922E7	
sp|Q04228|UBX2_YEAST	Q04228	UBX2_YEAST	UBX2	584	Saccharomyces cerevisiae (strain ATCC 204508 / S288c)	1:Experimental evidence at protein level	UBX domain-containing protein 2	0.752	0.9903	1	3	3	3	1	1	1	1	1	1	1	1	1	4259600.5	5338184.0	3199727.0	4259600.5	5338184.0	3199727.0	
sp|Q04304|YMY0_YEAST	Q04304	YMY0_YEAST	YMR090W	227	Saccharomyces cerevisiae (strain ATCC 204508 / S288c)	1:Experimental evidence at protein level	UPF0659 protein YMR090W	0.9999	0.999	2	2	2	2	2	0	0	2	0	0	2	0	0	1.2366162E7	1.0820899E7	1.1322074E7	6922227.0	5999993.0	6289784.0	
sp|Q04336|YM54_YEAST	Q04336	YM54_YEAST	YMR196W	1088	Saccharomyces cerevisiae (strain ATCC 204508 / S288c)	1:Experimental evidence at protein level	Uncharacterized protein YMR196W	1.0	0.999	8	19	19	19	8	5	6	8	5	6	8	5	6	3.8356712E7	4.1671976E7	3.5744884E7	1.0896429E7	1.3399587E7	1.2187325E7	
sp|Q04338|VTI1_YEAST	Q04338	VTI1_YEAST	VTI1	217	Saccharomyces cerevisiae (strain ATCC 204508 / S288c)	1:Experimental evidence at protein level	t-SNARE VTI1	0.957	0.9987	1	1	1	1	0	0	1	0	0	1	0	0	1	5122669.0	4632530.5	6307010.5	5122669.0	4632530.5	6307010.5	
sp|Q04344|HNT1_YEAST	Q04344	HNT1_YEAST	HNT1	158	Saccharomyces cerevisiae (strain ATCC 204508 / S288c)	1:Experimental evidence at protein level	Adenosine 5'-monophosphoramidase HNT1	1.0	0.999	4	24	24	24	8	9	7	8	9	7	8	9	7	7.6113088E7	8.9983168E7	7.6963488E7	2.948064E7	3.4399112E7	3.432844E7	
sp|Q04371|ARMT1_YEAST	Q04371	ARMT1_YEAST	YMR027W	470	Saccharomyces cerevisiae (strain ATCC 204508 / S288c)	1:Experimental evidence at protein level	Damage-control phosphatase YMR027W	1.0	0.999	8	27	27	27	9	10	8	9	10	8	9	10	8	5.7300584E7	5.7703E7	5.7766596E7	1.0265794E7	1.0345475E7	1.0010961E7	
sp|Q04373|PUF6_YEAST	Q04373	PUF6_YEAST	PUF6	656	Saccharomyces cerevisiae (strain ATCC 204508 / S288c)	1:Experimental evidence at protein level	Pumilio homology domain family member 6	1.0	0.999	5	9	9	9	3	2	4	3	2	4	3	2	4	3.3110422E7	3.521656E7	3.5900196E7	1.4727061E7	1.5498944E7	1.5799338E7	
sp|Q04409|EMI2_YEAST	Q04409	EMI2_YEAST	EMI2	500	Saccharomyces cerevisiae (strain ATCC 204508 / S288c)	1:Experimental evidence at protein level	Putative glucokinase-2	1.0	0.999	15	57	57	57	20	20	17	20	20	17	20	20	17	2.1249992E8	1.79871952E8	1.93051328E8	2.6010954E7	2.1420016E7	2.423564E7	
sp|Q04410|GRH1_YEAST	Q04410	GRH1_YEAST	GRH1	372	Saccharomyces cerevisiae (strain ATCC 204508 / S288c)	1:Experimental evidence at protein level	GRASP65 homolog protein 1	1.0	0.999	4	7	7	7	3	1	3	3	1	3	3	1	3	1.2512746E7	1.3143157E7	1.4941166E7	5422248.5	5935481.0	6022652.0	
sp|Q04438|SPG4_YEAST	Q04438	SPG4_YEAST	SPG4	115	Saccharomyces cerevisiae (strain ATCC 204508 / S288c)	1:Experimental evidence at protein level	Stationary phase protein 4	1.0	0.999	3	9	9	9	4	3	2	4	3	2	4	3	2	2.7333944E7	2.828853E7	3.3357064E7	9335571.0	9163970.0	1.1114725E7	
sp|Q04439|MYO5_YEAST	Q04439	MYO5_YEAST	MYO5	1219	Saccharomyces cerevisiae (strain ATCC 204508 / S288c)	1:Experimental evidence at protein level	Myosin-5	1.0	0.999	7	9	7	9	4	3	2	4	2	1	4	3	2	4.4178552E7	5.4394404E7	4.7779096E7	1.4787574E7	2.1059266E7	1.6365098E7	
sp|Q04458|HFD1_YEAST	Q04458	HFD1_YEAST	HFD1	532	Saccharomyces cerevisiae (strain ATCC 204508 / S288c)	1:Experimental evidence at protein level	Fatty aldehyde dehydrogenase HFD1	1.0	0.999	8	16	16	16	7	6	3	7	6	3	7	6	3	3.8467696E7	4.1530176E7	3.5326764E7	7758418.5	8115774.5	8894191.0	
sp|Q04491|SEC13_YEAST	Q04491	SEC13_YEAST	SEC13	297	Saccharomyces cerevisiae (strain ATCC 204508 / S288c)	1:Experimental evidence at protein level	Protein transport protein SEC13	1.0	0.999	13	83	83	83	26	27	30	26	27	30	26	27	30	2.04060544E8	2.0076344E8	2.27373328E8	3.9701084E7	3.8837676E7	4.1296668E7	
sp|Q04493|PFD5_YEAST	Q04493	PFD5_YEAST	GIM5	163	Saccharomyces cerevisiae (strain ATCC 204508 / S288c)	1:Experimental evidence at protein level	Prefoldin subunit 5	1.0	0.999	3	3	3	3	2	0	1	2	0	1	2	0	1	1.81981E7	1.2861183E7	1.5917478E7	8516492.0	5791154.5	7818405.5	
sp|Q04600|TMA64_YEAST	Q04600	TMA64_YEAST	TMA64	565	Saccharomyces cerevisiae (strain ATCC 204508 / S288c)	1:Experimental evidence at protein level	Translation machinery-associated protein 64	0.8403	0.9944	1	1	1	1	1	0	0	1	0	0	1	0	0	3328998.0	2176392.8	5801956.0	3328998.0	2176392.8	5801956.0	
sp|Q04602|VBA4_YEAST	Q04602	VBA4_YEAST	VBA4	768	Saccharomyces cerevisiae (strain ATCC 204508 / S288c)	1:Experimental evidence at protein level	Vacuolar basic amino acid transporter 4	0.9997	0.9989	2	5	5	5	1	4	0	1	4	0	1	4	0	0.0	0.0	0.0	0.0	0.0	0.0	
sp|Q04636|POB3_YEAST	Q04636	POB3_YEAST	POB3	552	Saccharomyces cerevisiae (strain ATCC 204508 / S288c)	1:Experimental evidence at protein level	FACT complex subunit POB3	1.0	0.999	7	16	16	16	7	5	4	7	5	4	7	5	4	5.0024908E7	4.1251504E7	3.9876536E7	9501447.0	7910690.5	8603326.0	
sp|Q04651|ERV41_YEAST	Q04651	ERV41_YEAST	ERV41	352	Saccharomyces cerevisiae (strain ATCC 204508 / S288c)	1:Experimental evidence at protein level	ER-derived vesicles protein ERV41	0.9973	0.9944	2	4	4	4	2	1	1	2	1	1	2	1	1	4653452.0	4996533.5	4950267.5	4653452.0	4996533.5	4950267.5	
sp|Q04660|ERB1_YEAST	Q04660	ERB1_YEAST	ERB1	807	Saccharomyces cerevisiae (strain ATCC 204508 / S288c)	1:Experimental evidence at protein level	Ribosome biogenesis protein ERB1	0.9976	0.999	2	3	3	3	1	1	1	1	1	1	1	1	1	7343503.5	2815590.8	3663662.5	3287537.2	3311915.0	4309482.5	
sp|Q04693|RSE1_YEAST	Q04693	RSE1_YEAST	RSE1	1361	Saccharomyces cerevisiae (strain ATCC 204508 / S288c)	1:Experimental evidence at protein level	Pre-mRNA-splicing factor RSE1	0.9514	0.9985	1	3	3	3	1	1	1	1	1	1	1	1	1	318627.12	1.3361645E7	655579.9	318627.12	1.3361645E7	655579.9	
sp|Q04697|GSF2_YEAST	Q04697	GSF2_YEAST	GSF2	403	Saccharomyces cerevisiae (strain ATCC 204508 / S288c)	1:Experimental evidence at protein level	Glucose-signaling factor 2	1.0	0.999	11	53	53	53	16	17	20	16	17	20	16	17	20	1.40397216E8	1.08713056E8	1.14304144E8	2.6373596E7	2.4146872E7	2.3304932E7	
sp|Q04728|ARGJ_YEAST	Q04728	ARGJ_YEAST	ARG7	441	Saccharomyces cerevisiae (strain ATCC 204508 / S288c)	1:Experimental evidence at protein level	Arginine biosynthesis bifunctional protein ArgJ, mitochondrial	1.0	0.998	3	3	3	3	2	1	0	2	1	0	2	1	0	6530964.0	1.3128088E7	2409271.8	3763665.5	4616325.0	3776568.0	
sp|Q04767|TVP18_YEAST	Q04767	TVP18_YEAST	TVP18	167	Saccharomyces cerevisiae (strain ATCC 204508 / S288c)	1:Experimental evidence at protein level	Golgi apparatus membrane protein TVP18	1.0	0.999	2	6	6	6	2	2	2	2	2	2	2	2	2	3.4136328E7	3.1883292E7	3.5026636E7	3.182282E7	2.6051338E7	2.7587912E7	
sp|Q04773|YMW4_YEAST	Q04773	YMW4_YEAST	YMR074C	145	Saccharomyces cerevisiae (strain ATCC 204508 / S288c)	1:Experimental evidence at protein level	Uncharacterized protein YMR074C	1.0	0.999	2	8	8	8	3	3	2	3	3	2	3	3	2	2.0764472E7	2.0717764E7	2.1492682E7	1.081432E7	8681810.0	8923630.0	
sp|Q04792|DCE_YEAST	Q04792	DCE_YEAST	GAD1	585	Saccharomyces cerevisiae (strain ATCC 204508 / S288c)	1:Experimental evidence at protein level	Glutamate decarboxylase	1.0	0.999	4	8	8	8	2	3	3	2	3	3	2	3	3	1.8102784E7	1.7484142E7	1.770076E7	8849611.0	7600126.0	8040356.0	
sp|Q04869|YM94_YEAST	Q04869	YM94_YEAST	YMR315W	349	Saccharomyces cerevisiae (strain ATCC 204508 / S288c)	1:Experimental evidence at protein level	Uncharacterized protein YMR315W	1.0	0.999	13	52	52	52	15	20	17	15	20	17	15	20	17	1.65737808E8	1.65947696E8	1.78956096E8	3.2133794E7	2.8027316E7	3.0200088E7	
sp|Q04894|ADH6_YEAST	Q04894	ADH6_YEAST	ADH6	360	Saccharomyces cerevisiae (strain ATCC 204508 / S288c)	1:Experimental evidence at protein level	NADP-dependent alcohol dehydrogenase 6	1.0	0.999	9	60	60	60	20	21	19	20	21	19	20	21	19	2.14676816E8	2.0203312E8	1.76431536E8	4.8031624E7	4.2935544E7	4.3010928E7	
sp|Q04947|RTN1_YEAST	Q04947	RTN1_YEAST	RTN1	295	Saccharomyces cerevisiae (strain ATCC 204508 / S288c)	1:Experimental evidence at protein level	Reticulon-like protein 1	1.0	0.999	12	67	67	67	24	21	22	24	21	22	24	21	22	3.62991648E8	3.45886336E8	3.4431072E8	1.0462684E8	1.00113544E8	1.02085024E8	
sp|Q04964|SML1_YEAST	Q04964	SML1_YEAST	SML1	104	Saccharomyces cerevisiae (strain ATCC 204508 / S288c)	1:Experimental evidence at protein level	Ribonucleotide reductase inhibitor protein SML1	0.999	0.999	2	4	4	4	1	1	2	1	1	2	1	1	2	8328765.0	8986657.0	9048872.0	5263772.0	5868221.0	6005168.0	
sp|Q04969|SPC2_YEAST	Q04969	SPC2_YEAST	SPC2	178	Saccharomyces cerevisiae (strain ATCC 204508 / S288c)	1:Experimental evidence at protein level	Signal peptidase complex subunit 2	1.0	0.9989	2	4	4	4	2	1	1	2	1	1	2	1	1	9973709.0	1.510146E7	1.4509638E7	6276693.0	9721697.0	9197430.0	
sp|Q05016|YM71_YEAST	Q05016	YM71_YEAST	YMR226C	267	Saccharomyces cerevisiae (strain ATCC 204508 / S288c)	1:Experimental evidence at protein level	NADP-dependent 3-hydroxy acid dehydrogenase	1.0	0.999	8	36	36	36	11	12	13	11	12	13	11	12	13	1.23196272E8	1.20278968E8	1.31431728E8	3.8748876E7	4.0750396E7	4.537036E7	
sp|Q05022|RRP5_YEAST	Q05022	RRP5_YEAST	RRP5	1729	Saccharomyces cerevisiae (strain ATCC 204508 / S288c)	1:Experimental evidence at protein level	rRNA biogenesis protein RRP5	1.0	0.999	24	56	56	56	22	17	17	22	17	17	22	17	17	1.5652184E8	1.16941736E8	1.2929716E8	1.5009379E7	1.313885E7	1.3080821E7	
sp|Q05024|TRI1_YEAST	Q05024	TRI1_YEAST	TRI1	226	Saccharomyces cerevisiae (strain ATCC 204508 / S288c)	1:Experimental evidence at protein level	Protein TRI1	0.9294	0.9977	1	3	3	3	1	1	1	1	1	1	1	1	1	0.0	0.0	493472.8	0.0	0.0	0.0	
sp|Q05029|BCH1_YEAST	Q05029	BCH1_YEAST	BCH1	724	Saccharomyces cerevisiae (strain ATCC 204508 / S288c)	1:Experimental evidence at protein level	Protein BCH1	0.9503	0.9984	1	1	1	1	1	0	0	1	0	0	1	0	0	2782382.5	2571419.8	3350110.8	2782382.5	2571419.8	3350110.8	
sp|Q05031|DFG5_YEAST	Q05031	DFG5_YEAST	DFG5	458	Saccharomyces cerevisiae (strain ATCC 204508 / S288c)	1:Experimental evidence at protein level	Mannan endo-1,6-alpha-mannosidase DFG5	0.9401	0.9981	1	3	3	3	1	1	1	1	1	1	1	1	1	3529855.5	3307817.0	3388935.8	3529855.5	3307817.0	3388935.8	
sp|Q05040|FAR8_YEAST	Q05040	FAR8_YEAST	FAR8	523	Saccharomyces cerevisiae (strain ATCC 204508 / S288c)	1:Experimental evidence at protein level	Factor arrest protein 8	0.9038	0.9968	1	3	3	3	1	1	1	1	1	1	1	1	1	3405189.2	2597055.8	3017812.5	3405189.2	2597055.8	3017812.5	
sp|Q05050|EIS1_YEAST	Q05050	EIS1_YEAST	EIS1	843	Saccharomyces cerevisiae (strain ATCC 204508 / S288c)	1:Experimental evidence at protein level	Eisosome protein 1	1.0	0.999	24	58	58	58	18	20	20	18	20	20	18	20	20	1.99347968E8	1.39246512E8	1.26667264E8	2.974445E7	2.6756894E7	2.6668818E7	
sp|Q05359|ERP1_YEAST	Q05359	ERP1_YEAST	ERP1	219	Saccharomyces cerevisiae (strain ATCC 204508 / S288c)	1:Experimental evidence at protein level	Protein ERP1	1.0	0.999	5	12	12	12	4	3	5	4	3	5	4	3	5	3.612476E7	3.9722672E7	4.5148884E7	1.3440216E7	1.1918568E7	1.4810785E7	
sp|Q05506|SYRC_YEAST	Q05506	SYRC_YEAST	YDR341C	607	Saccharomyces cerevisiae (strain ATCC 204508 / S288c)	1:Experimental evidence at protein level	Arginine--tRNA ligase, cytoplasmic	1.0	0.999	28	158	155	158	50	56	52	49	55	51	50	56	52	4.11403136E8	4.70065152E8	4.40277984E8	4.2697308E7	4.4604572E7	4.4949052E7	
sp|Q05515|SVF1_YEAST	Q05515	SVF1_YEAST	SVF1	481	Saccharomyces cerevisiae (strain ATCC 204508 / S288c)	1:Experimental evidence at protein level	Survival factor 1	1.0	0.999	6	14	14	14	6	4	4	6	4	4	6	4	4	5.4933416E7	5.4239704E7	4.4166456E7	2.0107544E7	2.8447922E7	2.84943E7	
sp|Q05521|DPP1_YEAST	Q05521	DPP1_YEAST	DPP1	289	Saccharomyces cerevisiae (strain ATCC 204508 / S288c)	1:Experimental evidence at protein level	Diacylglycerol pyrophosphate phosphatase 1	0.9636	0.9989	1	4	4	4	1	1	2	1	1	2	1	1	2	3424700.2	3311864.5	4200171.0	3424700.2	3311864.5	4200171.0	
sp|Q05543|RT103_YEAST	Q05543	RT103_YEAST	RTT103	409	Saccharomyces cerevisiae (strain ATCC 204508 / S288c)	1:Experimental evidence at protein level	Regulator of Ty1 transposition protein 103	0.8666	0.9954	1	1	1	1	1	0	0	1	0	0	1	0	0	2048688.6	0.0	2419316.0	2048688.6	0.0	2419316.0	
sp|Q05567|SGPL_YEAST	Q05567	SGPL_YEAST	DPL1	589	Saccharomyces cerevisiae (strain ATCC 204508 / S288c)	1:Experimental evidence at protein level	Sphingosine-1-phosphate lyase	1.0	0.999	8	18	18	18	5	6	7	5	6	7	5	6	7	2.899887E7	2.7262138E7	4.575794E7	7366302.0	8169607.5	1.0974861E7	
sp|Q05583|CIAO1_YEAST	Q05583	CIAO1_YEAST	CIA1	330	Saccharomyces cerevisiae (strain ATCC 204508 / S288c)	1:Experimental evidence at protein level	Cytosolic iron-sulfur protein assembly protein 1	0.6724	0.9857	1	1	1	1	0	1	0	0	1	0	0	1	0	0.0	0.0	0.0	0.0	0.0	0.0	
sp|Q05584|GLO2_YEAST	Q05584	GLO2_YEAST	GLO2	274	Saccharomyces cerevisiae (strain ATCC 204508 / S288c)	1:Experimental evidence at protein level	Hydroxyacylglutathione hydrolase, cytoplasmic isozyme	1.0	0.999	3	7	7	7	3	3	1	3	3	1	3	3	1	2.3364364E7	2.5745074E7	2.340245E7	1.0149294E7	1.1237179E7	1.003144E7	
sp|Q05636|RRP45_YEAST	Q05636	RRP45_YEAST	RRP45	305	Saccharomyces cerevisiae (strain ATCC 204508 / S288c)	1:Experimental evidence at protein level	Exosome complex component RRP45	1.0	0.9979	4	8	8	8	3	2	3	3	2	3	3	2	3	5.9301544E7	4.9535484E7	5.031842E7	4.7445004E7	4.5322296E7	4.8912196E7	
sp|Q05775|EIF3J_YEAST	Q05775	EIF3J_YEAST	HCR1	265	Saccharomyces cerevisiae (strain ATCC 204508 / S288c)	1:Experimental evidence at protein level	Eukaryotic translation initiation factor 3 subunit J	1.0	0.999	6	25	25	25	9	8	8	9	8	8	9	8	8	1.09667352E8	9.8452896E7	8.5546184E7	2.9777174E7	2.7251762E7	2.7861746E7	
sp|Q05778|POC1_YEAST	Q05778	POC1_YEAST	PBA1	276	Saccharomyces cerevisiae (strain ATCC 204508 / S288c)	1:Experimental evidence at protein level	Proteasome chaperone 1	0.964	0.9989	1	1	1	1	0	1	0	0	1	0	0	1	0	0.0	0.0	0.0	0.0	0.0	0.0	
sp|Q05785|ENT2_YEAST	Q05785	ENT2_YEAST	ENT2	613	Saccharomyces cerevisiae (strain ATCC 204508 / S288c)	1:Experimental evidence at protein level	Epsin-2	1.0	0.999	3	6	6	6	3	1	2	3	1	2	3	1	2	8285519.0	8296648.0	1.0430556E7	3532316.0	3653987.0	4429234.5	
sp|Q05788|PNPH_YEAST	Q05788	PNPH_YEAST	PNP1	311	Saccharomyces cerevisiae (strain ATCC 204508 / S288c)	1:Experimental evidence at protein level	Purine nucleoside phosphorylase	1.0	0.999	2	7	7	7	2	2	3	2	2	3	2	2	3	1.3784283E7	1.5091311E7	2.3892218E7	1.3784283E7	1.5091311E7	2.0386838E7	
sp|Q05874|EFM7_YEAST	Q05874	EFM7_YEAST	NNT1	261	Saccharomyces cerevisiae (strain ATCC 204508 / S288c)	1:Experimental evidence at protein level	Protein N-terminal and lysine N-methyltransferase EFM7	0.9674	0.999	1	4	4	4	1	2	1	1	2	1	1	2	1	2830280.2	3708281.0	4828064.5	2830280.2	3708281.0	4828064.5	
sp|Q05905|HRI1_YEAST	Q05905	HRI1_YEAST	HRI1	244	Saccharomyces cerevisiae (strain ATCC 204508 / S288c)	1:Experimental evidence at protein level	Protein HRI1	1.0	0.999	8	42	42	42	14	15	13	14	15	13	14	15	13	1.76906352E8	1.81510032E8	1.48704048E8	3.6836984E7	3.86615E7	3.9994264E7	
sp|Q05911|PUR8_YEAST	Q05911	PUR8_YEAST	ADE13	482	Saccharomyces cerevisiae (strain ATCC 204508 / S288c)	1:Experimental evidence at protein level	Adenylosuccinate lyase	1.0	0.999	18	111	111	111	39	34	38	39	34	38	39	34	38	6.2166317E8	5.1754368E8	8.138704E8	1.04884664E8	9.141984E7	9.9170256E7	
sp|Q05933|ARPC3_YEAST	Q05933	ARPC3_YEAST	ARC18	178	Saccharomyces cerevisiae (strain ATCC 204508 / S288c)	1:Experimental evidence at protein level	Actin-related protein 2/3 complex subunit 3	1.0	0.999	4	12	12	12	4	5	3	4	5	3	4	5	3	5.1787376E7	5.4364864E7	5.6745132E7	1.8581076E7	1.9008612E7	2.045053E7	
sp|Q05946|UTP13_YEAST	Q05946	UTP13_YEAST	UTP13	817	Saccharomyces cerevisiae (strain ATCC 204508 / S288c)	1:Experimental evidence at protein level	U3 small nucleolar RNA-associated protein 13	0.6311	0.9829	1	1	1	1	1	0	0	1	0	0	1	0	0	1484111.4	0.0	0.0	0.0	0.0	0.0	
sp|Q05948|YL225_YEAST	Q05948	YL225_YEAST	YLR225C	407	Saccharomyces cerevisiae (strain ATCC 204508 / S288c)	1:Experimental evidence at protein level	Uncharacterized SVF1-like protein YLR225C	0.967	0.999	1	2	2	2	1	1	0	1	1	0	1	1	0	4682098.0	4735319.5	0.0	4682098.0	4735319.5	0.0	
sp|Q06010|STE23_YEAST	Q06010	STE23_YEAST	STE23	1027	Saccharomyces cerevisiae (strain ATCC 204508 / S288c)	1:Experimental evidence at protein level	A-factor-processing enzyme	1.0	0.9989	5	8	8	8	6	1	1	6	1	1	6	1	1	1.7588432E7	1.3311249E7	1.0471879E7	5403869.0	5670252.5	4698760.0	
sp|Q06053|DUS3_YEAST	Q06053	DUS3_YEAST	DUS3	668	Saccharomyces cerevisiae (strain ATCC 204508 / S288c)	1:Experimental evidence at protein level	tRNA-dihydrouridine(47) synthase [NAD(P)(+)]	0.6141	0.9817	1	1	1	1	0	0	1	0	0	1	0	0	1	0.0	0.0	2912057.8	0.0	0.0	0.0	
sp|Q06089|YP098_YEAST	Q06089	YP098_YEAST	YPR098C	161	Saccharomyces cerevisiae (strain ATCC 204508 / S288c)	1:Experimental evidence at protein level	Uncharacterized mitochondrial outer membrane protein YPR098C	0.9674	0.999	1	3	3	3	1	1	1	1	1	1	1	1	1	9665131.0	4782169.5	8178517.5	9665131.0	4782169.5	8178517.5	
sp|Q06103|RPN7_YEAST	Q06103	RPN7_YEAST	RPN7	429	Saccharomyces cerevisiae (strain ATCC 204508 / S288c)	1:Experimental evidence at protein level	26S proteasome regulatory subunit RPN7	1.0	0.999	10	32	32	32	11	12	9	11	12	9	11	12	9	1.43104848E8	1.36117648E8	1.26287256E8	2.4027966E7	2.1569298E7	2.2390772E7	
sp|Q06142|IMB1_YEAST	Q06142	IMB1_YEAST	KAP95	861	Saccharomyces cerevisiae (strain ATCC 204508 / S288c)	1:Experimental evidence at protein level	Importin subunit beta-1	1.0	0.999	3	8	8	8	2	3	3	2	3	3	2	3	3	1.0811798E7	1.0795944E7	1.0758046E7	1.0151951E7	1.3051533E7	5874372.0	
sp|Q06143|DIC1_YEAST	Q06143	DIC1_YEAST	DIC1	298	Saccharomyces cerevisiae (strain ATCC 204508 / S288c)	1:Experimental evidence at protein level	Mitochondrial dicarboxylate transporter	0.955	0.9986	1	2	2	2	1	1	0	1	1	0	1	1	0	2143377.5	2519852.5	2912057.8	2143377.5	2519852.5	2912057.8	
sp|Q06144|ORM2_YEAST	Q06144	ORM2_YEAST	ORM2	216	Saccharomyces cerevisiae (strain ATCC 204508 / S288c)	1:Experimental evidence at protein level	Protein ORM2	1.0	0.999	3	21	9	21	7	6	8	3	3	3	7	6	8	3.00786E7	3.521204E7	4.082658E7	1.1693806E7	1.3972576E7	1.5363706E7	
sp|Q06146|YL257_YEAST	Q06146	YL257_YEAST	YLR257W	321	Saccharomyces cerevisiae (strain ATCC 204508 / S288c)	1:Experimental evidence at protein level	Uncharacterized protein YLR257W	1.0	0.999	7	16	16	16	6	4	6	6	4	6	6	4	6	4.3776724E7	4.5773488E7	4.6629736E7	1.1677285E7	1.300066E7	1.2031028E7	
sp|Q06151|DCPS_YEAST	Q06151	DCPS_YEAST	DCS1	350	Saccharomyces cerevisiae (strain ATCC 204508 / S288c)	1:Experimental evidence at protein level	m7GpppX diphosphatase	1.0	0.999	12	45	44	45	17	16	12	16	16	12	17	16	12	2.7880784E8	1.01816848E8	1.45288992E8	4.6679584E7	4.8453732E7	4.970038E7	
sp|Q06156|CND1_YEAST	Q06156	CND1_YEAST	YCS4	1176	Saccharomyces cerevisiae (strain ATCC 204508 / S288c)	1:Experimental evidence at protein level	Condensin complex subunit 1	0.7855	0.9919	1	7	7	7	2	3	2	2	3	2	2	3	2	3.7010668E7	1.8448874E7	3.4309656E7	2.3955754E7	1.2771746E7	2.1352048E7	
sp|Q06168|SFH1_YEAST	Q06168	SFH1_YEAST	SFH1	426	Saccharomyces cerevisiae (strain ATCC 204508 / S288c)	1:Experimental evidence at protein level	Chromatin structure-remodeling complex subunit SFH1	0.9674	0.999	1	1	1	1	0	0	1	0	0	1	0	0	1	1484890.0	1728900.5	2069754.2	1484890.0	1728900.5	2069754.2	
sp|Q06169|PEX30_YEAST	Q06169	PEX30_YEAST	PEX30	523	Saccharomyces cerevisiae (strain ATCC 204508 / S288c)	1:Experimental evidence at protein level	Peroxisomal membrane protein PEX30	0.967	0.999	1	1	1	1	1	0	0	1	0	0	1	0	0	3100781.0	3654230.5	2491297.5	3100781.0	3654230.5	2491297.5	
sp|Q06177|TMA10_YEAST	Q06177	TMA10_YEAST	TMA10	86	Saccharomyces cerevisiae (strain ATCC 204508 / S288c)	1:Experimental evidence at protein level	Translation machinery-associated protein 10	1.0	0.999	4	35	35	35	10	13	12	10	13	12	10	13	12	1.557508E8	1.41128528E8	1.32467424E8	8.9135752E7	7.6950728E7	6.9068984E7	
sp|Q06178|NMA1_YEAST	Q06178	NMA1_YEAST	NMA1	401	Saccharomyces cerevisiae (strain ATCC 204508 / S288c)	1:Experimental evidence at protein level	Nicotinamide/nicotinic acid mononucleotide adenylyltransferase 1	0.9674	0.999	1	4	4	4	2	2	0	2	2	0	2	2	0	2422508.2	2753706.5	4315260.5	2422508.2	2753706.5	4315260.5	
sp|Q06179|FMP27_YEAST	Q06179	FMP27_YEAST	FMP27	2628	Saccharomyces cerevisiae (strain ATCC 204508 / S288c)	1:Experimental evidence at protein level	Protein FMP27, mitochondrial	0.9968	0.9981	3	6	6	6	1	2	3	1	2	3	1	2	3	1.6235836E7	7578152.5	1.8861524E7	1.2152698E7	5701267.5	1.4802647E7	
sp|Q06205|FKBP4_YEAST	Q06205	FKBP4_YEAST	FPR4	392	Saccharomyces cerevisiae (strain ATCC 204508 / S288c)	1:Experimental evidence at protein level	FK506-binding protein 4	1.0	0.999	4	7	7	7	2	2	3	2	2	3	2	2	3	1.5497183E7	2.7181348E7	3.1453158E7	7662440.0	9706808.0	1.2526453E7	
sp|Q06214|JIP5_YEAST	Q06214	JIP5_YEAST	JIP5	492	Saccharomyces cerevisiae (strain ATCC 204508 / S288c)	1:Experimental evidence at protein level	WD repeat-containing protein JIP5	0.9165	0.9973	1	2	2	2	1	0	1	1	0	1	1	0	1	3239805.8	2365739.5	980683.8	3239805.8	2365739.5	980683.8	
sp|Q06217|SMD2_YEAST	Q06217	SMD2_YEAST	SMD2	110	Saccharomyces cerevisiae (strain ATCC 204508 / S288c)	1:Experimental evidence at protein level	Small nuclear ribonucleoprotein Sm D2	0.9645	0.9989	1	3	3	3	1	1	1	1	1	1	1	1	1	3183806.2	2270247.2	2904660.5	3183806.2	2270247.2	2904660.5	
sp|Q06218|DBP9_YEAST	Q06218	DBP9_YEAST	DBP9	594	Saccharomyces cerevisiae (strain ATCC 204508 / S288c)	1:Experimental evidence at protein level	ATP-dependent RNA helicase DBP9	0.8173	0.9934	1	1	1	1	0	0	1	0	0	1	0	0	1	2418213.8	2095511.6	2800705.2	2418213.8	2095511.6	2800705.2	
sp|Q06252|YL179_YEAST	Q06252	YL179_YEAST	YLR179C	201	Saccharomyces cerevisiae (strain ATCC 204508 / S288c)	1:Experimental evidence at protein level	Uncharacterized protein YLR179C	1.0	0.999	7	47	47	47	14	16	17	14	16	17	14	16	17	1.29906944E8	1.51285904E8	1.523768E8	4.0059116E7	5.1084036E7	4.9793696E7	
sp|Q06287|NEP1_YEAST	Q06287	NEP1_YEAST	EMG1	252	Saccharomyces cerevisiae (strain ATCC 204508 / S288c)	1:Experimental evidence at protein level	Ribosomal RNA small subunit methyltransferase NEP1	1.0	0.999	2	4	4	4	1	2	1	1	2	1	1	2	1	4715358.5	5038639.0	5801937.5	2652975.5	2845273.5	3265252.5	
sp|Q06336|GGA1_YEAST	Q06336	GGA1_YEAST	GGA1	557	Saccharomyces cerevisiae (strain ATCC 204508 / S288c)	1:Experimental evidence at protein level	ADP-ribosylation factor-binding protein GGA1	1.0	0.999	3	8	8	8	4	1	3	4	1	3	4	1	3	1.5822662E7	8131790.0	9035592.0	5278205.5	4460518.0	4960646.5	
sp|Q06344|ESF1_YEAST	Q06344	ESF1_YEAST	ESF1	628	Saccharomyces cerevisiae (strain ATCC 204508 / S288c)	1:Experimental evidence at protein level	Pre-rRNA-processing protein ESF1	0.9923	0.9982	2	2	2	2	2	0	0	2	0	0	2	0	0	4195660.5	0.0	2137116.0	2791410.0	0.0	2137116.0	
sp|Q06385|VPS74_YEAST	Q06385	VPS74_YEAST	VPS74	345	Saccharomyces cerevisiae (strain ATCC 204508 / S288c)	1:Experimental evidence at protein level	Vacuolar protein sorting-associated protein 74	1.0	0.999	3	7	7	7	2	2	3	2	2	3	2	2	3	1.763576E7	1.7069148E7	1.6319202E7	1.3958937E7	1.314789E7	1.1699236E7	
sp|Q06406|LSM6_YEAST	Q06406	LSM6_YEAST	LSM6	86	Saccharomyces cerevisiae (strain ATCC 204508 / S288c)	1:Experimental evidence at protein level	U6 snRNA-associated Sm-like protein LSm6	1.0	0.999	2	11	11	11	4	3	4	4	3	4	4	3	4	2.3338924E7	2.2989848E7	2.4149868E7	1.2854362E7	1.2747847E7	1.3465239E7	
sp|Q06440|CORO_YEAST	Q06440	CORO_YEAST	CRN1	651	Saccharomyces cerevisiae (strain ATCC 204508 / S288c)	1:Experimental evidence at protein level	Coronin-like protein	1.0	0.999	9	18	18	18	6	7	5	6	7	5	6	7	5	5.3599232E7	5.9436768E7	5.7177588E7	1.1782827E7	1.3286013E7	1.2825716E7	
sp|Q06449|PIN3_YEAST	Q06449	PIN3_YEAST	PIN3	215	Saccharomyces cerevisiae (strain ATCC 204508 / S288c)	1:Experimental evidence at protein level	[PSI+] inducibility protein 3	1.0	0.999	3	7	7	7	1	3	3	1	3	3	1	3	3	4.1482536E7	5.0989672E7	2.8725442E7	2.4044108E7	2.171919E7	2.342655E7	
sp|Q06485|ATG33_YEAST	Q06485	ATG33_YEAST	ATG33	197	Saccharomyces cerevisiae (strain ATCC 204508 / S288c)	1:Experimental evidence at protein level	Autophagy-related protein 33	0.9674	0.999	1	3	3	3	1	1	1	1	1	1	1	1	1	1.4493843E7	1.5925345E7	2.3656174E7	1.4493843E7	1.5925345E7	2.3656174E7	
sp|Q06489|MTNA_YEAST	Q06489	MTNA_YEAST	MRI1	411	Saccharomyces cerevisiae (strain ATCC 204508 / S288c)	1:Experimental evidence at protein level	Methylthioribose-1-phosphate isomerase	1.0	0.999	5	12	12	12	5	5	2	5	5	2	5	5	2	2.898279E7	3.5366592E7	2.8459462E7	9696539.0	1.1714627E7	9959165.0	
sp|Q06493|YLH47_YEAST	Q06493	YLH47_YEAST	YLH47	454	Saccharomyces cerevisiae (strain ATCC 204508 / S288c)	1:Experimental evidence at protein level	LETM1 domain-containing protein YLH47, mitochondrial	0.9892	0.9901	2	2	2	2	2	0	0	2	0	0	2	0	0	7583054.0	7417356.5	5542700.0	5567469.0	5321426.0	4250790.5	
sp|Q06494|PLR1_YEAST	Q06494	PLR1_YEAST	YPR127W	345	Saccharomyces cerevisiae (strain ATCC 204508 / S288c)	1:Experimental evidence at protein level	Putative pyridoxal reductase	1.0	0.999	5	7	7	7	4	2	1	4	2	1	4	2	1	2.4235524E7	1.6123244E7	9054177.0	8666296.0	6236328.0	5546406.0	
sp|Q06505|IWS1_YEAST	Q06505	IWS1_YEAST	SPN1	410	Saccharomyces cerevisiae (strain ATCC 204508 / S288c)	1:Experimental evidence at protein level	Transcription factor SPN1	1.0	0.999	5	9	9	9	3	2	4	3	2	4	3	2	4	4.450034E7	1.10856456E8	1.37091264E8	5.0402028E7	7.2992736E7	8.692788E7	
sp|Q06511|RRP15_YEAST	Q06511	RRP15_YEAST	RRP15	250	Saccharomyces cerevisiae (strain ATCC 204508 / S288c)	1:Experimental evidence at protein level	Ribosomal RNA-processing protein 15	0.7926	0.9923	1	1	1	1	0	1	0	0	1	0	0	1	0	4113574.5	3469332.0	6499136.0	4113574.5	3469332.0	6499136.0	
sp|Q06523|YP148_YEAST	Q06523	YP148_YEAST	YPR148C	435	Saccharomyces cerevisiae (strain ATCC 204508 / S288c)	1:Experimental evidence at protein level	Uncharacterized protein YPR148C	1.0	0.999	6	13	13	13	4	4	5	4	4	5	4	4	5	5.060936E7	5.4279472E7	5.415834E7	1.1480319E7	1.1367492E7	1.4148049E7	
sp|Q06608|PDXH_YEAST	Q06608	PDXH_YEAST	YPR172W	200	Saccharomyces cerevisiae (strain ATCC 204508 / S288c)	1:Experimental evidence at protein level	Pyridoxamine 5'-phosphate oxidase homolog	0.9594	0.9987	1	1	1	1	0	1	0	0	1	0	0	1	0	8149961.5	6014941.5	6954346.0	8149961.5	6014941.5	6954346.0	
sp|Q06624|RHC31_YEAST	Q06624	RHC31_YEAST	AOS1	347	Saccharomyces cerevisiae (strain ATCC 204508 / S288c)	1:Experimental evidence at protein level	DNA damage tolerance protein RHC31	0.9976	0.999	2	4	4	4	2	1	1	2	1	1	2	1	1	1.4002581E7	1.514813E7	1.1355199E7	8269125.5	8934787.0	6892877.5	
sp|Q06625|GDE_YEAST	Q06625	GDE_YEAST	GDB1	1536	Saccharomyces cerevisiae (strain ATCC 204508 / S288c)	1:Experimental evidence at protein level	Glycogen debranching enzyme	1.0	0.999	16	40	40	40	16	12	12	16	12	12	16	12	12	2.59558544E8	8.3218E7	3.0131776E8	8.0502944E7	8.9229016E7	8.3422896E7	
sp|Q06630|MHR1_YEAST	Q06630	MHR1_YEAST	MHR1	226	Saccharomyces cerevisiae (strain ATCC 204508 / S288c)	1:Experimental evidence at protein level	Mitochondrial homologous recombination protein 1	0.98	0.9949	1	7	7	7	3	2	2	3	2	2	3	2	2	0.0	0.0	0.0	0.0	0.0	0.0	
sp|Q06639|RSC3_YEAST	Q06639	RSC3_YEAST	RSC3	885	Saccharomyces cerevisiae (strain ATCC 204508 / S288c)	1:Experimental evidence at protein level	Chromatin structure-remodeling complex protein RSC3	0.8165	0.9934	1	15	15	15	6	6	3	6	6	3	6	6	3	2.63842752E8	3.15437824E8	2.9936368E8	2.63842752E8	3.15437824E8	2.9936368E8	
sp|Q06679|UTP4_YEAST	Q06679	UTP4_YEAST	UTP4	776	Saccharomyces cerevisiae (strain ATCC 204508 / S288c)	1:Experimental evidence at protein level	U3 small nucleolar RNA-associated protein 4	0.8979	0.9966	1	2	2	2	2	0	0	2	0	0	2	0	0	2368192.8	2273753.0	2282697.8	2368192.8	2273753.0	2282697.8	
sp|Q06685|VIP1_YEAST	Q06685	VIP1_YEAST	VIP1	1146	Saccharomyces cerevisiae (strain ATCC 204508 / S288c)	1:Experimental evidence at protein level	Inositol hexakisphosphate and diphosphoinositol-pentakisphosphate kinase	1.0	0.999	16	26	26	26	9	8	9	9	8	9	9	8	9	8.9867024E7	9.4254432E7	8.4886712E7	1.1251003E7	1.1523803E7	1.1304081E7	
sp|Q06697|CDC73_YEAST	Q06697	CDC73_YEAST	CDC73	393	Saccharomyces cerevisiae (strain ATCC 204508 / S288c)	1:Experimental evidence at protein level	Cell division control protein 73	0.9999	0.999	2	5	5	5	2	1	2	2	1	2	2	1	2	2413210.5	2596177.8	1.1108334E7	3108163.5	3343821.5	4561457.0	
sp|Q06704|IMH1_YEAST	Q06704	IMH1_YEAST	IMH1	911	Saccharomyces cerevisiae (strain ATCC 204508 / S288c)	1:Experimental evidence at protein level	Golgin IMH1	0.9989	0.999	3	5	5	5	2	1	2	2	1	2	2	1	2	4009403.5	3783104.2	4046338.0	2337039.2	2228993.0	2331169.8	
sp|Q06705|CSR1_YEAST	Q06705	CSR1_YEAST	CSR1	408	Saccharomyces cerevisiae (strain ATCC 204508 / S288c)	1:Experimental evidence at protein level	Phosphatidylinositol transfer protein CSR1	1.0	0.999	3	7	7	7	2	2	3	2	2	3	2	2	3	1.491634E7	1.614492E7	1.7084036E7	5900423.0	6841214.5	7179203.0	
sp|Q06706|ELP1_YEAST	Q06706	ELP1_YEAST	IKI3	1349	Saccharomyces cerevisiae (strain ATCC 204508 / S288c)	1:Experimental evidence at protein level	Elongator complex protein 1	1.0	0.999	7	16	16	16	5	6	5	5	6	5	5	6	5	1.06643248E8	2.1252226E7	3.0183894E7	1.9741228E7	1.96369E7	2.3475288E7	
sp|Q06833|NVJ2_YEAST	Q06833	NVJ2_YEAST	NVJ2	770	Saccharomyces cerevisiae (strain ATCC 204508 / S288c)	1:Experimental evidence at protein level	Nucleus-vacuole junction protein 2	0.9999	0.999	3	4	4	4	3	1	0	3	1	0	3	1	0	2733760.5	4364566.0	4644481.5	1874351.4	2753374.8	3058163.0	
sp|Q06839|YP097_YEAST	Q06839	YP097_YEAST	YPR097W	1073	Saccharomyces cerevisiae (strain ATCC 204508 / S288c)	1:Experimental evidence at protein level	PX domain-containing protein YPR097W	1.0	0.999	5	8	8	8	2	3	3	2	3	3	2	3	3	2.24992E7	2.555257E7	3.3436008E7	1.9850668E7	1.5750766E7	2.3308504E7	
sp|Q06991|PUN1_YEAST	Q06991	PUN1_YEAST	PUN1	263	Saccharomyces cerevisiae (strain ATCC 204508 / S288c)	1:Experimental evidence at protein level	Protein PUN1	0.9998	0.999	2	12	12	12	4	4	4	4	4	4	4	4	4	2.1079092E7	2.4426516E7	2.2835728E7	1.1395115E7	1.3089232E7	1.2334521E7	
sp|Q07418|PEX19_YEAST	Q07418	PEX19_YEAST	PEX19	342	Saccharomyces cerevisiae (strain ATCC 204508 / S288c)	1:Experimental evidence at protein level	Peroxisomal membrane protein import receptor PEX19	0.9674	0.999	1	2	2	2	1	0	1	1	0	1	1	0	1	4889549.0	0.0	5316742.0	4889549.0	0.0	5316742.0	
sp|Q07451|YET3_YEAST	Q07451	YET3_YEAST	YET3	203	Saccharomyces cerevisiae (strain ATCC 204508 / S288c)	1:Experimental evidence at protein level	Endoplasmic reticulum transmembrane protein 3	1.0	0.999	3	22	22	22	6	8	8	6	8	8	6	8	8	8.6918976E7	8.7995384E7	9.0049496E7	3.1077946E7	3.199442E7	3.6473544E7	
sp|Q07457|BRE1_YEAST	Q07457	BRE1_YEAST	BRE1	700	Saccharomyces cerevisiae (strain ATCC 204508 / S288c)	1:Experimental evidence at protein level	E3 ubiquitin-protein ligase BRE1	0.9566	0.9987	1	1	1	1	1	0	0	1	0	0	1	0	0	5143364.0	0.0	0.0	0.0	0.0	0.0	
sp|Q07478|SUB2_YEAST	Q07478	SUB2_YEAST	SUB2	446	Saccharomyces cerevisiae (strain ATCC 204508 / S288c)	1:Experimental evidence at protein level	ATP-dependent RNA helicase SUB2	1.0	0.999	15	136	136	136	44	46	46	44	46	46	44	46	46	5.4369574E8	4.95884224E8	5.23394688E8	5.6936016E7	5.1084032E7	5.2697248E7	
sp|Q07505|DLHH_YEAST	Q07505	DLHH_YEAST	YDL086W	273	Saccharomyces cerevisiae (strain ATCC 204508 / S288c)	1:Experimental evidence at protein level	Putative carboxymethylenebutenolidase	1.0	0.999	6	13	13	13	6	3	4	6	3	4	6	3	4	2.7285814E7	2.7894392E7	2.6894642E7	9261835.0	9779949.0	1.2404596E7	
sp|Q07541|EXP1_YEAST	Q07541	EXP1_YEAST	EXP1	149	Saccharomyces cerevisiae (strain ATCC 204508 / S288c)	1:Experimental evidence at protein level	ER export of PMA1 protein 1	0.9999	0.9985	1	4	4	4	2	1	1	2	1	1	2	1	1	9545874.0	6039293.0	5937378.5	4738814.0	3073778.8	2920588.8	
sp|Q07551|KAR_YEAST	Q07551	KAR_YEAST	YDL124W	312	Saccharomyces cerevisiae (strain ATCC 204508 / S288c)	1:Experimental evidence at protein level	NADPH-dependent alpha-keto amide reductase	1.0	0.999	15	126	126	126	40	46	40	40	46	40	40	46	40	5.26394592E8	5.33244864E8	5.5762285E8	7.2517752E7	6.7361064E7	7.0705824E7	
sp|Q07648|DTD_YEAST	Q07648	DTD_YEAST	DTD1	150	Saccharomyces cerevisiae (strain ATCC 204508 / S288c)	1:Experimental evidence at protein level	D-aminoacyl-tRNA deacylase	1.0	0.999	3	6	6	6	3	1	2	3	1	2	3	1	2	1.9328562E7	1.3841572E7	1.7531556E7	7000672.5	6163380.5	6477989.0	
sp|Q07651|FMP45_YEAST	Q07651	FMP45_YEAST	FMP45	309	Saccharomyces cerevisiae (strain ATCC 204508 / S288c)	1:Experimental evidence at protein level	SUR7 family protein FMP45	0.9662	0.999	1	1	1	1	1	0	0	1	0	0	1	0	0	5744796.5	7028793.0	4497995.0	5744796.5	7028793.0	4497995.0	
sp|Q07653|HBT1_YEAST	Q07653	HBT1_YEAST	HBT1	1046	Saccharomyces cerevisiae (strain ATCC 204508 / S288c)	1:Experimental evidence at protein level	Protein HBT1	1.0	0.999	3	3	3	3	1	1	1	1	1	1	1	1	1	6060624.0	7213070.5	7308322.0	3621029.5	2839693.8	2907300.5	
sp|Q07657|SHS1_YEAST	Q07657	SHS1_YEAST	SHS1	551	Saccharomyces cerevisiae (strain ATCC 204508 / S288c)	1:Experimental evidence at protein level	Seventh homolog of septin 1	1.0	0.999	5	10	10	10	4	4	2	4	4	2	4	4	2	2.0306174E7	1.1906815E7	2.3112028E7	6831017.0	7355341.5	7394350.5	
sp|Q07688|YPD1_YEAST	Q07688	YPD1_YEAST	YPD1	167	Saccharomyces cerevisiae (strain ATCC 204508 / S288c)	1:Experimental evidence at protein level	Phosphorelay intermediate protein YPD1	0.9996	0.999	2	4	4	4	2	1	1	2	1	1	2	1	1	5770803.0	4052849.0	3929701.0	5770803.0	4052849.0	3929701.0	
sp|Q07807|PUF3_YEAST	Q07807	PUF3_YEAST	PUF3	879	Saccharomyces cerevisiae (strain ATCC 204508 / S288c)	1:Experimental evidence at protein level	mRNA-binding protein PUF3	1.0	0.999	5	12	12	12	6	2	4	6	2	4	6	2	4	3.7277952E7	2.0382622E7	2.9891364E7	1.435988E7	9811175.0	9464079.0	
sp|Q07824|TPO1_YEAST	Q07824	TPO1_YEAST	TPO1	586	Saccharomyces cerevisiae (strain ATCC 204508 / S288c)	1:Experimental evidence at protein level	Polyamine transporter 1	0.9277	0.9977	1	1	1	1	0	1	0	0	1	0	0	1	0	2721151.0	1560978.8	2007437.6	2721151.0	1560978.8	2007437.6	
sp|Q07825|FRA1_YEAST	Q07825	FRA1_YEAST	FRA1	749	Saccharomyces cerevisiae (strain ATCC 204508 / S288c)	1:Experimental evidence at protein level	Putative Xaa-Pro aminopeptidase FRA1	1.0	0.999	8	22	22	22	8	7	7	8	7	7	8	7	7	3.300952E7	3.285071E7	3.9839248E7	5593339.5	6198589.5	7493394.5	
sp|Q07878|VPS13_YEAST	Q07878	VPS13_YEAST	VPS13	3144	Saccharomyces cerevisiae (strain ATCC 204508 / S288c)	1:Experimental evidence at protein level	Intermembrane lipid transfer protein VPS13	1.0	0.999	7	12	12	12	5	1	6	5	1	6	5	1	6	2.1232678E7	1.5238268E7	1.9030614E7	5734094.5	5691305.0	6758164.0	
sp|Q07914|TIM14_YEAST	Q07914	TIM14_YEAST	PAM18	168	Saccharomyces cerevisiae (strain ATCC 204508 / S288c)	1:Experimental evidence at protein level	Mitochondrial import inner membrane translocase subunit TIM14	0.6122	0.9815	1	1	1	1	0	1	0	0	1	0	0	1	0	2663709.8	2856145.5	1400803.6	2663709.8	2856145.5	1400803.6	
sp|Q07915|RLP24_YEAST	Q07915	RLP24_YEAST	RLP24	199	Saccharomyces cerevisiae (strain ATCC 204508 / S288c)	1:Experimental evidence at protein level	Ribosome biogenesis protein RLP24	0.9674	0.999	1	3	3	3	1	1	1	1	1	1	1	1	1	6308935.5	6177126.0	5941907.0	6308935.5	6177126.0	5941907.0	
sp|Q07938|MTAP_YEAST	Q07938	MTAP_YEAST	MEU1	337	Saccharomyces cerevisiae (strain ATCC 204508 / S288c)	1:Experimental evidence at protein level	S-methyl-5'-thioadenosine phosphorylase	0.9672	0.999	1	1	1	1	0	1	0	0	1	0	0	1	0	4169334.8	4817114.0	5715843.0	4169334.8	4817114.0	5715843.0	
sp|Q08162|RRP44_YEAST	Q08162	RRP44_YEAST	DIS3	1001	Saccharomyces cerevisiae (strain ATCC 204508 / S288c)	1:Experimental evidence at protein level	Exosome complex exonuclease DIS3	1.0	0.999	3	3	3	3	1	1	1	1	1	1	1	1	1	2.0365982E7	1.4302726E7	1.8346334E7	1.0275712E7	1.2463194E7	1.2434234E7	
sp|Q08179|MDM38_YEAST	Q08179	MDM38_YEAST	MDM38	573	Saccharomyces cerevisiae (strain ATCC 204508 / S288c)	1:Experimental evidence at protein level	Mitochondrial distribution and morphology protein 38	1.0	0.999	5	13	13	13	5	2	6	5	2	6	5	2	6	2.3391598E7	2.4539196E7	1.98734E7	7244078.5	7734804.0	6134313.5	
sp|Q08193|GAS5_YEAST	Q08193	GAS5_YEAST	GAS5	484	Saccharomyces cerevisiae (strain ATCC 204508 / S288c)	1:Experimental evidence at protein level	1,3-beta-glucanosyltransferase GAS5	1.0	0.999	5	17	17	17	5	6	6	5	6	6	5	6	6	5.0383568E7	5.9458028E7	5.130342E7	1.6214353E7	1.3184281E7	1.4528216E7	
sp|Q08208|NOP12_YEAST	Q08208	NOP12_YEAST	NOP12	459	Saccharomyces cerevisiae (strain ATCC 204508 / S288c)	1:Experimental evidence at protein level	Nucleolar protein 12	1.0	0.999	2	3	3	3	0	3	0	0	3	0	0	3	0	9967518.0	1.0386717E7	9147790.0	5275559.0	5496111.0	4839338.0	
sp|Q08220|GSHB_YEAST	Q08220	GSHB_YEAST	GSH2	491	Saccharomyces cerevisiae (strain ATCC 204508 / S288c)	1:Experimental evidence at protein level	Glutathione synthetase GSH2	1.0	0.999	9	19	19	19	8	6	5	8	6	5	8	6	5	4.6002972E7	3.908076E7	3.3016752E7	1.1028404E7	1.1006838E7	1.096343E7	
sp|Q08225|DPP3_YEAST	Q08225	DPP3_YEAST	YOL057W	711	Saccharomyces cerevisiae (strain ATCC 204508 / S288c)	1:Experimental evidence at protein level	Probable dipeptidyl peptidase 3	1.0	0.999	5	10	10	10	5	2	3	5	2	3	5	2	3	2.0814104E7	1.843292E7	2.1200812E7	7384628.5	6895388.5	7022899.5	
sp|Q08230|SDHF2_YEAST	Q08230	SDHF2_YEAST	SDH5	162	Saccharomyces cerevisiae (strain ATCC 204508 / S288c)	1:Experimental evidence at protein level	Succinate dehydrogenase assembly factor 2, mitochondrial	0.9671	0.999	1	2	2	2	1	1	0	1	1	0	1	1	0	2287775.2	3552454.5	3166452.8	2287775.2	3552454.5	3166452.8	
sp|Q08235|BRX1_YEAST	Q08235	BRX1_YEAST	BRX1	291	Saccharomyces cerevisiae (strain ATCC 204508 / S288c)	1:Experimental evidence at protein level	Ribosome biogenesis protein BRX1	0.9998	0.999	3	6	6	6	3	1	2	3	1	2	3	1	2	1.68999E7	1.1766124E7	1.4275734E7	1.0470269E7	7153981.5	8775980.0	
sp|Q08245|ZEO1_YEAST	Q08245	ZEO1_YEAST	ZEO1	113	Saccharomyces cerevisiae (strain ATCC 204508 / S288c)	1:Experimental evidence at protein level	Protein ZEO1	1.0	0.999	5	83	83	83	26	28	29	26	28	29	26	28	29	8.7633274E8	9.4967341E8	9.0627501E8	2.13525568E8	2.44944416E8	2.22795648E8	
sp|Q08278|MED7_YEAST	Q08278	MED7_YEAST	MED7	222	Saccharomyces cerevisiae (strain ATCC 204508 / S288c)	1:Experimental evidence at protein level	Mediator of RNA polymerase II transcription subunit 7	0.8894	0.9963	1	1	1	1	1	0	0	1	0	0	1	0	0	2601455.8	2248647.0	3137096.2	2601455.8	2248647.0	3137096.2	
sp|Q08299|ENB1_YEAST	Q08299	ENB1_YEAST	ENB1	606	Saccharomyces cerevisiae (strain ATCC 204508 / S288c)	1:Experimental evidence at protein level	Siderophore iron transporter ENB1	1.0	0.999	4	9	9	9	4	2	3	4	2	3	4	2	3	2.2080282E7	2.6073096E7	2.5742812E7	9397765.0	8567212.0	8718794.0	
sp|Q08412|CUE5_YEAST	Q08412	CUE5_YEAST	CUE5	411	Saccharomyces cerevisiae (strain ATCC 204508 / S288c)	1:Experimental evidence at protein level	Ubiquitin-binding protein CUE5	1.0	0.999	10	25	25	25	9	9	7	9	9	7	9	9	7	6.0950952E7	7.3788744E7	5.5988356E7	1.3094496E7	1.4806634E7	1.3635669E7	
sp|Q08421|ETT1_YEAST	Q08421	ETT1_YEAST	ETT1	412	Saccharomyces cerevisiae (strain ATCC 204508 / S288c)	1:Experimental evidence at protein level	Enhancer of translation termination 1	1.0	0.999	9	27	27	27	11	9	7	11	9	7	11	9	7	6.5194612E7	5.8580688E7	5.7183964E7	1.5846677E7	1.5742494E7	1.5283003E7	
sp|Q08548|ALE1_YEAST	Q08548	ALE1_YEAST	ALE1	619	Saccharomyces cerevisiae (strain ATCC 204508 / S288c)	1:Experimental evidence at protein level	Lysophospholipid acyltransferase	0.9674	0.999	1	2	2	2	1	0	1	1	0	1	1	0	1	2426609.5	0.0	3936421.2	2426609.5	0.0	3936421.2	
sp|Q08601|MCA1_YEAST	Q08601	MCA1_YEAST	MCA1	432	Saccharomyces cerevisiae (strain ATCC 204508 / S288c)	1:Experimental evidence at protein level	Metacaspase-1	1.0	0.999	7	23	23	23	8	7	8	8	7	8	8	7	8	6.7355208E7	9.2981056E7	9.4102216E7	3.2099228E7	3.89471E7	4.3820972E7	
sp|Q08641|AB140_YEAST	Q08641	AB140_YEAST	ABP140	628	Saccharomyces cerevisiae (strain ATCC 204508 / S288c)	1:Experimental evidence at protein level	tRNA(Thr) (cytosine(32)-N(3))-methyltransferase	1.0	0.9988	3	3	3	3	2	0	1	2	0	1	2	0	1	8786941.0	8705425.0	8113232.0	4130054.8	4268668.0	3788417.5	
sp|Q08647|PUS7_YEAST	Q08647	PUS7_YEAST	PUS7	676	Saccharomyces cerevisiae (strain ATCC 204508 / S288c)	1:Experimental evidence at protein level	Multisubstrate pseudouridine synthase 7	1.0	0.999	2	3	3	3	2	1	0	2	1	0	2	1	0	7643182.0	8317382.0	8783412.0	5528027.0	5339228.0	6062187.5	
sp|Q08650|DGAT2_YEAST	Q08650	DGAT2_YEAST	DGA1	418	Saccharomyces cerevisiae (strain ATCC 204508 / S288c)	1:Experimental evidence at protein level	Diacylglycerol O-acyltransferase 1	0.6803	0.9862	1	2	2	2	1	0	1	1	0	1	1	0	1	1121842.9	0.0	1348864.8	1121842.9	0.0	1348864.8	
sp|Q08686|THTR_YEAST	Q08686	THTR_YEAST	TUM1	304	Saccharomyces cerevisiae (strain ATCC 204508 / S288c)	1:Experimental evidence at protein level	Thiosulfate sulfurtransferase TUM1	1.0	0.999	4	13	13	13	6	3	4	6	3	4	6	3	4	1.9761494E7	3.0403116E7	2.6125686E7	7527392.5	1.1494709E7	1.0208638E7	
sp|Q08689|NAT5_YEAST	Q08689	NAT5_YEAST	NAT5	176	Saccharomyces cerevisiae (strain ATCC 204508 / S288c)	1:Experimental evidence at protein level	N-alpha-acetyltransferase NAT5	0.9674	0.999	1	2	2	2	1	0	1	1	0	1	1	0	1	1.3650292E7	0.0	7586499.0	1.3650292E7	0.0	7586499.0	
sp|Q08723|RPN8_YEAST	Q08723	RPN8_YEAST	RPN8	338	Saccharomyces cerevisiae (strain ATCC 204508 / S288c)	1:Experimental evidence at protein level	26S proteasome regulatory subunit RPN8	1.0	0.999	10	22	22	22	10	6	6	10	6	6	10	6	6	9.2596696E7	1.10400544E8	1.23257256E8	3.471756E7	2.8073774E7	3.4569528E7	
sp|Q08732|HRK1_YEAST	Q08732	HRK1_YEAST	HRK1	759	Saccharomyces cerevisiae (strain ATCC 204508 / S288c)	1:Experimental evidence at protein level	Serine/threonine-protein kinase HRK1	1.0	0.999	2	6	6	6	2	2	2	2	2	2	2	2	2	0.0	0.0	0.0	0.0	0.0	0.0	
sp|Q08742|RDL2_YEAST	Q08742	RDL2_YEAST	RDL2	149	Saccharomyces cerevisiae (strain ATCC 204508 / S288c)	1:Experimental evidence at protein level	Thiosulfate sulfurtransferase RDL2, mitochondrial	1.0	0.999	3	5	5	5	2	1	2	2	1	2	2	1	2	1.2487698E7	1.0068204E7	1.4306606E7	8049039.0	6631543.5	7830304.5	
sp|Q08745|RS10A_YEAST	Q08745	RS10A_YEAST	RPS10A	105	Saccharomyces cerevisiae (strain ATCC 204508 / S288c)	1:Experimental evidence at protein level	40S ribosomal protein S10-A	1.0	0.999	5	98	14	98	32	34	32	4	5	5	32	34	32	5.15734688E8	6.4783283E8	5.8634445E8	2.48383136E8	2.86978816E8	2.68613216E8	
sp|Q08746|RRS1_YEAST	Q08746	RRS1_YEAST	RRS1	203	Saccharomyces cerevisiae (strain ATCC 204508 / S288c)	1:Experimental evidence at protein level	Regulator of ribosome biosynthesis	0.9673	0.999	1	2	2	2	1	1	0	1	1	0	1	1	0	4145841.2	4520110.5	4324181.0	4145841.2	4520110.5	4324181.0	
sp|Q08826|SNX3_YEAST	Q08826	SNX3_YEAST	SNX3	162	Saccharomyces cerevisiae (strain ATCC 204508 / S288c)	1:Experimental evidence at protein level	Sorting nexin-3	1.0	0.999	3	6	6	6	2	3	1	2	3	1	2	3	1	1.4411618E7	1.5657721E7	1.3103086E7	7033276.5	7777198.5	7091107.5	
sp|Q08920|NCBP2_YEAST	Q08920	NCBP2_YEAST	CBC2	208	Saccharomyces cerevisiae (strain ATCC 204508 / S288c)	1:Experimental evidence at protein level	Nuclear cap-binding protein subunit 2	0.9986	0.999	2	4	4	4	2	1	1	2	1	1	2	1	1	1.345581E7	1.3214366E7	9755358.0	7468073.5	7398325.5	5425399.0	
sp|Q08925|MRN1_YEAST	Q08925	MRN1_YEAST	MRN1	612	Saccharomyces cerevisiae (strain ATCC 204508 / S288c)	1:Experimental evidence at protein level	RNA-binding protein MRN1	1.0	0.999	2	3	3	3	2	0	1	2	0	1	2	0	1	7767700.5	8240596.0	1.0083084E7	4458978.0	4528329.0	5783876.5	
sp|Q08951|AP3D_YEAST	Q08951	AP3D_YEAST	APL5	932	Saccharomyces cerevisiae (strain ATCC 204508 / S288c)	1:Experimental evidence at protein level	AP-3 complex subunit delta	0.9674	0.999	1	1	1	1	0	1	0	0	1	0	0	1	0	1096505.1	1385084.9	1787197.6	1096505.1	1385084.9	1787197.6	
sp|Q08954|YP199_YEAST	Q08954	YP199_YEAST	YPL199C	240	Saccharomyces cerevisiae (strain ATCC 204508 / S288c)	1:Experimental evidence at protein level	Smr domain-containing protein YPL199C	0.9674	0.999	1	1	1	1	0	0	1	0	0	1	0	0	1	0.0	0.0	0.0	0.0	0.0	0.0	
sp|Q08959|PGC1_YEAST	Q08959	PGC1_YEAST	PGC1	321	Saccharomyces cerevisiae (strain ATCC 204508 / S288c)	1:Experimental evidence at protein level	Phosphatidylglycerol phospholipase C	0.999	0.999	2	3	3	3	1	0	2	1	0	2	1	0	2	3347788.8	9690074.0	8648480.0	4917004.5	4723999.5	4886339.0	
sp|Q08962|NIP7_YEAST	Q08962	NIP7_YEAST	NIP7	181	Saccharomyces cerevisiae (strain ATCC 204508 / S288c)	1:Experimental evidence at protein level	60S ribosome subunit biogenesis protein NIP7	1.0	0.999	3	6	6	6	3	1	2	3	1	2	3	1	2	1.7993926E7	1.8651528E7	1.8216864E7	6476204.5	5376919.0	6178051.5	
sp|Q08963|RU2A_YEAST	Q08963	RU2A_YEAST	LEA1	238	Saccharomyces cerevisiae (strain ATCC 204508 / S288c)	1:Experimental evidence at protein level	U2 small nuclear ribonucleoprotein A'	0.954	0.9986	1	1	1	1	0	0	1	0	0	1	0	0	1	1217573.8	1884779.5	2178256.5	1217573.8	1884779.5	2178256.5	
sp|Q08965|BMS1_YEAST	Q08965	BMS1_YEAST	BMS1	1183	Saccharomyces cerevisiae (strain ATCC 204508 / S288c)	1:Experimental evidence at protein level	Ribosome biogenesis protein BMS1	0.895	0.9965	1	1	1	1	0	1	0	0	1	0	0	1	0	4412103.5	8213383.0	0.0	4412103.5	8213383.0	0.0	
sp|Q08971|YP225_YEAST	Q08971	YP225_YEAST	YPL225W	146	Saccharomyces cerevisiae (strain ATCC 204508 / S288c)	1:Experimental evidence at protein level	Protein PBDC1 homolog	1.0	0.999	6	30	30	30	9	11	10	9	11	10	9	11	10	1.50555088E8	1.77508192E8	1.62905648E8	5.0361736E7	5.6420576E7	6.3459288E7	
sp|Q08972|NEW1_YEAST	Q08972	NEW1_YEAST	NEW1	1196	Saccharomyces cerevisiae (strain ATCC 204508 / S288c)	1:Experimental evidence at protein level	[NU+] prion formation protein 1	1.0	0.999	23	64	64	64	23	22	19	23	22	19	23	22	19	2.22445424E8	2.54161488E8	2.03615248E8	2.755529E7	2.9974126E7	3.2510604E7	
sp|Q08977|CUB1_YEAST	Q08977	CUB1_YEAST	CUB1	551	Saccharomyces cerevisiae (strain ATCC 204508 / S288c)	1:Experimental evidence at protein level	Cu(2+) suppressing and bleomycin sensitive protein 1	1.0	0.999	14	49	49	49	17	15	17	17	15	17	17	15	17	1.07774432E8	2.62993152E8	1.0591116E8	3.9618232E7	4.2161464E7	4.4621532E7	
sp|Q08985|SAM4_YEAST	Q08985	SAM4_YEAST	SAM4	325	Saccharomyces cerevisiae (strain ATCC 204508 / S288c)	1:Experimental evidence at protein level	Homocysteine S-methyltransferase 2	1.0	0.999	8	20	12	20	7	6	7	4	4	4	7	6	7	5.77933E7	5.8242816E7	5.4149044E7	1.1725928E7	1.2026433E7	1.0618773E7	
sp|Q10740|LKHA4_YEAST	Q10740	LKHA4_YEAST	LAP2	671	Saccharomyces cerevisiae (strain ATCC 204508 / S288c)	1:Experimental evidence at protein level	Leucine aminopeptidase 2	1.0	0.999	15	35	35	35	12	13	10	12	13	10	12	13	10	9.3763472E7	1.06271456E8	1.07357336E8	1.1342301E7	1.2886958E7	1.3824526E7	
sp|Q12008|PMG2_YEAST	Q12008	PMG2_YEAST	GPM2	311	Saccharomyces cerevisiae (strain ATCC 204508 / S288c)	1:Experimental evidence at protein level	Phosphoglycerate mutase 2	1.0	0.999	4	14	11	14	4	5	5	3	4	4	4	5	5	2.5100432E7	2.8892476E7	2.7183272E7	8907907.0	9419362.0	8943718.0	
sp|Q12009|TRMB_YEAST	Q12009	TRMB_YEAST	TRM8	286	Saccharomyces cerevisiae (strain ATCC 204508 / S288c)	1:Experimental evidence at protein level	tRNA (guanine-N(7)-)-methyltransferase	0.9667	0.999	1	2	2	2	0	1	1	0	1	1	0	1	1	4042874.2	9357805.0	0.0	4042874.2	9357805.0	0.0	
sp|Q12010|YPQ1_YEAST	Q12010	YPQ1_YEAST	YPQ1	308	Saccharomyces cerevisiae (strain ATCC 204508 / S288c)	1:Experimental evidence at protein level	Probable vacuolar amino acid transporter YPQ1	0.9656	0.9989	1	1	1	1	0	0	1	0	0	1	0	0	1	0.0	0.0	0.0	0.0	0.0	0.0	
sp|Q12012|YO289_YEAST	Q12012	YO289_YEAST	YOR289W	251	Saccharomyces cerevisiae (strain ATCC 204508 / S288c)	1:Experimental evidence at protein level	Uncharacterized protein YOR289W	0.9674	0.999	1	3	3	3	1	1	1	1	1	1	1	1	1	6875766.0	8654017.0	6496796.0	6875766.0	8654017.0	6496796.0	
sp|Q12017|PLP2_YEAST	Q12017	PLP2_YEAST	PLP2	286	Saccharomyces cerevisiae (strain ATCC 204508 / S288c)	1:Experimental evidence at protein level	Phosducin-like protein 2	1.0	0.999	3	7	7	7	3	2	2	3	2	2	3	2	2	9667119.0	1.0294212E7	1.1223352E7	4181000.2	3961516.0	4418285.5	
sp|Q12018|CDC53_YEAST	Q12018	CDC53_YEAST	CDC53	815	Saccharomyces cerevisiae (strain ATCC 204508 / S288c)	1:Experimental evidence at protein level	Cell division control protein 53	1.0	0.999	7	16	16	16	5	4	7	5	4	7	5	4	7	7.789236E7	7.1740752E7	6.5545964E7	4.6630972E7	4.5794196E7	5.1662228E7	
sp|Q12024|YTM1_YEAST	Q12024	YTM1_YEAST	YTM1	460	Saccharomyces cerevisiae (strain ATCC 204508 / S288c)	1:Experimental evidence at protein level	Ribosome biogenesis protein YTM1	1.0	0.999	3	5	5	5	2	3	0	2	3	0	2	3	0	1.1530473E7	1.2318713E7	9340817.0	5598022.5	6051911.5	5593601.5	
sp|Q12028|AP1G1_YEAST	Q12028	AP1G1_YEAST	APL4	832	Saccharomyces cerevisiae (strain ATCC 204508 / S288c)	1:Experimental evidence at protein level	AP-1 complex subunit gamma-1	1.0	0.999	3	6	6	6	3	1	2	3	1	2	3	1	2	1.309384E7	1.1375539E7	1.2988894E7	5743550.0	5213522.0	5613341.0	
sp|Q12029|FSF1_YEAST	Q12029	FSF1_YEAST	FSF1	327	Saccharomyces cerevisiae (strain ATCC 204508 / S288c)	1:Experimental evidence at protein level	Sideroflexin FSF1	1.0	0.999	2	3	3	3	1	1	1	1	1	1	1	1	1	6456413.0	2932285.2	3599981.8	3805918.2	3077915.8	2283297.8	
sp|Q12032|AIM41_YEAST	Q12032	AIM41_YEAST	AIM41	185	Saccharomyces cerevisiae (strain ATCC 204508 / S288c)	1:Experimental evidence at protein level	Altered inheritance of mitochondria protein 41, mitochondrial	1.0	0.999	5	14	14	14	4	5	5	4	5	5	4	5	5	1.7554016E7	2.7440504E7	3.5731472E7	9242248.0	8289433.5	1.2069922E7	
sp|Q12040|YO283_YEAST	Q12040	YO283_YEAST	YOR283W	230	Saccharomyces cerevisiae (strain ATCC 204508 / S288c)	1:Experimental evidence at protein level	Broad-specificity phosphatase YOR283W	0.9997	0.999	2	3	3	3	0	1	2	0	1	2	0	1	2	3087975.2	0.0	2637360.5	3087975.2	0.0	2637360.5	
sp|Q12044|RCN2_YEAST	Q12044	RCN2_YEAST	RCN2	265	Saccharomyces cerevisiae (strain ATCC 204508 / S288c)	1:Experimental evidence at protein level	Regulator of calcineurin 2	1.0	0.999	10	36	36	36	10	14	12	10	14	12	10	14	12	1.11244616E8	1.30378648E8	1.24183752E8	2.5558728E7	2.7646322E7	2.9847294E7	
sp|Q12060|HFI1_YEAST	Q12060	HFI1_YEAST	HFI1	488	Saccharomyces cerevisiae (strain ATCC 204508 / S288c)	1:Experimental evidence at protein level	Transcriptional coactivator HFI1/ADA1	0.963	0.9989	1	1	1	1	0	0	1	0	0	1	0	0	1	1584930.4	2843401.0	4080320.0	1584930.4	2843401.0	4080320.0	
sp|Q12068|GRE2_YEAST	Q12068	GRE2_YEAST	GRE2	342	Saccharomyces cerevisiae (strain ATCC 204508 / S288c)	1:Experimental evidence at protein level	NADPH-dependent methylglyoxal reductase GRE2	1.0	0.999	8	36	36	36	11	14	11	11	14	11	11	14	11	8.18566E7	7.0693064E7	7.0030312E7	1.6842794E7	1.8105334E7	1.8533508E7	
sp|Q12074|SPEE_YEAST	Q12074	SPEE_YEAST	SPE3	293	Saccharomyces cerevisiae (strain ATCC 204508 / S288c)	1:Experimental evidence at protein level	Spermidine synthase SPE3	1.0	0.999	8	42	42	42	15	16	11	15	16	11	15	16	11	1.55688736E8	1.73101072E8	1.75678848E8	5.771796E7	6.843096E7	6.2758596E7	
sp|Q12078|SMF3_YEAST	Q12078	SMF3_YEAST	SMF3	473	Saccharomyces cerevisiae (strain ATCC 204508 / S288c)	1:Experimental evidence at protein level	Iron transporter SMF3	0.9998	0.999	2	5	5	5	2	2	1	2	2	1	2	2	1	1.085159E7	2205068.0	6160010.5	9090782.0	1405594.0	6160010.5	
sp|Q12091|DAP1_YEAST	Q12091	DAP1_YEAST	DAP1	152	Saccharomyces cerevisiae (strain ATCC 204508 / S288c)	1:Experimental evidence at protein level	Damage response protein 1	0.9999	0.999	2	4	4	4	2	1	1	2	1	1	2	1	1	7131543.0	7167123.0	6581602.0	4398935.5	4299881.5	4159320.0	
sp|Q12109|SYWC_YEAST	Q12109	SYWC_YEAST	WRS1	432	Saccharomyces cerevisiae (strain ATCC 204508 / S288c)	1:Experimental evidence at protein level	Tryptophan--tRNA ligase, cytoplasmic	1.0	0.999	11	40	40	40	12	12	16	12	12	16	12	12	16	1.12432144E8	9.9150472E7	1.09419072E8	1.6771951E7	1.843634E7	1.778265E7	
sp|Q12114|CHS5_YEAST	Q12114	CHS5_YEAST	CHS5	671	Saccharomyces cerevisiae (strain ATCC 204508 / S288c)	1:Experimental evidence at protein level	Chitin biosynthesis protein CHS5	1.0	0.999	3	8	8	8	3	1	4	3	1	4	3	1	4	2.3642708E7	1.5017118E7	2.0086836E7	1.0037048E7	6670184.0	8551398.0	
sp|Q12117|MRH1_YEAST	Q12117	MRH1_YEAST	MRH1	320	Saccharomyces cerevisiae (strain ATCC 204508 / S288c)	1:Experimental evidence at protein level	Protein MRH1	1.0	0.999	5	56	29	56	19	17	20	9	9	11	19	17	20	3.1459072E8	2.90971552E8	2.99065728E8	1.06326936E8	1.01523848E8	1.07914848E8	
sp|Q12118|SGT2_YEAST	Q12118	SGT2_YEAST	SGT2	346	Saccharomyces cerevisiae (strain ATCC 204508 / S288c)	1:Experimental evidence at protein level	Small glutamine-rich tetratricopeptide repeat-containing protein 2	1.0	0.999	13	79	79	79	25	26	28	25	26	28	25	26	28	3.93875936E8	5.33405792E8	6.0288467E8	1.26372592E8	1.4655376E8	1.57691504E8	
sp|Q12122|HOSM_YEAST	Q12122	HOSM_YEAST	LYS21	440	Saccharomyces cerevisiae (strain ATCC 204508 / S288c)	1:Experimental evidence at protein level	Homocitrate synthase, mitochondrial	1.0	0.999	18	71	9	71	23	24	24	4	2	3	23	24	24	2.63975584E8	2.5620272E8	2.73639328E8	3.6116104E7	3.9505872E7	4.3185292E7	
sp|Q12123|DCS2_YEAST	Q12123	DCS2_YEAST	DCS2	353	Saccharomyces cerevisiae (strain ATCC 204508 / S288c)	1:Experimental evidence at protein level	Inactive diphosphatase DCS2	1.0	0.999	10	21	21	22	6	9	6	6	9	6	7	9	6	5.5777692E7	6.105662E7	7.151816E7	1.3831791E7	1.6707147E7	1.7061286E7	
sp|Q12125|GET4_YEAST	Q12125	GET4_YEAST	GET4	312	Saccharomyces cerevisiae (strain ATCC 204508 / S288c)	1:Experimental evidence at protein level	Golgi to ER traffic protein 4	1.0	0.999	5	17	17	17	6	5	6	6	5	6	6	5	6	3.328064E7	3.6650664E7	3.1638124E7	1.1939656E7	1.4016622E7	1.4312469E7	
sp|Q12133|SPC3_YEAST	Q12133	SPC3_YEAST	SPC3	184	Saccharomyces cerevisiae (strain ATCC 204508 / S288c)	1:Experimental evidence at protein level	Signal peptidase complex subunit 3	0.8053	0.9929	1	4	4	4	2	1	1	2	1	1	2	1	1	7619936.0	4789960.0	7350644.5	7619936.0	4789960.0	7350644.5	
sp|Q12144|PER33_YEAST	Q12144	PER33_YEAST	PER33	273	Saccharomyces cerevisiae (strain ATCC 204508 / S288c)	1:Experimental evidence at protein level	Pore and endoplasmic reticulum protein of 33 kDa	0.9499	0.9984	1	2	2	2	1	0	1	1	0	1	1	0	1	1740666.4	0.0	2038661.8	1740666.4	0.0	2038661.8	
sp|Q12154|GET3_YEAST	Q12154	GET3_YEAST	GET3	354	Saccharomyces cerevisiae (strain ATCC 204508 / S288c)	1:Experimental evidence at protein level	ATPase GET3	1.0	0.999	12	67	67	67	20	24	23	20	24	23	20	24	23	2.76151648E8	2.73768768E8	3.44368544E8	4.5410572E7	5.0744744E7	5.8849532E7	
sp|Q12156|AIM7_YEAST	Q12156	AIM7_YEAST	AIM7	149	Saccharomyces cerevisiae (strain ATCC 204508 / S288c)	1:Experimental evidence at protein level	Protein AIM7	0.9674	0.999	1	1	1	1	0	0	1	0	0	1	0	0	1	0.0	0.0	0.0	0.0	0.0	0.0	
sp|Q12159|YRA1_YEAST	Q12159	YRA1_YEAST	YRA1	226	Saccharomyces cerevisiae (strain ATCC 204508 / S288c)	1:Experimental evidence at protein level	RNA annealing protein YRA1	1.0	0.999	9	44	44	44	12	15	17	12	15	17	12	15	17	1.64983024E8	1.66738992E8	2.359532E8	4.2893824E7	4.8145412E7	5.2693376E7	
sp|Q12164|POM33_YEAST	Q12164	POM33_YEAST	POM33	279	Saccharomyces cerevisiae (strain ATCC 204508 / S288c)	1:Experimental evidence at protein level	Pore membrane protein of 33 kDa	1.0	0.999	5	21	18	21	7	8	6	6	7	5	7	8	6	7.4147544E7	8.0997368E7	7.4940544E7	2.5671976E7	2.9755748E7	2.7711536E7	
sp|Q12166|LEU9_YEAST	Q12166	LEU9_YEAST	LEU9	604	Saccharomyces cerevisiae (strain ATCC 204508 / S288c)	1:Experimental evidence at protein level	2-isopropylmalate synthase 2, mitochondrial	0.999	0.9946	9	1	1	33	0	1	0	0	1	0	11	11	11	1551409.5	1806325.9	1638189.6	1551409.5	1806325.9	1638189.6	
sp|Q12176|MAK21_YEAST	Q12176	MAK21_YEAST	MAK21	1025	Saccharomyces cerevisiae (strain ATCC 204508 / S288c)	1:Experimental evidence at protein level	Ribosome biogenesis protein MAK21	0.9999	0.999	2	2	2	2	0	0	2	0	0	2	0	0	2	2333804.8	3413173.8	1.0585256E7	2333804.8	3413173.8	5301222.5	
sp|Q12178|FCY1_YEAST	Q12178	FCY1_YEAST	FCY1	158	Saccharomyces cerevisiae (strain ATCC 204508 / S288c)	1:Experimental evidence at protein level	Cytosine deaminase	1.0	0.999	3	12	12	12	4	5	3	4	5	3	4	5	3	4.097666E7	3.3647852E7	3.0815888E7	1.9938592E7	1.7798624E7	1.6400874E7	
sp|Q12189|RPIA_YEAST	Q12189	RPIA_YEAST	RKI1	258	Saccharomyces cerevisiae (strain ATCC 204508 / S288c)	1:Experimental evidence at protein level	Ribose-5-phosphate isomerase	0.9947	0.9976	3	4	4	4	2	1	1	2	1	1	2	1	1	1.8294632E7	1.4707391E7	2.0018062E7	1.0420274E7	1.4707391E7	1.6459341E7	
sp|Q12191|BUG1_YEAST	Q12191	BUG1_YEAST	BUG1	341	Saccharomyces cerevisiae (strain ATCC 204508 / S288c)	1:Experimental evidence at protein level	Binder of USO1 and GRH1 protein 1	1.0	0.999	3	6	6	6	2	2	2	2	2	2	2	2	2	9659498.0	1.1912346E7	9440558.0	4632543.5	5720928.5	6121378.0	
sp|Q12199|TIP41_YEAST	Q12199	TIP41_YEAST	TIP41	356	Saccharomyces cerevisiae (strain ATCC 204508 / S288c)	1:Experimental evidence at protein level	Type 2A phosphatase activator TIP41	0.9997	0.9972	2	3	3	3	2	0	1	2	0	1	2	0	1	5350145.0	4988406.5	5367625.0	5350145.0	4988406.5	5367625.0	
sp|Q12211|PUS1_YEAST	Q12211	PUS1_YEAST	PUS1	544	Saccharomyces cerevisiae (strain ATCC 204508 / S288c)	1:Experimental evidence at protein level	tRNA pseudouridine synthase 1	0.9666	0.999	1	4	4	4	1	1	2	1	1	2	1	1	2	1509421.0	2140920.5	3111669.8	1509421.0	2140920.5	3111669.8	
sp|Q12213|RL7B_YEAST	Q12213	RL7B_YEAST	RPL7B	244	Saccharomyces cerevisiae (strain ATCC 204508 / S288c)	1:Experimental evidence at protein level	60S ribosomal protein L7-B	0.9998	0.999	11	12	12	158	3	4	5	3	4	5	49	51	58	6.6922188E7	7.0433768E7	5.4758704E7	6.6922188E7	7.0433768E7	5.4758704E7	
sp|Q12220|UTP12_YEAST	Q12220	UTP12_YEAST	DIP2	943	Saccharomyces cerevisiae (strain ATCC 204508 / S288c)	1:Experimental evidence at protein level	U3 small nucleolar RNA-associated protein 12	0.9674	0.999	1	1	1	1	0	1	0	0	1	0	0	1	0	3988600.0	4200184.0	5486322.5	3988600.0	4200184.0	5486322.5	
sp|Q12230|LSP1_YEAST	Q12230	LSP1_YEAST	LSP1	341	Saccharomyces cerevisiae (strain ATCC 204508 / S288c)	1:Experimental evidence at protein level	Sphingolipid long chain base-responsive protein LSP1	1.0	0.999	12	80	80	92	25	29	26	25	29	26	29	33	30	3.41777728E8	4.0575024E8	4.00809728E8	8.7518016E7	9.6303712E7	1.0079896E8	
sp|Q12234|RUD3_YEAST	Q12234	RUD3_YEAST	RUD3	484	Saccharomyces cerevisiae (strain ATCC 204508 / S288c)	1:Experimental evidence at protein level	GRIP domain-containing protein RUD3	0.9225	0.9975	1	1	1	1	0	0	1	0	0	1	0	0	1	0.0	0.0	2093359.4	0.0	0.0	0.0	
sp|Q12242|RUP1_YEAST	Q12242	RUP1_YEAST	RUP1	671	Saccharomyces cerevisiae (strain ATCC 204508 / S288c)	1:Experimental evidence at protein level	UBA domain-containing protein RUP1	0.9674	0.999	1	2	2	2	0	1	1	0	1	1	0	1	1	2204748.5	3012110.2	2504002.0	2204748.5	3012110.2	2504002.0	
sp|Q12250|RPN5_YEAST	Q12250	RPN5_YEAST	RPN5	445	Saccharomyces cerevisiae (strain ATCC 204508 / S288c)	1:Experimental evidence at protein level	26S proteasome regulatory subunit RPN5	1.0	0.999	11	34	34	34	15	10	9	15	10	9	15	10	9	1.18086368E8	1.13121016E8	1.11039928E8	2.5124698E7	2.4284746E7	2.1424306E7	
sp|Q12255|NYV1_YEAST	Q12255	NYV1_YEAST	NYV1	253	Saccharomyces cerevisiae (strain ATCC 204508 / S288c)	1:Experimental evidence at protein level	Vacuolar v-SNARE NYV1	0.7891	0.9921	1	2	2	2	0	1	1	0	1	1	0	1	1	0.0	3620502.0	7019797.0	0.0	3620502.0	7019797.0	
sp|Q12265|KPR5_YEAST	Q12265	KPR5_YEAST	PRS5	496	Saccharomyces cerevisiae (strain ATCC 204508 / S288c)	1:Experimental evidence at protein level	Ribose-phosphate pyrophosphokinase 5	1.0	0.999	4	8	8	8	2	3	3	2	3	3	2	3	3	3.0420552E7	2.59606E7	2.27478E7	9631830.0	7802956.5	8799155.0	
sp|Q12270|RBD2_YEAST	Q12270	RBD2_YEAST	RBD2	262	Saccharomyces cerevisiae (strain ATCC 204508 / S288c)	1:Experimental evidence at protein level	Rhomboid protein 2	1.0	0.999	4	7	7	7	2	2	3	2	2	3	2	2	3	2.5970406E7	3.6454992E7	3.0856812E7	1.171631E7	1.4313312E7	1.2818506E7	
sp|Q12271|INP53_YEAST	Q12271	INP53_YEAST	INP53	1107	Saccharomyces cerevisiae (strain ATCC 204508 / S288c)	1:Experimental evidence at protein level	Polyphosphatidylinositol phosphatase INP53	1.0	0.999	2	4	4	4	2	1	1	2	1	1	2	1	1	5631315.0	5132170.0	4923619.0	3193190.8	3098902.8	3015128.5	
sp|Q12276|HER1_YEAST	Q12276	HER1_YEAST	HER1	1246	Saccharomyces cerevisiae (strain ATCC 204508 / S288c)	1:Experimental evidence at protein level	HMG2-induced ER-remodeling protein 1	0.9996	0.998	2	5	2	5	2	1	2	1	0	1	2	1	2	2015209.8	2376823.2	2752736.2	2015209.8	2376823.2	2752736.2	
sp|Q12285|MDY2_YEAST	Q12285	MDY2_YEAST	MDY2	212	Saccharomyces cerevisiae (strain ATCC 204508 / S288c)	1:Experimental evidence at protein level	Ubiquitin-like protein MDY2	1.0	0.999	4	16	16	16	5	5	6	5	5	6	5	5	6	3.1614788E7	3.2734662E7	3.7175344E7	1.3651985E7	1.5161924E7	1.7008314E7	
sp|Q12296|MAM3_YEAST	Q12296	MAM3_YEAST	MAM3	706	Saccharomyces cerevisiae (strain ATCC 204508 / S288c)	1:Experimental evidence at protein level	Protein MAM3	1.0	0.999	3	4	4	4	1	1	2	1	1	2	1	1	2	4514354.0	4523011.0	8007903.5	4398684.5	4523011.0	4031007.2	
sp|Q12298|YD061_YEAST	Q12298	YD061_YEAST	YDR061W	539	Saccharomyces cerevisiae (strain ATCC 204508 / S288c)	1:Experimental evidence at protein level	Uncharacterized ABC transporter ATP-binding protein YDR061W	0.8789	0.9959	1	2	2	2	1	0	1	1	0	1	1	0	1	0.0	0.0	1470544.6	0.0	0.0	0.0	
sp|Q12305|RDL1_YEAST	Q12305	RDL1_YEAST	RDL1	139	Saccharomyces cerevisiae (strain ATCC 204508 / S288c)	1:Experimental evidence at protein level	Thiosulfate:glutathione sulfurtransferase	1.0	0.999	4	20	20	20	6	8	6	6	8	6	6	8	6	7.9438008E7	7.9284648E7	7.98564E7	3.4029436E7	3.332222E7	3.252426E7	
sp|Q12306|SMT3_YEAST	Q12306	SMT3_YEAST	SMT3	101	Saccharomyces cerevisiae (strain ATCC 204508 / S288c)	1:Experimental evidence at protein level	Ubiquitin-like protein SMT3	1.0	0.999	3	22	22	22	8	7	7	8	7	7	8	7	7	2.26443968E8	2.06320416E8	2.45233136E8	1.02040792E8	8.4917648E7	9.678228E7	
sp|Q12314|SFM1_YEAST	Q12314	SFM1_YEAST	SFM1	213	Saccharomyces cerevisiae (strain ATCC 204508 / S288c)	1:Experimental evidence at protein level	Protein arginine N-methyltransferase SFM1	1.0	0.999	6	17	17	17	6	7	4	6	7	4	6	7	4	4.230888E7	3.502278E7	3.766806E7	1.2223126E7	1.0888531E7	1.1907954E7	
sp|Q12324|YVC1_YEAST	Q12324	YVC1_YEAST	YVC1	675	Saccharomyces cerevisiae (strain ATCC 204508 / S288c)	1:Experimental evidence at protein level	Calcium channel YVC1	0.9999	0.999	2	2	2	2	1	0	1	1	0	1	1	0	1	3892552.0	3985129.0	6475744.5	3892552.0	3985129.0	0.0	
sp|Q12329|HSP42_YEAST	Q12329	HSP42_YEAST	HSP42	375	Saccharomyces cerevisiae (strain ATCC 204508 / S288c)	1:Experimental evidence at protein level	Heat shock protein 42	1.0	0.999	6	24	24	24	8	9	7	8	9	7	8	9	7	1.21737968E8	1.31634808E8	1.23026408E8	3.47425E7	3.3199008E7	3.1699798E7	
sp|Q12335|PST2_YEAST	Q12335	PST2_YEAST	PST2	198	Saccharomyces cerevisiae (strain ATCC 204508 / S288c)	1:Experimental evidence at protein level	Protoplast secreted protein 2	1.0	0.999	5	55	55	55	19	17	19	19	17	19	19	17	19	3.90694592E8	4.22842432E8	5.9369882E8	1.43263952E8	1.5186144E8	2.06570512E8	
sp|Q12344|GYP5_YEAST	Q12344	GYP5_YEAST	GYP5	894	Saccharomyces cerevisiae (strain ATCC 204508 / S288c)	1:Experimental evidence at protein level	GTPase-activating protein GYP5	1.0	0.999	2	4	4	4	1	1	2	1	1	2	1	1	2	3214142.5	6810118.0	8189145.5	2712994.8	5953187.5	6113330.5	
sp|Q12349|ATP14_YEAST	Q12349	ATP14_YEAST	ATP14	124	Saccharomyces cerevisiae (strain ATCC 204508 / S288c)	1:Experimental evidence at protein level	ATP synthase subunit H, mitochondrial	0.9674	0.999	1	2	2	2	1	1	0	1	1	0	1	1	0	7413627.5	1.2240067E7	1.096761E7	7413627.5	1.2240067E7	1.096761E7	
sp|Q12363|WTM1_YEAST	Q12363	WTM1_YEAST	WTM1	437	Saccharomyces cerevisiae (strain ATCC 204508 / S288c)	1:Experimental evidence at protein level	Transcriptional modulator WTM1	1.0	0.999	18	209	209	209	68	68	73	68	68	73	68	68	73	1.18730701E9	1.0153367E9	1.01833696E9	1.25548432E8	1.10563664E8	1.1228128E8	
sp|Q12377|RPN6_YEAST	Q12377	RPN6_YEAST	RPN6	434	Saccharomyces cerevisiae (strain ATCC 204508 / S288c)	1:Experimental evidence at protein level	26S proteasome regulatory subunit RPN6	1.0	0.999	10	33	33	33	10	10	13	10	10	13	10	10	13	1.20716176E8	1.12158584E8	1.29007736E8	2.2261852E7	2.4818248E7	2.5784732E7	
sp|Q12386|ARP8_YEAST	Q12386	ARP8_YEAST	ARP8	881	Saccharomyces cerevisiae (strain ATCC 204508 / S288c)	1:Experimental evidence at protein level	Actin-like protein ARP8	0.753	0.9903	1	1	1	1	1	0	0	1	0	0	1	0	0	618011.94	611177.94	0.0	618011.94	611177.94	0.0	
sp|Q12402|YOP1_YEAST	Q12402	YOP1_YEAST	YOP1	180	Saccharomyces cerevisiae (strain ATCC 204508 / S288c)	1:Experimental evidence at protein level	Protein YOP1	1.0	0.999	3	17	17	17	5	6	6	5	6	6	5	6	6	1.33831896E8	1.1235272E8	1.2603328E8	8.6528896E7	5.8287352E7	6.8995384E7	
sp|Q12404|MPD1_YEAST	Q12404	MPD1_YEAST	MPD1	318	Saccharomyces cerevisiae (strain ATCC 204508 / S288c)	1:Experimental evidence at protein level	Protein disulfide-isomerase MPD1	0.9999	0.999	2	6	6	6	2	1	3	2	1	3	2	1	3	2026296.9	7231884.0	7610022.0	2239347.8	3633407.2	3952088.0	
sp|Q12406|ARP7_YEAST	Q12406	ARP7_YEAST	ARP7	477	Saccharomyces cerevisiae (strain ATCC 204508 / S288c)	1:Experimental evidence at protein level	Actin-related protein 7	1.0	0.999	4	8	8	8	5	1	2	5	1	2	5	1	2	8637366.0	2876829.5	4911383.5	2648066.0	3009219.5	2534021.5	
sp|Q12428|PRPD_YEAST	Q12428	PRPD_YEAST	PDH1	516	Saccharomyces cerevisiae (strain ATCC 204508 / S288c)	1:Experimental evidence at protein level	Probable 2-methylcitrate dehydratase	0.9657	0.9891	2	3	3	3	1	1	1	1	1	1	1	1	1	1555198.4	6092520.0	2283160.2	2171427.0	2285572.5	3187835.0	
sp|Q12434|GDIR_YEAST	Q12434	GDIR_YEAST	RDI1	202	Saccharomyces cerevisiae (strain ATCC 204508 / S288c)	1:Experimental evidence at protein level	Rho GDP-dissociation inhibitor	1.0	0.999	5	11	11	11	5	4	2	5	4	2	5	4	2	2.861094E7	2.8228224E7	2.8989144E7	9153237.0	1.0332947E7	1.081241E7	
sp|Q12443|RTN2_YEAST	Q12443	RTN2_YEAST	RTN2	393	Saccharomyces cerevisiae (strain ATCC 204508 / S288c)	1:Experimental evidence at protein level	Reticulon-like protein 2	1.0	0.999	8	25	25	25	8	8	9	8	8	9	8	8	9	6.4358256E7	6.6599488E7	6.5601424E7	1.3335467E7	1.308625E7	1.4198853E7	
sp|Q12446|LAS17_YEAST	Q12446	LAS17_YEAST	LAS17	633	Saccharomyces cerevisiae (strain ATCC 204508 / S288c)	1:Experimental evidence at protein level	Proline-rich protein LAS17	0.9918	0.9979	2	2	2	2	0	1	1	0	1	1	0	1	1	0.0	1.2595829E7	0.0	0.0	0.0	0.0	
sp|Q12447|PAA1_YEAST	Q12447	PAA1_YEAST	PAA1	191	Saccharomyces cerevisiae (strain ATCC 204508 / S288c)	1:Experimental evidence at protein level	Polyamine N-acetyltransferase 1	1.0	0.999	7	53	53	53	20	15	18	20	15	18	20	15	18	1.14137064E8	1.051296E8	9.429892E7	2.3768702E7	2.3184326E7	2.0753118E7	
sp|Q12449|AHA1_YEAST	Q12449	AHA1_YEAST	AHA1	350	Saccharomyces cerevisiae (strain ATCC 204508 / S288c)	1:Experimental evidence at protein level	Hsp90 co-chaperone AHA1	1.0	0.999	12	43	43	43	13	15	15	13	15	15	13	15	15	1.36584928E8	1.27073064E8	1.29487272E8	3.1008838E7	2.7710218E7	2.7445564E7	
sp|Q12451|OSH2_YEAST	Q12451	OSH2_YEAST	OSH2	1283	Saccharomyces cerevisiae (strain ATCC 204508 / S288c)	1:Experimental evidence at protein level	Oxysterol-binding protein homolog 2	0.9929	0.9842	2	4	4	4	2	1	1	2	1	1	2	1	1	4939986.5	4911048.0	0.0	4939986.5	4911048.0	0.0	
sp|Q12452|ERG27_YEAST	Q12452	ERG27_YEAST	ERG27	347	Saccharomyces cerevisiae (strain ATCC 204508 / S288c)	1:Experimental evidence at protein level	3-keto-steroid reductase ERG27	1.0	0.999	7	30	30	30	10	10	10	10	10	10	10	10	10	8.6104496E7	8.24068E7	8.4569048E7	2.2261274E7	1.9436906E7	1.9707702E7	
sp|Q12458|YPR1_YEAST	Q12458	YPR1_YEAST	YPR1	312	Saccharomyces cerevisiae (strain ATCC 204508 / S288c)	1:Experimental evidence at protein level	Putative reductase 1	1.0	0.999	8	27	21	27	8	9	10	6	7	8	8	9	10	8.0657224E7	9.343284E7	9.1361624E7	1.8563864E7	2.1227334E7	1.912606E7	
sp|Q12460|NOP56_YEAST	Q12460	NOP56_YEAST	NOP56	504	Saccharomyces cerevisiae (strain ATCC 204508 / S288c)	1:Experimental evidence at protein level	Nucleolar protein 56	1.0	0.999	14	58	58	58	20	19	19	20	19	19	20	19	19	3.85592672E8	5.5357888E8	6.4305114E8	3.15321952E8	3.20427264E8	3.3787216E8	
sp|Q12462|PEX11_YEAST	Q12462	PEX11_YEAST	PEX11	236	Saccharomyces cerevisiae (strain ATCC 204508 / S288c)	1:Experimental evidence at protein level	Peroxisomal membrane protein PMP27	1.0	0.999	6	11	11	11	6	2	3	6	2	3	6	2	3	2.7448656E7	1.852361E7	2.2783826E7	8202297.5	5038677.0	5638657.0	
sp|Q12464|RUVB2_YEAST	Q12464	RUVB2_YEAST	RVB2	471	Saccharomyces cerevisiae (strain ATCC 204508 / S288c)	1:Experimental evidence at protein level	RuvB-like protein 2	1.0	0.999	12	22	22	22	9	6	7	9	6	7	9	6	7	9.6990336E7	8.2936216E7	8.5573088E7	2.2365184E7	1.9796108E7	1.9868396E7	
sp|Q12466|TCB1_YEAST	Q12466	TCB1_YEAST	TCB1	1186	Saccharomyces cerevisiae (strain ATCC 204508 / S288c)	1:Experimental evidence at protein level	Tricalbin-1	1.0	0.999	7	16	16	16	6	5	5	6	5	5	6	5	5	4.1705756E7	3.6045832E7	2.9342534E7	9791619.0	8401206.0	8911496.0	
sp|Q12480|ETFA_YEAST	Q12480	ETFA_YEAST	AIM45	344	Saccharomyces cerevisiae (strain ATCC 204508 / S288c)	1:Experimental evidence at protein level	Probable electron transfer flavoprotein subunit alpha, mitochondrial	1.0	0.999	3	7	7	7	3	2	2	3	2	2	3	2	2	1.0847212E7	9731193.0	8893876.0	4779827.0	4269645.0	3718700.5	
sp|Q12486|YOR31_YEAST	Q12486	YOR31_YEAST	YOR131C	218	Saccharomyces cerevisiae (strain ATCC 204508 / S288c)	1:Experimental evidence at protein level	Uncharacterized hydrolase YOR131C	0.9996	0.999	3	5	5	5	1	2	2	1	2	2	1	2	2	2.8919252E7	3.230536E7	3.6528092E7	1.872064E7	1.7440138E7	2.1923608E7	
sp|Q12496|YO098_YEAST	Q12496	YO098_YEAST	YOL098C	1037	Saccharomyces cerevisiae (strain ATCC 204508 / S288c)	1:Experimental evidence at protein level	Uncharacterized protein YOL098C	1.0	0.999	9	16	16	16	7	4	5	7	4	5	7	4	5	3.4908472E7	3.2618642E7	3.2758466E7	6047291.0	5711284.0	6434591.0	
sp|Q12497|FMP16_YEAST	Q12497	FMP16_YEAST	FMP16	93	Saccharomyces cerevisiae (strain ATCC 204508 / S288c)	1:Experimental evidence at protein level	Protein FMP16, mitochondrial	1.0	0.999	3	6	6	6	2	1	3	2	1	3	2	1	3	1.2850098E7	1.4174129E7	1.9862516E7	9381452.0	1.0010075E7	9590439.0	
sp|Q12499|NOP58_YEAST	Q12499	NOP58_YEAST	NOP58	511	Saccharomyces cerevisiae (strain ATCC 204508 / S288c)	1:Experimental evidence at protein level	Nucleolar protein 58	1.0	0.999	15	60	60	60	18	22	20	18	22	20	18	22	20	1.9214672E8	1.62683216E8	1.75321936E8	2.3803388E7	2.160401E7	2.3655602E7	
sp|Q12502|LDB19_YEAST	Q12502	LDB19_YEAST	LDB19	818	Saccharomyces cerevisiae (strain ATCC 204508 / S288c)	1:Experimental evidence at protein level	Protein LDB19	0.907	0.997	1	1	1	1	1	0	0	1	0	0	1	0	0	5818492.0	0.0	0.0	0.0	0.0	0.0	
sp|Q12513|TMA17_YEAST	Q12513	TMA17_YEAST	TMA17	150	Saccharomyces cerevisiae (strain ATCC 204508 / S288c)	1:Experimental evidence at protein level	Translation machinery-associated protein 17	1.0	0.999	5	18	18	18	7	5	6	7	5	6	7	5	6	7.0012056E7	5.5276832E7	6.5276136E7	3.116625E7	2.39596E7	2.8521266E7	
sp|Q12514|NOT5_YEAST	Q12514	NOT5_YEAST	NOT5	560	Saccharomyces cerevisiae (strain ATCC 204508 / S288c)	1:Experimental evidence at protein level	General negative regulator of transcription subunit 5	1.0	0.999	4	11	11	11	4	4	3	4	4	3	4	4	3	1.0153981E7	3.6208172E7	3.3748288E7	1.2369044E7	1.6371256E7	1.9284418E7	
sp|Q12515|PAR32_YEAST	Q12515	PAR32_YEAST	PAR32	295	Saccharomyces cerevisiae (strain ATCC 204508 / S288c)	1:Experimental evidence at protein level	Protein PAR32	1.0	0.999	5	21	21	21	8	7	6	8	7	6	8	7	6	6.058844E7	5.251394E7	5.7103908E7	1.7881494E7	1.5277584E7	1.5354406E7	
sp|Q12516|SRF1_YEAST	Q12516	SRF1_YEAST	SRF1	437	Saccharomyces cerevisiae (strain ATCC 204508 / S288c)	1:Experimental evidence at protein level	Regulator of phospholipase D SRF1	0.9653	0.9989	1	1	1	1	0	1	0	0	1	0	0	1	0	0.0	0.0	0.0	0.0	0.0	0.0	
sp|Q12517|DCP1_YEAST	Q12517	DCP1_YEAST	DCP1	231	Saccharomyces cerevisiae (strain ATCC 204508 / S288c)	1:Experimental evidence at protein level	mRNA-decapping enzyme subunit 1	0.6674	0.9854	1	2	2	2	1	0	1	1	0	1	1	0	1	2178264.2	2121745.2	1697211.1	2178264.2	2121745.2	1697211.1	
sp|Q12522|IF6_YEAST	Q12522	IF6_YEAST	TIF6	245	Saccharomyces cerevisiae (strain ATCC 204508 / S288c)	1:Experimental evidence at protein level	Eukaryotic translation initiation factor 6	1.0	0.999	2	7	7	7	2	3	2	2	3	2	2	3	2	4.8277744E7	5.0711288E7	4.1746424E7	3.2363008E7	3.3677228E7	2.504065E7	
sp|Q12532|RQC2_YEAST	Q12532	RQC2_YEAST	RQC2	1038	Saccharomyces cerevisiae (strain ATCC 204508 / S288c)	1:Experimental evidence at protein level	Ribosome quality control complex subunit 2	1.0	0.999	5	8	8	8	4	2	2	4	2	2	4	2	2	3.219985E7	3.2694856E7	1.9116562E7	1.2352609E7	9400092.0	1.0008135E7	
sp|Q12672|RL21B_YEAST	Q12672	RL21B_YEAST	RPL21B	160	Saccharomyces cerevisiae (strain ATCC 204508 / S288c)	1:Experimental evidence at protein level	60S ribosomal protein L21-B	1.0	0.999	8	13	13	115	4	4	5	4	4	5	37	34	44	1.317744E7	1.1991785E7	9414229.0	1.317744E7	1.1991785E7	9414229.0	
sp|Q12676|FOLD_YEAST	Q12676	FOLD_YEAST	FOL3	427	Saccharomyces cerevisiae (strain ATCC 204508 / S288c)	1:Experimental evidence at protein level	Dihydrofolate synthetase	0.9658	0.9989	1	1	1	1	1	0	0	1	0	0	1	0	0	2224602.5	2369039.8	2788396.2	2224602.5	2369039.8	2788396.2	
sp|Q12680|GLT1_YEAST	Q12680	GLT1_YEAST	GLT1	2145	Saccharomyces cerevisiae (strain ATCC 204508 / S288c)	1:Experimental evidence at protein level	Glutamate synthase [NADH]	1.0	0.999	26	68	67	68	30	18	20	30	18	19	30	18	20	1.56420864E8	1.3258564E8	2.01889872E8	2.2479052E7	2.2838664E7	2.5082832E7	
sp|Q12692|H2AZ_YEAST	Q12692	H2AZ_YEAST	HTZ1	134	Saccharomyces cerevisiae (strain ATCC 204508 / S288c)	1:Experimental evidence at protein level	Histone H2A.Z	1.0	0.999	3	6	6	30	2	2	2	2	2	2	10	9	11	2.4290132E7	2.4195378E7	2.098749E7	1.4788047E7	1.4439821E7	1.2176069E7	
sp|Q12746|PGA3_YEAST	Q12746	PGA3_YEAST	PGA3	312	Saccharomyces cerevisiae (strain ATCC 204508 / S288c)	1:Experimental evidence at protein level	Plasma membrane-associated coenzyme Q6 reductase PGA3	1.0	0.999	8	23	23	23	8	7	8	8	7	8	8	7	8	8.4860112E7	6.5111052E7	7.7295744E7	1.5250354E7	1.1269697E7	1.3323467E7	
sp|Q12754|RRP12_YEAST	Q12754	RRP12_YEAST	RRP12	1228	Saccharomyces cerevisiae (strain ATCC 204508 / S288c)	1:Experimental evidence at protein level	Ribosomal RNA-processing protein 12	0.9667	0.999	1	2	2	2	1	1	0	1	1	0	1	1	0	1214407.5	1636822.9	0.0	1214407.5	1636822.9	0.0	
sp|Q3E754|RS21B_YEAST	Q3E754	RS21B_YEAST	RPS21B	87	Saccharomyces cerevisiae (strain ATCC 204508 / S288c)	1:Experimental evidence at protein level	40S ribosomal protein S21-B	1.0	0.999	7	135	5	135	45	43	47	2	1	2	45	43	47	8.5265107E8	8.6412602E8	8.5186643E8	2.84462272E8	2.88799104E8	2.85594496E8	
sp|Q3E756|YB029_YEAST	Q3E756	YB029_YEAST	YBL029C-A	94	Saccharomyces cerevisiae (strain ATCC 204508 / S288c)	1:Experimental evidence at protein level	UPF0768 protein YBL029C-A	0.642	0.9837	1	1	1	1	1	0	0	1	0	0	1	0	0	0.0	0.0	0.0	0.0	0.0	0.0	
sp|Q3E764|TMA7_YEAST	Q3E764	TMA7_YEAST	TMA7	64	Saccharomyces cerevisiae (strain ATCC 204508 / S288c)	1:Experimental evidence at protein level	Translation machinery-associated protein 7	1.0	0.999	2	12	12	12	4	4	4	4	4	4	4	4	4	5.1686532E7	5.5988276E7	5.5536624E7	4.4739844E7	4.356322E7	3.9973372E7	
sp|Q3E772|LSO2_YEAST	Q3E772	LSO2_YEAST	LSO2	92	Saccharomyces cerevisiae (strain ATCC 204508 / S288c)	1:Experimental evidence at protein level	Protein LSO2	0.9674	0.999	1	3	3	3	1	1	1	1	1	1	1	1	1	1.7035792E7	1.4175688E7	1.3142219E7	1.7035792E7	1.4175688E7	1.3142219E7	
sp|Q3E790|TSC3_YEAST	Q3E790	TSC3_YEAST	TSC3	80	Saccharomyces cerevisiae (strain ATCC 204508 / S288c)	1:Experimental evidence at protein level	Serine palmitoyltransferase-regulating protein TSC3	0.9589	0.9987	1	2	2	2	0	1	1	0	1	1	0	1	1	0.0	3346607.0	4016631.5	0.0	3346607.0	4016631.5	
sp|Q3E795|YL361_YEAST	Q3E795	YL361_YEAST	YLR361C-A	98	Saccharomyces cerevisiae (strain ATCC 204508 / S288c)	1:Experimental evidence at protein level	Uncharacterized protein YLR361C-A	1.0	0.999	2	8	8	8	3	2	3	3	2	3	3	2	3	9284510.0	1.1547113E7	1.0149889E7	5632569.5	6681541.5	6047168.0	
sp|Q3E7B6|VA0E_YEAST	Q3E7B6	VA0E_YEAST	VMA9	73	Saccharomyces cerevisiae (strain ATCC 204508 / S288c)	1:Experimental evidence at protein level	V-type proton ATPase subunit e	0.9673	0.999	1	3	3	3	1	1	1	1	1	1	1	1	1	2.3179368E7	2.025911E7	2.3230212E7	2.3179368E7	2.025911E7	2.3230212E7	
sp|Q3E7Z5|YI002_YEAST	Q3E7Z5	YI002_YEAST	YIL002W-A	69	Saccharomyces cerevisiae (strain ATCC 204508 / S288c)	1:Experimental evidence at protein level	Uncharacterized protein YIL002W-A	0.9674	0.999	1	1	1	1	0	1	0	0	1	0	0	1	0	2738609.5	4764329.5	4966066.0	2738609.5	4764329.5	4966066.0	
sp|Q3E830|EGO2_YEAST	Q3E830	EGO2_YEAST	EGO2	75	Saccharomyces cerevisiae (strain ATCC 204508 / S288c)	1:Experimental evidence at protein level	Protein EGO2	0.9674	0.999	1	6	6	6	2	2	2	2	2	2	2	2	2	6906797.0	1.0071898E7	6394040.0	6906797.0	1.0071898E7	6394040.0	
sp|Q3E833|PCC1_YEAST	Q3E833	PCC1_YEAST	PCC1	88	Saccharomyces cerevisiae (strain ATCC 204508 / S288c)	1:Experimental evidence at protein level	EKC/KEOPS complex subunit PCC1	0.9988	0.999	2	4	4	4	2	1	1	2	1	1	2	1	1	3517337.0	5997646.5	6752480.0	3517337.0	5997646.5	6752480.0	
sp|Q3E841|YN034_YEAST	Q3E841	YN034_YEAST	YNR034W-A	98	Saccharomyces cerevisiae (strain ATCC 204508 / S288c)	1:Experimental evidence at protein level	Uncharacterized protein YNR034W-A	1.0	0.999	3	31	31	31	9	10	12	9	10	12	9	10	12	3.8974948E7	5.1764424E7	4.5085944E7	2.1304034E7	2.6178288E7	2.5511916E7	
sp|Q6Q547|NOP10_YEAST	Q6Q547	NOP10_YEAST	NOP10	58	Saccharomyces cerevisiae (strain ATCC 204508 / S288c)	1:Experimental evidence at protein level	H/ACA ribonucleoprotein complex subunit NOP10	0.9664	0.999	1	4	4	4	1	2	1	1	2	1	1	2	1	7974154.0	9595922.0	1.0423009E7	4365386.5	5255033.5	5675115.5	
sp|Q6Q560|ISD11_YEAST	Q6Q560	ISD11_YEAST	ISD11	94	Saccharomyces cerevisiae (strain ATCC 204508 / S288c)	1:Experimental evidence at protein level	Protein ISD11	1.0	0.999	2	4	4	4	2	1	1	2	1	1	2	1	1	1.6835456E7	1.3535372E7	1.5477069E7	9718370.0	7867612.5	8906912.0	
sp|Q86ZR7|YKD3A_YEAST	Q86ZR7	YKD3A_YEAST	YKL033W-A	236	Saccharomyces cerevisiae (strain ATCC 204508 / S288c)	1:Experimental evidence at protein level	Probable pseudouridine-5'-phosphatase YKL033W-A	1.0	0.999	7	29	29	29	12	8	9	12	8	9	12	8	9	3.831302E7	3.7485636E7	4.020846E7	1.3185806E7	1.3136604E7	1.3529346E7	
sp|Q92316|OST5_YEAST	Q92316	OST5_YEAST	OST5	86	Saccharomyces cerevisiae (strain ATCC 204508 / S288c)	1:Experimental evidence at protein level	Dolichyl-diphosphooligosaccharide--protein glycosyltransferase subunit OST5	0.7069	0.9878	1	2	2	2	1	1	0	1	1	0	1	1	0	9242365.0	6591915.0	6197190.0	9242365.0	6591915.0	6197190.0	
sp|Q92317|NCB2_YEAST	Q92317	NCB2_YEAST	NCB2	146	Saccharomyces cerevisiae (strain ATCC 204508 / S288c)	1:Experimental evidence at protein level	Negative cofactor 2 complex subunit beta	0.9673	0.999	1	1	1	1	1	0	0	1	0	0	1	0	0	5137424.0	4736365.5	4466160.0	5137424.0	4736365.5	4466160.0	
sp|Q92331|VPS5_YEAST	Q92331	VPS5_YEAST	VPS5	675	Saccharomyces cerevisiae (strain ATCC 204508 / S288c)	1:Experimental evidence at protein level	Vacuolar protein sorting-associated protein 5	0.9978	0.996	2	4	4	4	2	1	1	2	1	1	2	1	1	2076972.0	2027636.9	1432658.1	2076972.0	2027636.9	1432658.1	
sp|Q96VH4|HBN1_YEAST	Q96VH4	HBN1_YEAST	HBN1	193	Saccharomyces cerevisiae (strain ATCC 204508 / S288c)	1:Experimental evidence at protein level	Putative nitroreductase HBN1	0.9589	0.9987	1	2	2	2	0	1	1	0	1	1	0	1	1	5181222.5	4410633.5	5424916.5	5181222.5	4410633.5	5424916.5	
sp|Q96VH5|MIC10_YEAST	Q96VH5	MIC10_YEAST	MIC10	97	Saccharomyces cerevisiae (strain ATCC 204508 / S288c)	1:Experimental evidence at protein level	MICOS complex subunit MIC10	1.0	0.9989	2	2	2	2	2	0	0	2	0	0	2	0	0	8500321.0	5722924.0	6773292.0	5331217.5	4026744.2	4741115.5	
sp|Q99186|AP2M_YEAST	Q99186	AP2M_YEAST	APM4	491	Saccharomyces cerevisiae (strain ATCC 204508 / S288c)	1:Experimental evidence at protein level	AP-2 complex subunit mu	0.9998	0.999	2	3	3	3	2	1	0	2	1	0	2	1	0	2430835.2	1859550.0	0.0	2430835.2	1859550.0	0.0	
sp|Q99190|TECR_YEAST	Q99190	TECR_YEAST	TSC13	310	Saccharomyces cerevisiae (strain ATCC 204508 / S288c)	1:Experimental evidence at protein level	Very-long-chain enoyl-CoA reductase	1.0	0.999	4	18	18	18	6	6	6	6	6	6	6	6	6	4.0852692E7	4.086442E7	3.9138136E7	2.1872232E7	1.7980406E7	1.8004954E7	
sp|Q99247|DUF1_YEAST	Q99247	DUF1_YEAST	DUF1	1116	Saccharomyces cerevisiae (strain ATCC 204508 / S288c)	1:Experimental evidence at protein level	DUB-associated factor 1	0.9961	0.999	2	4	4	4	2	1	1	2	1	1	2	1	1	1572121.2	2489514.5	2697337.8	1572121.2	2489514.5	2697337.8	
sp|Q99252|ECM3_YEAST	Q99252	ECM3_YEAST	ECM3	613	Saccharomyces cerevisiae (strain ATCC 204508 / S288c)	1:Experimental evidence at protein level	Protein ECM3	0.8694	0.9956	1	1	1	1	1	0	0	1	0	0	1	0	0	984560.7	329468.78	130680.266	984560.7	329468.78	130680.266	
sp|Q99257|MEX67_YEAST	Q99257	MEX67_YEAST	MEX67	599	Saccharomyces cerevisiae (strain ATCC 204508 / S288c)	1:Experimental evidence at protein level	mRNA export factor MEX67	1.0	0.999	3	7	7	7	3	3	1	3	3	1	3	3	1	8868684.0	8458716.0	6607989.0	4426803.5	6266968.5	4960453.0	
sp|Q99258|RIB3_YEAST	Q99258	RIB3_YEAST	RIB3	208	Saccharomyces cerevisiae (strain ATCC 204508 / S288c)	1:Experimental evidence at protein level	3,4-dihydroxy-2-butanone 4-phosphate synthase	1.0	0.999	10	55	55	55	19	18	18	19	18	18	19	18	18	1.39834336E8	1.43245744E8	1.74894016E8	2.7775908E7	2.8523996E7	2.450315E7	
sp|Q99287|SEY1_YEAST	Q99287	SEY1_YEAST	SEY1	776	Saccharomyces cerevisiae (strain ATCC 204508 / S288c)	1:Experimental evidence at protein level	Protein SEY1	1.0	0.999	3	3	3	3	1	0	2	1	0	2	1	0	2	3493214.0	6842012.5	6280960.5	3493214.0	6842012.5	6280960.5	
sp|Q99288|DET1_YEAST	Q99288	DET1_YEAST	DET1	334	Saccharomyces cerevisiae (strain ATCC 204508 / S288c)	1:Experimental evidence at protein level	Broad-range acid phosphatase DET1	0.9983	0.999	2	4	4	4	1	2	1	1	2	1	1	2	1	2972764.0	8132754.0	6353417.5	3165653.0	4234014.5	3553503.2	
sp|Q99316|MPD2_YEAST	Q99316	MPD2_YEAST	MPD2	277	Saccharomyces cerevisiae (strain ATCC 204508 / S288c)	1:Experimental evidence at protein level	Protein disulfide isomerase MPD2	0.9001	0.9967	1	1	1	1	1	0	0	1	0	0	1	0	0	922861.4	1586063.2	263023.84	922861.4	1586063.2	263023.84	
sp|Q99321|DDP1_YEAST	Q99321	DDP1_YEAST	DDP1	188	Saccharomyces cerevisiae (strain ATCC 204508 / S288c)	1:Experimental evidence at protein level	Diphosphoinositol polyphosphate phosphohydrolase DDP1	1.0	0.999	6	9	9	9	5	1	3	5	1	3	5	1	3	4.9651356E7	4.3036528E7	3.1987824E7	1.2015883E7	1.0714281E7	9636149.0	
sp|Q99383|HRP1_YEAST	Q99383	HRP1_YEAST	HRP1	534	Saccharomyces cerevisiae (strain ATCC 204508 / S288c)	1:Experimental evidence at protein level	Nuclear polyadenylated RNA-binding protein 4	1.0	0.999	7	20	20	20	9	5	6	9	5	6	9	5	6	5.1344708E7	5.4033304E7	5.9200164E7	1.9362862E7	2.0015138E7	2.262279E7	
sp|Q9P305|IGO2_YEAST	Q9P305	IGO2_YEAST	IGO2	131	Saccharomyces cerevisiae (strain ATCC 204508 / S288c)	1:Experimental evidence at protein level	mRNA stability protein IGO2	1.0	0.999	4	8	8	8	4	2	2	4	2	2	4	2	2	3.7166824E7	1.1186304E7	1.1055375E7	1.0261045E7	9011837.0	8351904.0	
