Protein	Protein ID	Entry Name	Gene	Length	Is Decoy	Is Contaminant	Organism	Protein Description	Protein Existence	Coverage	Protein Probability	Top Peptide Probability	Protein Qvalue	Total Peptides	Unique Peptides	Razor Peptides	Total Spectral Count	Unique Spectral Count	Razor Spectral Count	Total Intensity	Unique Intensity	Razor Intensity	Razor Assigned Modifications	Razor Observed Modifications	Indistinguishable Proteins
contam_sp|P00761|TRYP_PIG	P00761	TRYP_PIG		231	false	true	Sus scrofa	Trypsin	1:Experimental evidence at protein level	25.11	1.0000	0.9990	0.00000000000000	4	4	4	37	37	37	7.4459354E8	7.4459354E8	7.4459354E8	17M(15.9949)		
contam_sp|P32503|GAG_SCVLA	P32503	GAG_SCVLA	gag	680	false	true	Saccharomyces cerevisiae virus L-A	Major capsid protein	1:Experimental evidence at protein level	23.24	1.0000	0.9990	0.00000000000000	13	13	13	38	38	38	1.86016752E8	1.86016752E8	1.86016752E8	10C(57.0215),3C(57.0215)		
sp|O13516|RS9A_YEAST	O13516	RS9A_YEAST	RPS9A	197	false	false	Saccharomyces cerevisiae (strain ATCC 204508 / S288c)	40S ribosomal protein S9-A	1:Experimental evidence at protein level	49.75	1.0000	0.9990	0.00000000000000	12	1	1	70	1	1	1.11500211E9	1.482889E7	1.482889E7			
sp|O13535|YH11B_YEAST	O13535	YH11B_YEAST	TY1B-H	1793	false	false	Saccharomyces cerevisiae (strain ATCC 204508 / S288c)	Transposon Ty1-H Gag-Pol polyprotein	3:Protein inferred from homology	9.76	1.0000	0.9990	0.00000000000000	13	0	13	35	0	35	2.35903824E8	0	2.35903824E8	3C(57.0215)		
sp|O13563|RPN13_YEAST	O13563	RPN13_YEAST	RPN13	156	false	false	Saccharomyces cerevisiae (strain ATCC 204508 / S288c)	26S proteasome regulatory subunit RPN13	1:Experimental evidence at protein level	7.05	1.0000	0.9990	0.00000000000000	2	2	2	1	1	1	2.818708E7	2.818708E7	2.818708E7	4C(57.0215)		
sp|O14455|RL36B_YEAST	O14455	RL36B_YEAST	RPL36B	100	false	false	Saccharomyces cerevisiae (strain ATCC 204508 / S288c)	60S ribosomal protein L36-B	1:Experimental evidence at protein level	40.00	1.0000	0.9990	0.00000000000000	4	1	4	26	7	26	7.2335258E8	1.86346784E8	7.2335258E8	4M(15.9949)		
sp|O14467|MBF1_YEAST	O14467	MBF1_YEAST	MBF1	151	false	false	Saccharomyces cerevisiae (strain ATCC 204508 / S288c)	Multiprotein-bridging factor 1	1:Experimental evidence at protein level	51.66	1.0000	0.9990	0.00000000000000	8	8	8	19	19	19	2.59699552E8	2.59699552E8	2.59699552E8	N-term(42.0106)		
sp|O43137|YB085_YEAST	O43137	YB085_YEAST	YBR085C-A	85	false	false	Saccharomyces cerevisiae (strain ATCC 204508 / S288c)	Uncharacterized protein YBR085C-A	1:Experimental evidence at protein level	25.88	1.0000	0.9990	0.00000000000000	2	2	2	3	3	3	5.6639872E7	5.6639872E7	5.6639872E7			
sp|O74700|TIM9_YEAST	O74700	TIM9_YEAST	TIM9	87	false	false	Saccharomyces cerevisiae (strain ATCC 204508 / S288c)	Mitochondrial import inner membrane translocase subunit TIM9	1:Experimental evidence at protein level	24.14	1.0000	0.9990	0.00000000000000	2	2	2	3	3	3	7.885112E7	7.885112E7	7.885112E7	1C(57.0215),5C(57.0215)		
sp|P00045|CYC7_YEAST	P00045	CYC7_YEAST	CYC7	113	false	false	Saccharomyces cerevisiae (strain ATCC 204508 / S288c)	Cytochrome c isoform 2	1:Experimental evidence at protein level	9.73	1.0000	0.9990	0.00000000000000	2	1	2	1	1	1	7995940.0	3500198.8	7995940.0			
sp|P00330|ADH1_YEAST	P00330	ADH1_YEAST	ADH1	348	false	false	Saccharomyces cerevisiae (strain ATCC 204508 / S288c)	Alcohol dehydrogenase 1	1:Experimental evidence at protein level	41.38	1.0000	0.9990	0.00000000000000	15	8	15	258	123	258	7.6769116E9	6.7053036E9	7.6769116E9	1C(57.0215),2C(57.0215),5C(57.0215),5C(57.0215),5C(57.0215),5C(57.0215),5C(57.0215),N-term(42.0106)		
sp|P00358|G3P2_YEAST	P00358	G3P2_YEAST	TDH2	332	false	false	Saccharomyces cerevisiae (strain ATCC 204508 / S288c)	Glyceraldehyde-3-phosphate dehydrogenase 2	1:Experimental evidence at protein level	65.06	1.0000	0.9990	0.00000000000000	19	3	19	356	52	356	2.10244465E10	2.00652941E9	2.10244465E10	11C(57.0215),7C(57.0215),12M(15.9949),12M(15.9949),15M(15.9949),15M(15.9949)		
sp|P00359|G3P3_YEAST	P00359	G3P3_YEAST	TDH3	332	false	false	Saccharomyces cerevisiae (strain ATCC 204508 / S288c)	Glyceraldehyde-3-phosphate dehydrogenase 3	1:Experimental evidence at protein level	66.57	1.0000	0.9990	0.00000000000000	20	4	5	348	29	47	2.10244465E10	6.6483853E8	4.4177812E9	13M(15.9949),21M(15.9949),26M(15.9949)		
sp|P00360|G3P1_YEAST	P00360	G3P1_YEAST	TDH1	332	false	false	Saccharomyces cerevisiae (strain ATCC 204508 / S288c)	Glyceraldehyde-3-phosphate dehydrogenase 1	1:Experimental evidence at protein level	64.46	1.0000	0.9990	0.00000000000000	18	8	8	256	85	85	1.61967063E10	2.33397504E9	2.33397504E9	12M(15.9949)		
sp|P00431|CCPR_YEAST	P00431	CCPR_YEAST	CCP1	361	false	false	Saccharomyces cerevisiae (strain ATCC 204508 / S288c)	Cytochrome c peroxidase, mitochondrial	1:Experimental evidence at protein level	6.65	1.0000	0.9990	0.00000000000000	5	5	5	4	4	4	2.0053952E7	2.0053952E7	2.0053952E7			
sp|P00445|SODC_YEAST	P00445	SODC_YEAST	SOD1	154	false	false	Saccharomyces cerevisiae (strain ATCC 204508 / S288c)	Superoxide dismutase [Cu-Zn]	1:Experimental evidence at protein level	83.12	1.0000	0.9990	0.00000000000000	10	10	10	62	62	62	1.13263181E9	1.13263181E9	1.13263181E9	14C(57.0215),3C(57.0215)		
sp|P00447|SODM_YEAST	P00447	SODM_YEAST	SOD2	233	false	false	Saccharomyces cerevisiae (strain ATCC 204508 / S288c)	Superoxide dismutase [Mn], mitochondrial	1:Experimental evidence at protein level	40.34	1.0000	0.9990	0.00000000000000	7	7	7	11	11	11	5.243684E7	5.243684E7	5.243684E7	10C(57.0215)		
sp|P00498|HIS1_YEAST	P00498	HIS1_YEAST	HIS1	297	false	false	Saccharomyces cerevisiae (strain ATCC 204508 / S288c)	ATP phosphoribosyltransferase	1:Experimental evidence at protein level	27.61	1.0000	0.9990	0.00000000000000	9	9	9	13	13	13	8.48452E7	8.48452E7	8.48452E7	1C(57.0215),4C(57.0215),N-term(42.0106)		
sp|P00546|CDK1_YEAST	P00546	CDK1_YEAST	CDC28	298	false	false	Saccharomyces cerevisiae (strain ATCC 204508 / S288c)	Cyclin-dependent kinase 1	1:Experimental evidence at protein level	10.07	1.0000	0.9990	0.00000000000000	4	2	2	4	1	1	4.5219292E7	8914551.0	8914551.0			
sp|P00549|KPYK1_YEAST	P00549	KPYK1_YEAST	CDC19	500	false	false	Saccharomyces cerevisiae (strain ATCC 204508 / S288c)	Pyruvate kinase 1	1:Experimental evidence at protein level	67.00	1.0000	0.9990	0.00000000000000	27	25	27	378	325	378	7.1056563E9	7.1056563E9	7.1056563E9	10C(57.0215),10C(57.0215),10C(57.0215),14M(15.9949),12M(15.9949),4C(57.0215),16C(57.0215),16C(57.0215),16C(57.0215),16C(57.0215),16C(57.0215),18M(15.9949),16C(57.0215),18M(15.9949),18M(15.9949),1M(15.9949),2C(57.0215),2M(15.9949),4C(57.0215),5C(57.0215),5C(57.0215),5C(57.0215),5C(57.0215),6M(15.9949)		
sp|P00560|PGK_YEAST	P00560	PGK_YEAST	PGK1	416	false	false	Saccharomyces cerevisiae (strain ATCC 204508 / S288c)	Phosphoglycerate kinase	1:Experimental evidence at protein level	61.78	1.0000	0.9990	0.00000000000000	26	26	26	371	371	371	6.1316833E9	6.1316833E9	6.1316833E9	5M(15.9949),5M(15.9949),8C(57.0215),8C(57.0215)		
sp|P00724|INV2_YEAST	P00724	INV2_YEAST	SUC2	532	false	false	Saccharomyces cerevisiae (strain ATCC 204508 / S288c)	Invertase 2	1:Experimental evidence at protein level	3.20	1.0000	0.9990	0.00000000000000	3	3	3	2	2	2	2.9343544E7	2.9343544E7	2.9343544E7			
sp|P00729|CBPY_YEAST	P00729	CBPY_YEAST	PRC1	532	false	false	Saccharomyces cerevisiae (strain ATCC 204508 / S288c)	Carboxypeptidase Y	1:Experimental evidence at protein level	20.11	1.0000	0.9990	0.00000000000000	7	7	7	30	30	30	7.9119896E7	7.9119896E7	7.9119896E7	13C(57.0215),4C(57.0215)		
sp|P00812|ARGI_YEAST	P00812	ARGI_YEAST	CAR1	333	false	false	Saccharomyces cerevisiae (strain ATCC 204508 / S288c)	Arginase	1:Experimental evidence at protein level	13.51	1.0000	0.9990	0.00000000000000	7	7	7	6	6	6	3.2734108E7	3.2734108E7	3.2734108E7	N-term(42.0106)		
sp|P00815|HIS2_YEAST	P00815	HIS2_YEAST	HIS4	799	false	false	Saccharomyces cerevisiae (strain ATCC 204508 / S288c)	Histidine biosynthesis trifunctional protein	1:Experimental evidence at protein level	34.92	1.0000	0.9990	0.00000000000000	22	22	22	50	50	50	1.54294176E8	1.54294176E8	1.54294176E8	18C(57.0215),21C(57.0215),4C(57.0215),8C(57.0215)		
sp|P00817|IPYR_YEAST	P00817	IPYR_YEAST	IPP1	287	false	false	Saccharomyces cerevisiae (strain ATCC 204508 / S288c)	Inorganic pyrophosphatase	1:Experimental evidence at protein level	34.15	1.0000	0.9990	0.00000000000000	11	10	11	54	53	54	6.4308826E8	6.4308826E8	6.4308826E8			
sp|P00830|ATPB_YEAST	P00830	ATPB_YEAST	ATP2	511	false	false	Saccharomyces cerevisiae (strain ATCC 204508 / S288c)	ATP synthase subunit beta, mitochondrial	1:Experimental evidence at protein level	37.77	1.0000	0.9990	0.00000000000000	14	14	14	36	36	36	2.23526624E8	2.23526624E8	2.23526624E8			
sp|P00890|CISY1_YEAST	P00890	CISY1_YEAST	CIT1	479	false	false	Saccharomyces cerevisiae (strain ATCC 204508 / S288c)	Citrate synthase, mitochondrial	1:Experimental evidence at protein level	40.29	1.0000	0.9990	0.00000000000000	19	19	19	37	37	37	1.10888864E8	1.10888864E8	1.10888864E8	N-term(42.0106)		
sp|P00899|TRPE_YEAST	P00899	TRPE_YEAST	TRP2	507	false	false	Saccharomyces cerevisiae (strain ATCC 204508 / S288c)	Anthranilate synthase component 1	1:Experimental evidence at protein level	19.13	1.0000	0.9990	0.00000000000000	10	10	10	11	11	11	3.9748172E7	3.9748172E7	3.9748172E7	2C(57.0215),5C(57.0215)		
sp|P00924|ENO1_YEAST	P00924	ENO1_YEAST	ENO1	437	false	false	Saccharomyces cerevisiae (strain ATCC 204508 / S288c)	Enolase 1	1:Experimental evidence at protein level	59.73	1.0000	0.9990	0.00000000000000	21	10	10	348	147	147	1.23900723E10	3.3574889E9	3.3574889E9	15M(15.9949)		
sp|P00925|ENO2_YEAST	P00925	ENO2_YEAST	ENO2	437	false	false	Saccharomyces cerevisiae (strain ATCC 204508 / S288c)	Enolase 2	1:Experimental evidence at protein level	64.99	1.0000	0.9990	0.00000000000000	23	12	23	402	201	402	1.23900723E10	3.96445107E9	1.23900723E10	10M(15.9949),10M(15.9949),10M(15.9949),15M(15.9949),11M(15.9949),11M(15.9949),15M(15.9949),17M(15.9949),3M(15.9949),5C(57.0215),6M(15.9949)		
sp|P00927|THDH_YEAST	P00927	THDH_YEAST	ILV1	576	false	false	Saccharomyces cerevisiae (strain ATCC 204508 / S288c)	Threonine dehydratase, mitochondrial	1:Experimental evidence at protein level	7.64	1.0000	0.9990	0.00000000000000	3	3	3	3	3	3	1.3406026E7	1.3406026E7	1.3406026E7			
sp|P00931|TRP_YEAST	P00931	TRP_YEAST	TRP5	707	false	false	Saccharomyces cerevisiae (strain ATCC 204508 / S288c)	Tryptophan synthase	1:Experimental evidence at protein level	44.13	1.0000	0.9990	0.00000000000000	25	25	25	46	46	46	1.45332016E8	1.45332016E8	1.45332016E8	16C(57.0215),16C(57.0215),19C(57.0215),22C(57.0215),5C(57.0215),5C(57.0215),8C(57.0215),8C(57.0215)		
sp|P00937|TRPG_YEAST	P00937	TRPG_YEAST	TRP3	484	false	false	Saccharomyces cerevisiae (strain ATCC 204508 / S288c)	Multifunctional tryptophan biosynthesis protein	1:Experimental evidence at protein level	20.25	1.0000	0.9990	0.00000000000000	11	11	11	12	12	12	3.377202E7	3.377202E7	3.377202E7	14C(57.0215),4C(57.0215),N-term(42.0106)		
sp|P00942|TPIS_YEAST	P00942	TPIS_YEAST	TPI1	248	false	false	Saccharomyces cerevisiae (strain ATCC 204508 / S288c)	Triosephosphate isomerase	1:Experimental evidence at protein level	45.16	1.0000	0.9990	0.00000000000000	10	10	10	102	102	102	2.14229824E9	2.14229824E9	2.14229824E9			
sp|P00950|PMG1_YEAST	P00950	PMG1_YEAST	GPM1	247	false	false	Saccharomyces cerevisiae (strain ATCC 204508 / S288c)	Phosphoglycerate mutase 1	1:Experimental evidence at protein level	68.83	1.0000	0.9990	0.00000000000000	14	14	14	131	131	131	5.2869847E9	5.2869847E9	5.2869847E9			
sp|P00958|SYMC_YEAST	P00958	SYMC_YEAST	MES1	751	false	false	Saccharomyces cerevisiae (strain ATCC 204508 / S288c)	Methionine--tRNA ligase, cytoplasmic	1:Experimental evidence at protein level	35.29	1.0000	0.9990	0.00000000000000	22	22	22	32	32	32	7.3295488E7	7.3295488E7	7.3295488E7	6C(57.0215)		
sp|P01120|RAS2_YEAST	P01120	RAS2_YEAST	RAS2	322	false	false	Saccharomyces cerevisiae (strain ATCC 204508 / S288c)	Ras-like protein 2	1:Experimental evidence at protein level	45.65	1.0000	0.9990	0.00000000000000	12	11	12	15	12	15	9.0735808E7	6.3828648E7	9.0735808E7			
sp|P01123|YPT1_YEAST	P01123	YPT1_YEAST	YPT1	206	false	false	Saccharomyces cerevisiae (strain ATCC 204508 / S288c)	GTP-binding protein YPT1	1:Experimental evidence at protein level	27.18	1.0000	0.9990	0.00000000000000	6	5	5	11	7	7	1.30631784E8	1.11722704E8	1.11722704E8	N-term(42.0106)		
sp|P02293|H2B1_YEAST	P02293	H2B1_YEAST	HTB1	131	false	false	Saccharomyces cerevisiae (strain ATCC 204508 / S288c)	Histone H2B.1	1:Experimental evidence at protein level	22.14	1.0000	0.9990	0.00000000000000	3	0	3	21	0	21	6.8501043E8	0	6.8501043E8			sp|P02294|H2B2_YEAST
sp|P02309|H4_YEAST	P02309	H4_YEAST	HHF1	103	false	false	Saccharomyces cerevisiae (strain ATCC 204508 / S288c)	Histone H4	1:Experimental evidence at protein level	50.49	1.0000	0.9990	0.00000000000000	6	6	6	27	27	27	5.145152E8	5.145152E8	5.145152E8			
sp|P02400|RLA4_YEAST	P02400	RLA4_YEAST	RPP2B	110	false	false	Saccharomyces cerevisiae (strain ATCC 204508 / S288c)	60S acidic ribosomal protein P2-beta	1:Experimental evidence at protein level	85.45	1.0000	0.9990	0.00000000000000	5	5	5	27	27	27	8.410391E8	8.410391E8	8.410391E8			
sp|P02406|RL28_YEAST	P02406	RL28_YEAST	RPL28	149	false	false	Saccharomyces cerevisiae (strain ATCC 204508 / S288c)	60S ribosomal protein L28	1:Experimental evidence at protein level	51.68	1.0000	0.9990	0.00000000000000	8	8	8	20	20	20	5.18147776E8	5.18147776E8	5.18147776E8	2M(15.9949),2M(15.9949)		
sp|P02407|RS17A_YEAST	P02407	RS17A_YEAST	RPS17A	136	false	false	Saccharomyces cerevisiae (strain ATCC 204508 / S288c)	40S ribosomal protein S17-A	1:Experimental evidence at protein level	42.65	1.0000	0.9990	0.00000000000000	6	0	6	35	0	35	1.07309274E9	0	1.07309274E9	2C(57.0215)		sp|P14127|RS17B_YEAST
sp|P02557|TBB_YEAST	P02557	TBB_YEAST	TUB2	457	false	false	Saccharomyces cerevisiae (strain ATCC 204508 / S288c)	Tubulin beta chain	1:Experimental evidence at protein level	18.60	1.0000	0.9990	0.00000000000000	8	8	8	15	15	15	7.7456496E7	7.7456496E7	7.7456496E7	5C(57.0215)		
sp|P02829|HSP82_YEAST	P02829	HSP82_YEAST	HSP82	709	false	false	Saccharomyces cerevisiae (strain ATCC 204508 / S288c)	ATP-dependent molecular chaperone HSP82	1:Experimental evidence at protein level	40.34	1.0000	0.9990	0.00000000000000	32	5	5	171	14	14	1.64393088E9	2.4557568E8	2.4557568E8			
sp|P02992|EFTU_YEAST	P02992	EFTU_YEAST	TUF1	437	false	false	Saccharomyces cerevisiae (strain ATCC 204508 / S288c)	Elongation factor Tu, mitochondrial	1:Experimental evidence at protein level	21.97	1.0000	0.9990	0.00000000000000	7	7	7	11	11	11	5.782056E7	5.782056E7	5.782056E7	19C(57.0215)		
sp|P02994|EF1A_YEAST	P02994	EF1A_YEAST	TEF1	458	false	false	Saccharomyces cerevisiae (strain ATCC 204508 / S288c)	Elongation factor 1-alpha	1:Experimental evidence at protein level	41.92	1.0000	0.9990	0.00000000000000	21	21	21	306	306	306	7.863806E9	7.863806E9	7.863806E9	15M(15.9949),3C(57.0215),4C(57.0215),4M(15.9949),4M(15.9949),5C(57.0215),7M(15.9949),8C(57.0215),8C(57.0215),8C(57.0215),8C(57.0215)		
sp|P03965|CARB_YEAST	P03965	CARB_YEAST	CPA2	1118	false	false	Saccharomyces cerevisiae (strain ATCC 204508 / S288c)	Carbamoyl-phosphate synthase arginine-specific large chain	1:Experimental evidence at protein level	18.60	1.0000	0.9990	0.00000000000000	20	18	18	22	18	18	1.7261288E8	9.816936E7	9.816936E7	16C(57.0215),4C(57.0215),8C(57.0215)		
sp|P04046|PUR1_YEAST	P04046	PUR1_YEAST	ADE4	510	false	false	Saccharomyces cerevisiae (strain ATCC 204508 / S288c)	Amidophosphoribosyltransferase	1:Experimental evidence at protein level	23.73	1.0000	0.9990	0.00000000000000	13	13	13	17	17	17	9.2986608E7	9.2986608E7	9.2986608E7	10C(57.0215),11C(57.0215),12C(57.0215),13C(57.0215),2C(57.0215),6C(57.0215)		
sp|P04050|RPB1_YEAST	P04050	RPB1_YEAST	RPO21	1733	false	false	Saccharomyces cerevisiae (strain ATCC 204508 / S288c)	DNA-directed RNA polymerase II subunit RPB1	1:Experimental evidence at protein level	12.87	1.0000	0.9990	0.00000000000000	22	22	22	23	23	23	4.2485184E7	4.2485184E7	4.2485184E7	11C(57.0215),1C(57.0215),4C(57.0215),3C(57.0215),5C(57.0215),7C(57.0215),8C(57.0215)		
sp|P04076|ARLY_YEAST	P04076	ARLY_YEAST	ARG4	463	false	false	Saccharomyces cerevisiae (strain ATCC 204508 / S288c)	Argininosuccinate lyase	1:Experimental evidence at protein level	28.29	1.0000	0.9990	0.00000000000000	12	12	12	13	13	13	6.9504728E7	6.9504728E7	6.9504728E7			
sp|P04147|PABP_YEAST	P04147	PABP_YEAST	PAB1	577	false	false	Saccharomyces cerevisiae (strain ATCC 204508 / S288c)	Polyadenylate-binding protein, cytoplasmic and nuclear	1:Experimental evidence at protein level	40.55	1.0000	0.9990	0.00000000000000	21	21	21	49	49	49	2.28073504E8	2.28073504E8	2.28073504E8			
sp|P04161|PUR3_YEAST	P04161	PUR3_YEAST	ADE8	214	false	false	Saccharomyces cerevisiae (strain ATCC 204508 / S288c)	Phosphoribosylglycinamide formyltransferase	1:Experimental evidence at protein level	11.68	1.0000	0.9990	0.00000000000000	3	3	3	3	3	3	1.8915238E7	1.8915238E7	1.8915238E7			
sp|P04449|RL24A_YEAST	P04449	RL24A_YEAST	RPL24A	155	false	false	Saccharomyces cerevisiae (strain ATCC 204508 / S288c)	60S ribosomal protein L24-A	1:Experimental evidence at protein level	30.97	1.0000	0.9990	0.00000000000000	7	1	7	39	4	39	4.23686912E8	1.07901168E8	4.23686912E8			
sp|P04456|RL25_YEAST	P04456	RL25_YEAST	RPL25	142	false	false	Saccharomyces cerevisiae (strain ATCC 204508 / S288c)	60S ribosomal protein L25	1:Experimental evidence at protein level	37.32	1.0000	0.9990	0.00000000000000	5	5	5	43	43	43	1.13723955E9	1.13723955E9	1.13723955E9			
sp|P04650|RL39_YEAST	P04650	RL39_YEAST	RPL39	51	false	false	Saccharomyces cerevisiae (strain ATCC 204508 / S288c)	60S ribosomal protein L39	1:Experimental evidence at protein level	19.61	1.0000	0.9990	0.00000000000000	2	2	2	13	13	13	3.27393664E8	3.27393664E8	3.27393664E8			
sp|P04801|SYTC_YEAST	P04801	SYTC_YEAST	THS1	734	false	false	Saccharomyces cerevisiae (strain ATCC 204508 / S288c)	Threonine--tRNA ligase, cytoplasmic	1:Experimental evidence at protein level	36.24	1.0000	0.9990	0.00000000000000	23	23	23	49	49	49	1.2879244E8	1.2879244E8	1.2879244E8	15C(57.0215),5C(57.0215),5C(57.0215)		
sp|P04802|SYDC_YEAST	P04802	SYDC_YEAST	DPS1	557	false	false	Saccharomyces cerevisiae (strain ATCC 204508 / S288c)	Aspartate--tRNA ligase, cytoplasmic	1:Experimental evidence at protein level	49.01	1.0000	0.9990	0.00000000000000	25	25	25	64	64	64	2.76099488E8	2.76099488E8	2.76099488E8	10C(57.0215),3C(57.0215),6C(57.0215),N-term(42.0106)		
sp|P04806|HXKA_YEAST	P04806	HXKA_YEAST	HXK1	485	false	false	Saccharomyces cerevisiae (strain ATCC 204508 / S288c)	Hexokinase-1	1:Experimental evidence at protein level	50.52	1.0000	0.9990	0.00000000000000	19	17	17	97	78	78	1.39162816E9	8.6317126E8	8.6317126E8	11M(15.9949),15C(57.0215),15C(57.0215),15C(57.0215),15C(57.0215),2C(57.0215)		
sp|P04807|HXKB_YEAST	P04807	HXKB_YEAST	HXK2	486	false	false	Saccharomyces cerevisiae (strain ATCC 204508 / S288c)	Hexokinase-2	1:Experimental evidence at protein level	50.00	1.0000	0.9990	0.00000000000000	22	20	22	103	84	103	1.34550502E9	7.6295341E8	1.34550502E9	11M(15.9949),15C(57.0215),15C(57.0215),15C(57.0215),15C(57.0215),17C(57.0215),17C(57.0215),3M(15.9949)		
sp|P04840|VDAC1_YEAST	P04840	VDAC1_YEAST	POR1	283	false	false	Saccharomyces cerevisiae (strain ATCC 204508 / S288c)	Mitochondrial outer membrane protein porin 1	1:Experimental evidence at protein level	53.00	1.0000	0.9990	0.00000000000000	12	12	12	62	62	62	6.8739994E8	6.8739994E8	6.8739994E8	6C(57.0215)		
sp|P04911|H2A1_YEAST	P04911	H2A1_YEAST	HTA1	132	false	false	Saccharomyces cerevisiae (strain ATCC 204508 / S288c)	Histone H2A.1	1:Experimental evidence at protein level	34.85	1.0000	0.9990	0.00000000000000	4	0	4	29	0	29	4.32157792E8	0	4.32157792E8			sp|P04912|H2A2_YEAST
sp|P05030|PMA1_YEAST	P05030	PMA1_YEAST	PMA1	918	false	false	Saccharomyces cerevisiae (strain ATCC 204508 / S288c)	Plasma membrane ATPase 1	1:Experimental evidence at protein level	39.87	1.0000	0.9990	0.00000000000000	27	10	27	115	48	115	1.24716493E9	7.4859776E8	1.24716493E9	13C(57.0215),13C(57.0215),13C(57.0215),14C(57.0215),14C(57.0215),14C(57.0215),14C(57.0215),14C(57.0215),14C(57.0215),22C(57.0215),6C(57.0215),6C(57.0215),6M(15.9949),9M(15.9949)		
sp|P05317|RLA0_YEAST	P05317	RLA0_YEAST	RPP0	312	false	false	Saccharomyces cerevisiae (strain ATCC 204508 / S288c)	60S acidic ribosomal protein P0	1:Experimental evidence at protein level	38.46	1.0000	0.9990	0.00000000000000	12	12	12	47	47	47	6.8238714E8	6.8238714E8	6.8238714E8	5M(15.9949)		
sp|P05318|RLA1_YEAST	P05318	RLA1_YEAST	RPP1A	106	false	false	Saccharomyces cerevisiae (strain ATCC 204508 / S288c)	60S acidic ribosomal protein P1-alpha	1:Experimental evidence at protein level	28.30	1.0000	0.9990	0.00000000000000	2	2	2	7	7	7	2.16581456E8	2.16581456E8	2.16581456E8			
sp|P05319|RLA2_YEAST	P05319	RLA2_YEAST	RPP2A	106	false	false	Saccharomyces cerevisiae (strain ATCC 204508 / S288c)	60S acidic ribosomal protein P2-alpha	1:Experimental evidence at protein level	66.04	1.0000	0.9990	0.00000000000000	4	4	4	18	18	18	7.4724179E8	7.4724179E8	7.4724179E8			
sp|P05373|HEM2_YEAST	P05373	HEM2_YEAST	HEM2	342	false	false	Saccharomyces cerevisiae (strain ATCC 204508 / S288c)	Delta-aminolevulinic acid dehydratase	1:Experimental evidence at protein level	18.42	1.0000	0.9990	0.00000000000000	6	6	6	8	8	8	3.1325436E7	3.1325436E7	3.1325436E7			
sp|P05374|CHO2_YEAST	P05374	CHO2_YEAST	CHO2	869	false	false	Saccharomyces cerevisiae (strain ATCC 204508 / S288c)	Phosphatidylethanolamine N-methyltransferase	1:Experimental evidence at protein level	4.60	1.0000	0.9990	0.00000000000000	5	5	5	7	7	7	1.3371405E7	1.3371405E7	1.3371405E7	5C(57.0215)		
sp|P05453|ERF3_YEAST	P05453	ERF3_YEAST	SUP35	685	false	false	Saccharomyces cerevisiae (strain ATCC 204508 / S288c)	Eukaryotic peptide chain release factor GTP-binding subunit	1:Experimental evidence at protein level	21.75	1.0000	0.9990	0.00000000000000	15	15	15	17	17	17	5.7515376E7	5.7515376E7	5.7515376E7	12C(57.0215),2C(57.0215)		
sp|P05694|METE_YEAST	P05694	METE_YEAST	MET6	767	false	false	Saccharomyces cerevisiae (strain ATCC 204508 / S288c)	5-methyltetrahydropteroyltriglutamate--homocysteine methyltransferase	1:Experimental evidence at protein level	47.98	1.0000	0.9990	0.00000000000000	34	34	34	77	77	77	2.4159088E8	2.4159088E8	2.4159088E8	7C(57.0215),8C(57.0215)		
sp|P05737|RL7A_YEAST	P05737	RL7A_YEAST	RPL7A	244	false	false	Saccharomyces cerevisiae (strain ATCC 204508 / S288c)	60S ribosomal protein L7-A	1:Experimental evidence at protein level	47.95	1.0000	0.9990	0.00000000000000	11	1	11	54	8	54	1.04674586E9	2.55554352E8	1.04674586E9			
sp|P05738|RL9A_YEAST	P05738	RL9A_YEAST	RPL9A	191	false	false	Saccharomyces cerevisiae (strain ATCC 204508 / S288c)	60S ribosomal protein L9-A	1:Experimental evidence at protein level	50.26	1.0000	0.9990	0.00000000000000	7	1	7	36	2	36	6.9050189E8	8824284.0	6.9050189E8	24C(57.0215),6M(15.9949)		
sp|P05739|RL6B_YEAST	P05739	RL6B_YEAST	RPL6B	176	false	false	Saccharomyces cerevisiae (strain ATCC 204508 / S288c)	60S ribosomal protein L6-B	1:Experimental evidence at protein level	43.75	1.0000	0.9990	0.00000000000000	8	4	8	51	28	51	5.8415501E8	3.20271264E8	5.8415501E8			
sp|P05740|RL17A_YEAST	P05740	RL17A_YEAST	RPL17A	184	false	false	Saccharomyces cerevisiae (strain ATCC 204508 / S288c)	60S ribosomal protein L17-A	1:Experimental evidence at protein level	41.85	1.0000	0.9990	0.00000000000000	6	1	6	36	7	36	9.563703E8	4.187736E8	9.563703E8			
sp|P05743|RL26A_YEAST	P05743	RL26A_YEAST	RPL26A	127	false	false	Saccharomyces cerevisiae (strain ATCC 204508 / S288c)	60S ribosomal protein L26-A	1:Experimental evidence at protein level	46.46	1.0000	0.9990	0.00000000000000	9	1	1	42	1	1	8.8160506E8	5.8913692E7	5.8913692E7			
sp|P05744|RL33A_YEAST	P05744	RL33A_YEAST	RPL33A	107	false	false	Saccharomyces cerevisiae (strain ATCC 204508 / S288c)	60S ribosomal protein L33-A	1:Experimental evidence at protein level	17.76	1.0000	0.9990	0.00000000000000	3	0	3	10	0	10	4.00242176E8	0	4.00242176E8			sp|P41056|RL33B_YEAST
sp|P05747|RL29_YEAST	P05747	RL29_YEAST	RPL29	59	false	false	Saccharomyces cerevisiae (strain ATCC 204508 / S288c)	60S ribosomal protein L29	1:Experimental evidence at protein level	28.81	1.0000	0.9990	0.00000000000000	2	2	2	8	8	8	2.70420192E8	2.70420192E8	2.70420192E8			
sp|P05748|RL15A_YEAST	P05748	RL15A_YEAST	RPL15A	204	false	false	Saccharomyces cerevisiae (strain ATCC 204508 / S288c)	60S ribosomal protein L15-A	1:Experimental evidence at protein level	37.75	1.0000	0.9990	0.00000000000000	8	2	8	42	21	42	8.8202554E8	6.6920877E8	8.8202554E8	5C(57.0215),5C(57.0215),5C(57.0215)		
sp|P05749|RL22A_YEAST	P05749	RL22A_YEAST	RPL22A	121	false	false	Saccharomyces cerevisiae (strain ATCC 204508 / S288c)	60S ribosomal protein L22-A	1:Experimental evidence at protein level	23.97	1.0000	0.9990	0.00000000000000	2	1	2	9	5	9	1.44203968E8	3.3030848E7	1.44203968E8			
sp|P05750|RS3_YEAST	P05750	RS3_YEAST	RPS3	240	false	false	Saccharomyces cerevisiae (strain ATCC 204508 / S288c)	40S ribosomal protein S3	1:Experimental evidence at protein level	65.83	1.0000	0.9990	0.00000000000000	15	15	15	80	80	80	9.3331302E8	9.3331302E8	9.3331302E8	2C(57.0215),3M(15.9949)		
sp|P05755|RS9B_YEAST	P05755	RS9B_YEAST	RPS9B	195	false	false	Saccharomyces cerevisiae (strain ATCC 204508 / S288c)	40S ribosomal protein S9-B	1:Experimental evidence at protein level	49.23	1.0000	0.9990	0.00000000000000	12	1	12	71	2	71	1.11500211E9	6.2081664E7	1.11500211E9	9M(15.9949)		
sp|P05756|RS13_YEAST	P05756	RS13_YEAST	RPS13	151	false	false	Saccharomyces cerevisiae (strain ATCC 204508 / S288c)	40S ribosomal protein S13	1:Experimental evidence at protein level	44.37	1.0000	0.9990	0.00000000000000	7	7	7	36	36	36	3.93705088E8	3.93705088E8	3.93705088E8			
sp|P05759|RS31_YEAST	P05759	RS31_YEAST	RPS31	152	false	false	Saccharomyces cerevisiae (strain ATCC 204508 / S288c)	Ubiquitin-40S ribosomal protein S31	1:Experimental evidence at protein level	34.21	1.0000	0.9990	0.00000000000000	5	2	5	44	10	44	8.7718739E8	4.54279232E8	8.7718739E8	2C(57.0215),7C(57.0215)		
sp|P06101|CDC37_YEAST	P06101	CDC37_YEAST	CDC37	506	false	false	Saccharomyces cerevisiae (strain ATCC 204508 / S288c)	Hsp90 co-chaperone Cdc37	1:Experimental evidence at protein level	12.06	1.0000	0.9990	0.00000000000000	8	8	8	8	8	8	7.0171248E7	7.0171248E7	7.0171248E7			
sp|P06103|EIF3B_YEAST	P06103	EIF3B_YEAST	PRT1	763	false	false	Saccharomyces cerevisiae (strain ATCC 204508 / S288c)	Eukaryotic translation initiation factor 3 subunit B	1:Experimental evidence at protein level	31.19	1.0000	0.9990	0.00000000000000	23	23	23	30	30	30	8.0901824E7	8.0901824E7	8.0901824E7	9C(57.0215)		
sp|P06105|SC160_YEAST	P06105	SC160_YEAST	SCP160	1222	false	false	Saccharomyces cerevisiae (strain ATCC 204508 / S288c)	Protein SCP160	1:Experimental evidence at protein level	37.15	1.0000	0.9990	0.00000000000000	45	45	45	59	59	59	1.12225376E8	1.12225376E8	1.12225376E8	2C(57.0215),3C(57.0215)		
sp|P06168|ILV5_YEAST	P06168	ILV5_YEAST	ILV5	395	false	false	Saccharomyces cerevisiae (strain ATCC 204508 / S288c)	Ketol-acid reductoisomerase, mitochondrial	1:Experimental evidence at protein level	43.54	1.0000	0.9990	0.00000000000000	14	14	14	59	59	59	3.59076096E8	3.59076096E8	3.59076096E8			
sp|P06169|PDC1_YEAST	P06169	PDC1_YEAST	PDC1	563	false	false	Saccharomyces cerevisiae (strain ATCC 204508 / S288c)	Pyruvate decarboxylase isozyme 1	1:Experimental evidence at protein level	60.92	1.0000	0.9990	0.00000000000000	29	20	29	357	198	357	9.309481E9	9.309481E9	9.309481E9	10C(57.0215),9C(57.0215),10C(57.0215),9C(57.0215),10C(57.0215),9C(57.0215),10M(15.9949),10M(15.9949),11M(15.9949),14M(15.9949),1M(15.9949),1M(15.9949),5M(15.9949),7M(15.9949),9M(15.9949),N-term(42.0106),N-term(42.0106)		
sp|P06182|CCHL_YEAST	P06182	CCHL_YEAST	CYC3	269	false	false	Saccharomyces cerevisiae (strain ATCC 204508 / S288c)	Holocytochrome-c synthase	1:Experimental evidence at protein level	14.13	1.0000	0.9990	0.00000000000000	6	6	6	5	5	5	2.327349E7	2.327349E7	2.327349E7			
sp|P06197|PIS_YEAST	P06197	PIS_YEAST	PIS1	220	false	false	Saccharomyces cerevisiae (strain ATCC 204508 / S288c)	CDP-diacylglycerol--inositol 3-phosphatidyltransferase	1:Experimental evidence at protein level	15.00	1.0000	0.9990	0.00000000000000	3	3	3	4	4	4	3.6271656E7	3.6271656E7	3.6271656E7			
sp|P06208|LEU1_YEAST	P06208	LEU1_YEAST	LEU4	619	false	false	Saccharomyces cerevisiae (strain ATCC 204508 / S288c)	2-isopropylmalate synthase	1:Experimental evidence at protein level	19.06	1.0000	0.9990	0.00000000000000	14	6	14	19	8	19	8.3801984E7	5.0664988E7	8.3801984E7	2C(57.0215),2C(57.0215),7C(57.0215),2C(57.0215),7C(57.0215),2C(57.0215),7C(57.0215),4C(57.0215)		
sp|P06634|DED1_YEAST	P06634	DED1_YEAST	DED1	604	false	false	Saccharomyces cerevisiae (strain ATCC 204508 / S288c)	ATP-dependent RNA helicase DED1	1:Experimental evidence at protein level	35.10	1.0000	0.9990	0.00000000000000	17	13	17	28	21	28	1.0285476E8	8.504752E7	1.0285476E8	2C(57.0215),5C(57.0215),6C(57.0215)		
sp|P06738|PHSG_YEAST	P06738	PHSG_YEAST	GPH1	902	false	false	Saccharomyces cerevisiae (strain ATCC 204508 / S288c)	Glycogen phosphorylase	1:Experimental evidence at protein level	29.93	1.0000	0.9990	0.00000000000000	24	24	24	37	37	37	1.01543384E8	1.01543384E8	1.01543384E8	4C(57.0215)		
sp|P06780|RHO1_YEAST	P06780	RHO1_YEAST	RHO1	209	false	false	Saccharomyces cerevisiae (strain ATCC 204508 / S288c)	GTP-binding protein RHO1	1:Experimental evidence at protein level	32.54	1.0000	0.9990	0.00000000000000	5	5	5	8	8	8	1.77604704E8	1.77604704E8	1.77604704E8	27C(57.0215),9C(57.0215)		
sp|P06782|SNF1_YEAST	P06782	SNF1_YEAST	SNF1	633	false	false	Saccharomyces cerevisiae (strain ATCC 204508 / S288c)	Carbon catabolite-derepressing protein kinase	1:Experimental evidence at protein level	11.06	1.0000	0.9990	0.00000000000000	7	7	7	5	5	5	1.775806E7	1.775806E7	1.775806E7			
sp|P06785|TYSY_YEAST	P06785	TYSY_YEAST	CDC21	304	false	false	Saccharomyces cerevisiae (strain ATCC 204508 / S288c)	Thymidylate synthase	1:Experimental evidence at protein level	21.38	1.0000	0.9990	0.00000000000000	5	5	5	5	5	5	1.9025518E7	1.9025518E7	1.9025518E7			
sp|P06787|CALM_YEAST	P06787	CALM_YEAST	CMD1	147	false	false	Saccharomyces cerevisiae (strain ATCC 204508 / S288c)	Calmodulin	1:Experimental evidence at protein level	40.82	1.0000	0.9990	0.00000000000000	5	5	5	11	11	11	1.65678768E8	1.65678768E8	1.65678768E8			
sp|P07149|FAS1_YEAST	P07149	FAS1_YEAST	FAS1	2051	false	false	Saccharomyces cerevisiae (strain ATCC 204508 / S288c)	Fatty acid synthase subunit beta	1:Experimental evidence at protein level	35.10	1.0000	0.9990	0.00000000000000	58	58	58	137	137	137	2.37631856E8	2.37631856E8	2.37631856E8	13C(57.0215),13C(57.0215),16C(57.0215),1C(57.0215),5C(57.0215),2C(57.0215),4C(57.0215)		
sp|P07170|KAD2_YEAST	P07170	KAD2_YEAST	ADK1	222	false	false	Saccharomyces cerevisiae (strain ATCC 204508 / S288c)	Adenylate kinase	1:Experimental evidence at protein level	64.86	1.0000	0.9990	0.00000000000000	14	14	14	54	54	54	4.64033504E8	4.64033504E8	4.64033504E8	9C(57.0215)		
sp|P07172|HIS8_YEAST	P07172	HIS8_YEAST	HIS5	385	false	false	Saccharomyces cerevisiae (strain ATCC 204508 / S288c)	Histidinol-phosphate aminotransferase	1:Experimental evidence at protein level	19.48	1.0000	0.9990	0.00000000000000	6	6	6	7	7	7	4.6856252E7	4.6856252E7	4.6856252E7	6C(57.0215),9C(57.0215)		
sp|P07213|TOM70_YEAST	P07213	TOM70_YEAST	TOM70	617	false	false	Saccharomyces cerevisiae (strain ATCC 204508 / S288c)	Mitochondrial import receptor subunit TOM70	1:Experimental evidence at protein level	37.76	1.0000	0.9990	0.00000000000000	24	24	24	37	37	37	8.3761232E7	8.3761232E7	8.3761232E7	4C(57.0215)		
sp|P07244|PUR2_YEAST	P07244	PUR2_YEAST	ADE57	802	false	false	Saccharomyces cerevisiae (strain ATCC 204508 / S288c)	Bifunctional purine biosynthetic protein ADE5,7	1:Experimental evidence at protein level	35.79	1.0000	0.9990	0.00000000000000	24	24	24	54	54	54	2.00437536E8	2.00437536E8	2.00437536E8	13C(57.0215),13C(57.0215),1C(57.0215),5C(57.0215)		
sp|P07245|C1TC_YEAST	P07245	C1TC_YEAST	ADE3	946	false	false	Saccharomyces cerevisiae (strain ATCC 204508 / S288c)	C-1-tetrahydrofolate synthase, cytoplasmic	1:Experimental evidence at protein level	48.52	1.0000	0.9990	0.00000000000000	38	34	38	97	89	97	1.93491792E8	1.93491792E8	1.93491792E8	10C(57.0215),10C(57.0215),10C(57.0215),1C(57.0215),2C(57.0215),9C(57.0215),9C(57.0215)		
sp|P07246|ADH3_YEAST	P07246	ADH3_YEAST	ADH3	375	false	false	Saccharomyces cerevisiae (strain ATCC 204508 / S288c)	Alcohol dehydrogenase 3, mitochondrial	1:Experimental evidence at protein level	35.20	1.0000	0.9990	0.00000000000000	13	11	12	120	30	32	4.01301856E8	1.23823888E8	1.23823888E8			
sp|P07251|ATPA_YEAST	P07251	ATPA_YEAST	ATP1	545	false	false	Saccharomyces cerevisiae (strain ATCC 204508 / S288c)	ATP synthase subunit alpha, mitochondrial	1:Experimental evidence at protein level	28.07	1.0000	0.9990	0.00000000000000	15	15	15	44	44	44	2.77304288E8	2.77304288E8	2.77304288E8			
sp|P07256|QCR1_YEAST	P07256	QCR1_YEAST	COR1	457	false	false	Saccharomyces cerevisiae (strain ATCC 204508 / S288c)	Cytochrome b-c1 complex subunit 1, mitochondrial	1:Experimental evidence at protein level	25.16	1.0000	0.9990	0.00000000000000	10	10	10	12	12	12	4.4874432E7	4.4874432E7	4.4874432E7	11C(57.0215)		
sp|P07257|QCR2_YEAST	P07257	QCR2_YEAST	QCR2	368	false	false	Saccharomyces cerevisiae (strain ATCC 204508 / S288c)	Cytochrome b-c1 complex subunit 2, mitochondrial	1:Experimental evidence at protein level	22.55	1.0000	0.9990	0.00000000000000	10	10	10	10	10	10	5.4903784E7	5.4903784E7	5.4903784E7	9C(57.0215)		
sp|P07259|PYR1_YEAST	P07259	PYR1_YEAST	URA2	2214	false	false	Saccharomyces cerevisiae (strain ATCC 204508 / S288c)	Protein URA2	1:Experimental evidence at protein level	46.48	1.0000	0.9990	0.00000000000000	89	87	89	257	253	257	3.45949344E8	3.45949344E8	3.45949344E8	10C(57.0215),1C(57.0215),2C(57.0215),2C(57.0215),3C(57.0215),4C(57.0215),6C(57.0215),6C(57.0215),6C(57.0215),6C(57.0215),7C(57.0215),8C(57.0215),N-term(42.0106)		
sp|P07260|IF4E_YEAST	P07260	IF4E_YEAST	CDC33	213	false	false	Saccharomyces cerevisiae (strain ATCC 204508 / S288c)	Eukaryotic translation initiation factor 4E	1:Experimental evidence at protein level	37.09	1.0000	0.9990	0.00000000000000	8	8	8	15	15	15	1.25800592E8	1.25800592E8	1.25800592E8			
sp|P07262|DHE4_YEAST	P07262	DHE4_YEAST	GDH1	454	false	false	Saccharomyces cerevisiae (strain ATCC 204508 / S288c)	NADP-specific glutamate dehydrogenase 1	1:Experimental evidence at protein level	54.63	1.0000	0.9990	0.00000000000000	21	15	21	42	29	42	1.461224E8	1.11607264E8	1.461224E8	4C(57.0215),4C(57.0215),7C(57.0215)		
sp|P07263|SYH_YEAST	P07263	SYH_YEAST	HTS1	546	false	false	Saccharomyces cerevisiae (strain ATCC 204508 / S288c)	Histidine--tRNA ligase, mitochondrial	1:Experimental evidence at protein level	17.22	1.0000	0.9990	0.00000000000000	10	9	10	15	12	15	6.4534244E7	6.4534244E7	6.4534244E7	13C(57.0215)		
sp|P07264|LEUC_YEAST	P07264	LEUC_YEAST	LEU1	779	false	false	Saccharomyces cerevisiae (strain ATCC 204508 / S288c)	3-isopropylmalate dehydratase	1:Experimental evidence at protein level	10.91	1.0000	0.9990	0.00000000000000	11	11	11	11	11	11	3.407466E7	3.407466E7	3.407466E7	2C(57.0215),2C(57.0215)		
sp|P07267|CARP_YEAST	P07267	CARP_YEAST	PEP4	405	false	false	Saccharomyces cerevisiae (strain ATCC 204508 / S288c)	Saccharopepsin	1:Experimental evidence at protein level	33.83	1.0000	0.9990	0.00000000000000	10	10	10	25	25	25	3.12190464E8	3.12190464E8	3.12190464E8	10C(57.0215),17C(57.0215),22C(57.0215),17C(57.0215),22C(57.0215)		
sp|P07273|TFS2_YEAST	P07273	TFS2_YEAST	DST1	309	false	false	Saccharomyces cerevisiae (strain ATCC 204508 / S288c)	Transcription elongation factor S-II	1:Experimental evidence at protein level	16.18	1.0000	0.9990	0.00000000000000	6	6	6	6	6	6	2.4641616E7	2.4641616E7	2.4641616E7			
sp|P07274|PROF_YEAST	P07274	PROF_YEAST	PFY1	126	false	false	Saccharomyces cerevisiae (strain ATCC 204508 / S288c)	Profilin	1:Experimental evidence at protein level	7.94	1.0000	0.9990	0.00000000000000	1	1	1	5	5	5	4.3232E7	4.3232E7	4.3232E7	8C(57.0215),8C(57.0215),8C(57.0215),8C(57.0215)		
sp|P07275|PUT2_YEAST	P07275	PUT2_YEAST	PUT2	575	false	false	Saccharomyces cerevisiae (strain ATCC 204508 / S288c)	Delta-1-pyrroline-5-carboxylate dehydrogenase, mitochondrial	1:Experimental evidence at protein level	3.30	1.0000	0.9990	0.00000000000000	2	2	2	2	2	2	7085383.0	7085383.0	7085383.0			
sp|P07278|KAPR_YEAST	P07278	KAPR_YEAST	BCY1	416	false	false	Saccharomyces cerevisiae (strain ATCC 204508 / S288c)	cAMP-dependent protein kinase regulatory subunit	1:Experimental evidence at protein level	37.02	1.0000	0.9990	0.00000000000000	13	13	13	20	20	20	6.4931908E7	6.4931908E7	6.4931908E7			
sp|P07280|RS19A_YEAST	P07280	RS19A_YEAST	RPS19A	144	false	false	Saccharomyces cerevisiae (strain ATCC 204508 / S288c)	40S ribosomal protein S19-A	1:Experimental evidence at protein level	57.64	1.0000	0.9990	0.00000000000000	8	0	8	45	0	45	9.5443098E8	0	9.5443098E8			sp|P07281|RS19B_YEAST
sp|P07283|PMM_YEAST	P07283	PMM_YEAST	SEC53	254	false	false	Saccharomyces cerevisiae (strain ATCC 204508 / S288c)	Phosphomannomutase	1:Experimental evidence at protein level	56.30	1.0000	0.9990	0.00000000000000	13	13	13	35	35	35	1.12809984E8	1.12809984E8	1.12809984E8	1C(57.0215),2C(57.0215),3C(57.0215),N-term(42.0106)		
sp|P07284|SYSC_YEAST	P07284	SYSC_YEAST	SES1	462	false	false	Saccharomyces cerevisiae (strain ATCC 204508 / S288c)	Serine--tRNA ligase, cytoplasmic	1:Experimental evidence at protein level	36.80	1.0000	0.9990	0.00000000000000	17	17	17	32	32	32	1.841604E8	1.841604E8	1.841604E8	36C(57.0215)		
sp|P07342|ILVB_YEAST	P07342	ILVB_YEAST	ILV2	687	false	false	Saccharomyces cerevisiae (strain ATCC 204508 / S288c)	Acetolactate synthase catalytic subunit, mitochondrial	1:Experimental evidence at protein level	14.26	1.0000	0.9990	0.00000000000000	9	9	9	10	10	10	5.0833128E7	5.0833128E7	5.0833128E7			
sp|P07347|ARD1_YEAST	P07347	ARD1_YEAST	ARD1	238	false	false	Saccharomyces cerevisiae (strain ATCC 204508 / S288c)	N-terminal acetyltransferase A complex catalytic subunit ARD1	1:Experimental evidence at protein level	8.40	1.0000	0.9990	0.00000000000000	3	3	3	3	3	3	2.4218718E7	2.4218718E7	2.4218718E7			
sp|P07560|SEC4_YEAST	P07560	SEC4_YEAST	SEC4	215	false	false	Saccharomyces cerevisiae (strain ATCC 204508 / S288c)	Ras-related protein SEC4	1:Experimental evidence at protein level	47.44	1.0000	0.9990	0.00000000000000	9	8	9	17	13	17	1.10862432E8	9.1096688E7	1.10862432E8			
sp|P07702|LYS2_YEAST	P07702	LYS2_YEAST	LYS2	1392	false	false	Saccharomyces cerevisiae (strain ATCC 204508 / S288c)	L-2-aminoadipate reductase	1:Experimental evidence at protein level	8.33	1.0000	0.9990	0.00000000000000	11	11	11	11	11	11	2.472317E7	2.472317E7	2.472317E7	4C(57.0215),8C(57.0215)		
sp|P07703|RPAC1_YEAST	P07703	RPAC1_YEAST	RPC40	335	false	false	Saccharomyces cerevisiae (strain ATCC 204508 / S288c)	DNA-directed RNA polymerases I and III subunit RPAC1	1:Experimental evidence at protein level	10.45	1.0000	0.9990	0.00000000000000	4	4	4	4	4	4	2.9762296E7	2.9762296E7	2.9762296E7	8C(57.0215)		
sp|P07806|SYV_YEAST	P07806	SYV_YEAST	VAS1	1104	false	false	Saccharomyces cerevisiae (strain ATCC 204508 / S288c)	Valine--tRNA ligase, mitochondrial	1:Experimental evidence at protein level	29.53	1.0000	0.9990	0.00000000000000	29	29	29	52	52	52	1.38434528E8	1.38434528E8	1.38434528E8	4C(57.0215)		
sp|P07991|OAT_YEAST	P07991	OAT_YEAST	CAR2	424	false	false	Saccharomyces cerevisiae (strain ATCC 204508 / S288c)	Ornithine aminotransferase	1:Experimental evidence at protein level	16.27	1.0000	0.9990	0.00000000000000	3	3	3	4	4	4	3.9003344E7	3.9003344E7	3.9003344E7	11C(57.0215),21C(57.0215)		
sp|P08417|FUMH_YEAST	P08417	FUMH_YEAST	FUM1	488	false	false	Saccharomyces cerevisiae (strain ATCC 204508 / S288c)	Fumarate hydratase, mitochondrial	1:Experimental evidence at protein level	29.51	1.0000	0.9990	0.00000000000000	10	10	10	18	18	18	8.2826384E7	8.2826384E7	8.2826384E7	1C(57.0215)		
sp|P08456|PSS_YEAST	P08456	PSS_YEAST	CHO1	276	false	false	Saccharomyces cerevisiae (strain ATCC 204508 / S288c)	CDP-diacylglycerol--serine O-phosphatidyltransferase	1:Experimental evidence at protein level	4.35	1.0000	0.9990	0.00000000000000	1	1	1	2	2	2	1.8567892E7	1.8567892E7	1.8567892E7			
sp|P08518|RPB2_YEAST	P08518	RPB2_YEAST	RPB2	1224	false	false	Saccharomyces cerevisiae (strain ATCC 204508 / S288c)	DNA-directed RNA polymerase II subunit RPB2	1:Experimental evidence at protein level	14.46	1.0000	0.9990	0.00000000000000	18	18	18	20	20	20	4.4662096E7	4.4662096E7	4.4662096E7	4C(57.0215),8C(57.0215),8C(57.0215),8C(57.0215)		
sp|P08524|ERG20_YEAST	P08524	ERG20_YEAST	ERG20	352	false	false	Saccharomyces cerevisiae (strain ATCC 204508 / S288c)	Farnesyl pyrophosphate synthase	1:Experimental evidence at protein level	28.12	1.0000	0.9990	0.00000000000000	11	11	11	29	29	29	2.29326752E8	2.29326752E8	2.29326752E8	1C(57.0215),4C(57.0215)		
sp|P08566|ARO1_YEAST	P08566	ARO1_YEAST	ARO1	1588	false	false	Saccharomyces cerevisiae (strain ATCC 204508 / S288c)	Pentafunctional AROM polypeptide	1:Experimental evidence at protein level	21.60	1.0000	0.9990	0.00000000000000	35	35	35	42	42	42	1.42824288E8	1.42824288E8	1.42824288E8	12C(57.0215),2C(57.0215),8C(57.0215),8C(57.0215),9C(57.0215)		
sp|P08679|CISY2_YEAST	P08679	CISY2_YEAST	CIT2	460	false	false	Saccharomyces cerevisiae (strain ATCC 204508 / S288c)	Citrate synthase, peroxisomal	1:Experimental evidence at protein level	8.26	1.0000	0.9990	0.00000000000000	5	5	5	5	5	5	1.3354353E7	1.3354353E7	1.3354353E7			
sp|P09032|EI2BG_YEAST	P09032	EI2BG_YEAST	GCD1	578	false	false	Saccharomyces cerevisiae (strain ATCC 204508 / S288c)	Translation initiation factor eIF-2B subunit gamma	1:Experimental evidence at protein level	1.73	1.0000	0.9990	0.00000000000000	3	3	3	1	1	1	1.2234832E7	1.2234832E7	1.2234832E7			
sp|P09064|IF2B_YEAST	P09064	IF2B_YEAST	SUI3	285	false	false	Saccharomyces cerevisiae (strain ATCC 204508 / S288c)	Eukaryotic translation initiation factor 2 subunit beta	1:Experimental evidence at protein level	39.65	1.0000	0.9990	0.00000000000000	11	11	11	14	14	14	7.915156E7	7.915156E7	7.915156E7	6C(57.0215),6C(57.0215),6C(57.0215),8C(57.0215)		
sp|P09232|PRTB_YEAST	P09232	PRTB_YEAST	PRB1	635	false	false	Saccharomyces cerevisiae (strain ATCC 204508 / S288c)	Cerevisin	1:Experimental evidence at protein level	14.33	1.0000	0.9990	0.00000000000000	7	7	7	24	24	24	3.00892736E8	3.00892736E8	3.00892736E8	18C(57.0215),18C(57.0215),18C(57.0215)		
sp|P09436|SYIC_YEAST	P09436	SYIC_YEAST	ILS1	1072	false	false	Saccharomyces cerevisiae (strain ATCC 204508 / S288c)	Isoleucine--tRNA ligase, cytoplasmic	1:Experimental evidence at protein level	36.19	1.0000	0.9990	0.00000000000000	36	36	36	78	78	78	2.61737232E8	2.61737232E8	2.61737232E8	10C(57.0215),30C(57.0215),30C(57.0215),6C(57.0215),7C(57.0215)		
sp|P09457|ATPO_YEAST	P09457	ATPO_YEAST	ATP5	212	false	false	Saccharomyces cerevisiae (strain ATCC 204508 / S288c)	ATP synthase subunit 5, mitochondrial	1:Experimental evidence at protein level	9.43	1.0000	0.9990	0.00000000000000	2	2	2	3	3	3	1.6475311E7	1.6475311E7	1.6475311E7			
sp|P09624|DLDH_YEAST	P09624	DLDH_YEAST	LPD1	499	false	false	Saccharomyces cerevisiae (strain ATCC 204508 / S288c)	Dihydrolipoyl dehydrogenase, mitochondrial	1:Experimental evidence at protein level	25.45	1.0000	0.9990	0.00000000000000	13	13	13	18	18	18	1.02247472E8	1.02247472E8	1.02247472E8			
sp|P09733|TBA1_YEAST	P09733	TBA1_YEAST	TUB1	447	false	false	Saccharomyces cerevisiae (strain ATCC 204508 / S288c)	Tubulin alpha-1 chain	1:Experimental evidence at protein level	31.99	1.0000	0.9990	0.00000000000000	11	5	11	14	6	14	6.8997488E7	4.895574E7	6.8997488E7	15C(57.0215),4C(57.0215),5C(57.0215)		
sp|P09734|TBA3_YEAST	P09734	TBA3_YEAST	TUB3	445	false	false	Saccharomyces cerevisiae (strain ATCC 204508 / S288c)	Tubulin alpha-3 chain	1:Experimental evidence at protein level	28.09	1.0000	0.9990	0.00000000000000	10	4	4	11	3	3	5.9950976E7	2.7522652E7	2.7522652E7	15C(57.0215),4C(57.0215)		
sp|P09938|RIR2_YEAST	P09938	RIR2_YEAST	RNR2	399	false	false	Saccharomyces cerevisiae (strain ATCC 204508 / S288c)	Ribonucleoside-diphosphate reductase small chain 1	1:Experimental evidence at protein level	33.83	1.0000	0.9990	0.00000000000000	14	14	14	45	45	45	3.4455264E8	3.4455264E8	3.4455264E8	10C(57.0215)		
sp|P0C0T4|RS25B_YEAST	P0C0T4	RS25B_YEAST	RPS25B	108	false	false	Saccharomyces cerevisiae (strain ATCC 204508 / S288c)	40S ribosomal protein S25-B	1:Experimental evidence at protein level	27.78	1.0000	0.9990	0.00000000000000	3	0	3	17	0	17	4.4035088E8	0	4.4035088E8			sp|Q3E792|RS25A_YEAST
sp|P0C0W1|RS22A_YEAST	P0C0W1	RS22A_YEAST	RPS22A	130	false	false	Saccharomyces cerevisiae (strain ATCC 204508 / S288c)	40S ribosomal protein S22-A	1:Experimental evidence at protein level	43.08	1.0000	0.9990	0.00000000000000	6	0	6	34	0	34	5.8792294E8	0	5.8792294E8	1C(57.0215),1C(57.0215)		sp|Q3E7Y3|RS22B_YEAST
sp|P0C0W9|RL11A_YEAST	P0C0W9	RL11A_YEAST	RPL11A	174	false	false	Saccharomyces cerevisiae (strain ATCC 204508 / S288c)	60S ribosomal protein L11-A	1:Experimental evidence at protein level	24.14	1.0000	0.9990	0.00000000000000	4	0	4	23	0	23	6.1418419E8	0	6.1418419E8			sp|Q3E757|RL11B_YEAST
sp|P0C0X0|RS28B_YEAST	P0C0X0	RS28B_YEAST	RPS28B	67	false	false	Saccharomyces cerevisiae (strain ATCC 204508 / S288c)	40S ribosomal protein S28-B	1:Experimental evidence at protein level	52.24	1.0000	0.9990	0.00000000000000	4	0	4	35	0	35	7.0583507E8	0	7.0583507E8			sp|Q3E7X9|RS28A_YEAST
sp|P0C2H6|RL27A_YEAST	P0C2H6	RL27A_YEAST	RPL27A	136	false	false	Saccharomyces cerevisiae (strain ATCC 204508 / S288c)	60S ribosomal protein L27-A	1:Experimental evidence at protein level	49.26	1.0000	0.9990	0.00000000000000	6	0	6	45	0	45	9.6501414E8	0	9.6501414E8			sp|P0C2H7|RL27B_YEAST
sp|P0C2H8|RL31A_YEAST	P0C2H8	RL31A_YEAST	RPL31A	113	false	false	Saccharomyces cerevisiae (strain ATCC 204508 / S288c)	60S ribosomal protein L31-A	1:Experimental evidence at protein level	55.75	1.0000	0.9990	0.00000000000000	7	1	7	45	9	45	8.1302547E8	1.9980072E8	8.1302547E8			
sp|P0C2H9|RL31B_YEAST	P0C2H9	RL31B_YEAST	RPL31B	113	false	false	Saccharomyces cerevisiae (strain ATCC 204508 / S288c)	60S ribosomal protein L31-B	1:Experimental evidence at protein level	55.75	1.0000	0.9990	0.00000000000000	7	1	1	40	4	4	7.2378342E8	5.3600464E7	5.3600464E7			
sp|P0CS90|HSP77_YEAST	P0CS90	HSP77_YEAST	SSC1	654	false	false	Saccharomyces cerevisiae (strain ATCC 204508 / S288c)	Import motor subunit, mitochondrial	1:Experimental evidence at protein level	45.41	1.0000	0.9990	0.00000000000000	26	18	26	89	61	89	7.3254374E8	6.5632326E8	7.3254374E8	9M(15.9949)		
sp|P0CT04|IPB2_YEAST	P0CT04	IPB2_YEAST	PBI2	75	false	false	Saccharomyces cerevisiae (strain ATCC 204508 / S288c)	Protease B inhibitor 2	1:Experimental evidence at protein level	72.00	1.0000	0.9990	0.00000000000000	6	6	6	32	32	32	2.74192064E8	2.74192064E8	2.74192064E8			
sp|P0CX23|RL20A_YEAST	P0CX23	RL20A_YEAST	RPL20A	172	false	false	Saccharomyces cerevisiae (strain ATCC 204508 / S288c)	60S ribosomal protein L20-A	1:Experimental evidence at protein level	38.95	1.0000	0.9990	0.00000000000000	6	0	6	40	0	40	7.3186144E8	0	7.3186144E8	11M(15.9949)		sp|P0CX24|RL20B_YEAST
sp|P0CX25|RL43A_YEAST	P0CX25	RL43A_YEAST	RPL43A	92	false	false	Saccharomyces cerevisiae (strain ATCC 204508 / S288c)	60S ribosomal protein L43-A	1:Experimental evidence at protein level	50.00	1.0000	0.9990	0.00000000000000	4	0	4	14	0	14	2.30718752E8	0	2.30718752E8	10C(57.0215),11C(57.0215),8C(57.0215),3C(57.0215),6C(57.0215),3C(57.0215),6C(57.0215)		sp|P0CX26|RL43B_YEAST
sp|P0CX27|RL44A_YEAST	P0CX27	RL44A_YEAST	RPL42A	106	false	false	Saccharomyces cerevisiae (strain ATCC 204508 / S288c)	60S ribosomal protein L42-A	1:Experimental evidence at protein level	15.09	1.0000	0.9990	0.00000000000000	2	0	2	8	0	8	3.61100928E8	0	3.61100928E8			sp|P0CX28|RL44B_YEAST
sp|P0CX29|RS23A_YEAST	P0CX29	RS23A_YEAST	RPS23A	145	false	false	Saccharomyces cerevisiae (strain ATCC 204508 / S288c)	40S ribosomal protein S23-A	1:Experimental evidence at protein level	43.45	1.0000	0.9990	0.00000000000000	5	0	5	13	0	13	1.27564064E8	0	1.27564064E8	10C(57.0215)		sp|P0CX30|RS23B_YEAST
sp|P0CX31|RS24A_YEAST	P0CX31	RS24A_YEAST	RPS24A	135	false	false	Saccharomyces cerevisiae (strain ATCC 204508 / S288c)	40S ribosomal protein S24-A	1:Experimental evidence at protein level	26.67	1.0000	0.9990	0.00000000000000	4	0	4	25	0	25	7.9319981E8	0	7.9319981E8	N-term(42.0106)		sp|P0CX32|RS24B_YEAST
sp|P0CX35|RS4A_YEAST	P0CX35	RS4A_YEAST	RPS4A	261	false	false	Saccharomyces cerevisiae (strain ATCC 204508 / S288c)	40S ribosomal protein S4-A	1:Experimental evidence at protein level	52.49	1.0000	0.9990	0.00000000000000	15	0	15	83	0	83	8.7063949E8	0	8.7063949E8	4C(57.0215)		sp|P0CX36|RS4B_YEAST
sp|P0CX37|RS6A_YEAST	P0CX37	RS6A_YEAST	RPS6A	236	false	false	Saccharomyces cerevisiae (strain ATCC 204508 / S288c)	40S ribosomal protein S6-A	1:Experimental evidence at protein level	33.90	1.0000	0.9990	0.00000000000000	8	0	8	34	0	34	6.5635078E8	0	6.5635078E8	4C(57.0215),4C(57.0215)		sp|P0CX38|RS6B_YEAST
sp|P0CX39|RS8A_YEAST	P0CX39	RS8A_YEAST	RPS8A	200	false	false	Saccharomyces cerevisiae (strain ATCC 204508 / S288c)	40S ribosomal protein S8-A	1:Experimental evidence at protein level	37.50	1.0000	0.9990	0.00000000000000	6	0	6	26	0	26	5.22165248E8	0	5.22165248E8			sp|P0CX40|RS8B_YEAST
sp|P0CX41|RL23A_YEAST	P0CX41	RL23A_YEAST	RPL23A	137	false	false	Saccharomyces cerevisiae (strain ATCC 204508 / S288c)	60S ribosomal protein L23-A	1:Experimental evidence at protein level	56.93	1.0000	0.9990	0.00000000000000	7	0	7	34	0	34	4.04722944E8	0	4.04722944E8	11M(15.9949),13C(57.0215),13C(57.0215),2C(57.0215),2M(15.9949),N-term(42.0106)		sp|P0CX42|RL23B_YEAST
sp|P0CX43|RL1A_YEAST	P0CX43	RL1A_YEAST	RPL1A	217	false	false	Saccharomyces cerevisiae (strain ATCC 204508 / S288c)	60S ribosomal protein L1-A	1:Experimental evidence at protein level	18.89	1.0000	0.9990	0.00000000000000	5	0	5	23	0	23	6.6141587E8	0	6.6141587E8	2C(57.0215),3M(15.9949)		sp|P0CX44|RL1B_YEAST
sp|P0CX45|RL2A_YEAST	P0CX45	RL2A_YEAST	RPL2A	254	false	false	Saccharomyces cerevisiae (strain ATCC 204508 / S288c)	60S ribosomal protein L2-A	1:Experimental evidence at protein level	50.00	1.0000	0.9990	0.00000000000000	11	0	11	47	0	47	7.1208013E8	0	7.1208013E8	4M(15.9949)		sp|P0CX46|RL2B_YEAST
sp|P0CX47|RS11A_YEAST	P0CX47	RS11A_YEAST	RPS11A	156	false	false	Saccharomyces cerevisiae (strain ATCC 204508 / S288c)	40S ribosomal protein S11-A	1:Experimental evidence at protein level	48.72	1.0000	0.9990	0.00000000000000	9	0	9	46	0	46	1.22631616E9	0	1.22631616E9	12C(57.0215),12C(57.0215),12C(57.0215),12C(57.0215),1C(57.0215)		sp|P0CX48|RS11B_YEAST
sp|P0CX49|RL18A_YEAST	P0CX49	RL18A_YEAST	RPL18A	186	false	false	Saccharomyces cerevisiae (strain ATCC 204508 / S288c)	60S ribosomal protein L18-A	1:Experimental evidence at protein level	40.32	1.0000	0.9990	0.00000000000000	9	0	9	61	0	61	7.1581626E8	0	7.1581626E8	5C(57.0215),5C(57.0215)		sp|P0CX50|RL18B_YEAST
sp|P0CX51|RS16A_YEAST	P0CX51	RS16A_YEAST	RPS16A	143	false	false	Saccharomyces cerevisiae (strain ATCC 204508 / S288c)	40S ribosomal protein S16-A	1:Experimental evidence at protein level	62.94	1.0000	0.9990	0.00000000000000	9	0	9	41	0	41	7.9500627E8	0	7.9500627E8	N-term(42.0106)		sp|P0CX52|RS16B_YEAST
sp|P0CX53|RL12A_YEAST	P0CX53	RL12A_YEAST	RPL12A	165	false	false	Saccharomyces cerevisiae (strain ATCC 204508 / S288c)	60S ribosomal protein L12-A	1:Experimental evidence at protein level	58.18	1.0000	0.9990	0.00000000000000	7	0	7	28	0	28	9.1361402E8	0	9.1361402E8	11C(57.0215)		sp|P0CX54|RL12B_YEAST
sp|P0CX55|RS18A_YEAST	P0CX55	RS18A_YEAST	RPS18A	146	false	false	Saccharomyces cerevisiae (strain ATCC 204508 / S288c)	40S ribosomal protein S18-A	1:Experimental evidence at protein level	73.97	1.0000	0.9990	0.00000000000000	12	0	12	82	0	82	7.389673E8	0	7.389673E8	6C(57.0215),6C(57.0215),N-term(42.0106)		sp|P0CX56|RS18B_YEAST
sp|P0CX82|RL19A_YEAST	P0CX82	RL19A_YEAST	RPL19A	189	false	false	Saccharomyces cerevisiae (strain ATCC 204508 / S288c)	60S ribosomal protein L19-A	1:Experimental evidence at protein level	33.33	1.0000	0.9990	0.00000000000000	6	0	6	37	0	37	1.13347507E9	0	1.13347507E9			sp|P0CX83|RL19B_YEAST
sp|P0CX84|RL35A_YEAST	P0CX84	RL35A_YEAST	RPL35A	120	false	false	Saccharomyces cerevisiae (strain ATCC 204508 / S288c)	60S ribosomal protein L35-A	1:Experimental evidence at protein level	40.83	1.0000	0.9990	0.00000000000000	5	0	5	17	0	17	8.8056806E8	0	8.8056806E8	4C(57.0215)		sp|P0CX85|RL35B_YEAST
sp|P10080|SSBP1_YEAST	P10080	SSBP1_YEAST	SBP1	294	false	false	Saccharomyces cerevisiae (strain ATCC 204508 / S288c)	Single-stranded nucleic acid-binding protein	1:Experimental evidence at protein level	34.01	1.0000	0.9990	0.00000000000000	8	8	8	22	22	22	2.40087584E8	2.40087584E8	2.40087584E8	18C(57.0215)		
sp|P10081|IF4A_YEAST	P10081	IF4A_YEAST	TIF1	395	false	false	Saccharomyces cerevisiae (strain ATCC 204508 / S288c)	ATP-dependent RNA helicase eIF4A	1:Experimental evidence at protein level	51.65	1.0000	0.9990	0.00000000000000	17	17	17	79	79	79	7.263479E8	7.263479E8	7.263479E8	3M(15.9949),4C(57.0215),N-term(42.0106)		
sp|P10591|HSP71_YEAST	P10591	HSP71_YEAST	SSA1	642	false	false	Saccharomyces cerevisiae (strain ATCC 204508 / S288c)	Heat shock protein SSA1	1:Experimental evidence at protein level	60.59	1.0000	0.9990	0.00000000000000	36	8	36	297	32	297	2.79582848E9	1.34461094E9	2.79582848E9	10M(15.9949),10M(15.9949),12C(57.0215),5C(57.0215),5C(57.0215),7C(57.0215)		
sp|P10592|HSP72_YEAST	P10592	HSP72_YEAST	SSA2	639	false	false	Saccharomyces cerevisiae (strain ATCC 204508 / S288c)	Heat shock protein SSA2	1:Experimental evidence at protein level	58.37	1.0000	0.9990	0.00000000000000	35	6	8	291	27	30	2.79582848E9	8.0269914E8	8.0269914E8	12C(57.0215)		
sp|P10614|CP51_YEAST	P10614	CP51_YEAST	ERG11	530	false	false	Saccharomyces cerevisiae (strain ATCC 204508 / S288c)	Lanosterol 14-alpha demethylase CYP51	1:Experimental evidence at protein level	16.60	1.0000	0.9990	0.00000000000000	7	7	7	8	8	8	2.1539684E7	2.1539684E7	2.1539684E7	6C(57.0215)		
sp|P10622|RLA3_YEAST	P10622	RLA3_YEAST	RPP1B	106	false	false	Saccharomyces cerevisiae (strain ATCC 204508 / S288c)	60S acidic ribosomal protein P1-beta	1:Experimental evidence at protein level	47.17	1.0000	0.9990	0.00000000000000	2	2	2	7	7	7	2.10709968E8	2.10709968E8	2.10709968E8			
sp|P10659|METK1_YEAST	P10659	METK1_YEAST	SAM1	382	false	false	Saccharomyces cerevisiae (strain ATCC 204508 / S288c)	S-adenosylmethionine synthase 1	1:Experimental evidence at protein level	57.33	1.0000	0.9990	0.00000000000000	17	9	17	44	20	44	6.34448E8	1.6385112E8	6.34448E8	13C(57.0215),2C(57.0215),2C(57.0215),3C(57.0215),8C(57.0215)		
sp|P10664|RL4A_YEAST	P10664	RL4A_YEAST	RPL4A	362	false	false	Saccharomyces cerevisiae (strain ATCC 204508 / S288c)	60S ribosomal protein L4-A	1:Experimental evidence at protein level	39.23	1.0000	0.9990	0.00000000000000	13	2	13	55	10	55	1.00198227E9	2.64898304E8	1.00198227E9	10C(57.0215),10C(57.0215),9M(15.9949)		
sp|P10869|AK_YEAST	P10869	AK_YEAST	HOM3	527	false	false	Saccharomyces cerevisiae (strain ATCC 204508 / S288c)	Aspartokinase	1:Experimental evidence at protein level	14.80	1.0000	0.9990	0.00000000000000	9	9	9	11	11	11	3.3404138E7	3.3404138E7	3.3404138E7	12C(57.0215),8C(57.0215)		
sp|P10964|RPA1_YEAST	P10964	RPA1_YEAST	RPA190	1664	false	false	Saccharomyces cerevisiae (strain ATCC 204508 / S288c)	DNA-directed RNA polymerase I subunit RPA190	1:Experimental evidence at protein level	7.45	1.0000	0.9990	0.00000000000000	13	13	13	12	12	12	3.6244744E7	3.6244744E7	3.6244744E7	3C(57.0215),6C(57.0215)		
sp|P11075|SEC7_YEAST	P11075	SEC7_YEAST	SEC7	2009	false	false	Saccharomyces cerevisiae (strain ATCC 204508 / S288c)	Protein transport protein SEC7	1:Experimental evidence at protein level	7.37	1.0000	0.9990	0.00000000000000	18	18	18	15	15	15	6.176944E7	6.176944E7	6.176944E7	8C(57.0215)		
sp|P11076|ARF1_YEAST	P11076	ARF1_YEAST	ARF1	181	false	false	Saccharomyces cerevisiae (strain ATCC 204508 / S288c)	ADP-ribosylation factor 1	1:Experimental evidence at protein level	44.75	1.0000	0.9990	0.00000000000000	7	1	1	22	2	2	3.63113728E8	4.1580396E7	4.1580396E7			
sp|P11154|PYC1_YEAST	P11154	PYC1_YEAST	PYC1	1178	false	false	Saccharomyces cerevisiae (strain ATCC 204508 / S288c)	Pyruvate carboxylase 1	1:Experimental evidence at protein level	24.28	1.0000	0.9990	0.00000000000000	26	4	4	52	8	8	1.198196E8	4.790862E7	4.790862E7			
sp|P11353|HEM6_YEAST	P11353	HEM6_YEAST	HEM13	328	false	false	Saccharomyces cerevisiae (strain ATCC 204508 / S288c)	Oxygen-dependent coproporphyrinogen-III oxidase	1:Experimental evidence at protein level	16.46	1.0000	0.9990	0.00000000000000	5	5	5	7	7	7	1.7541628E7	1.7541628E7	1.7541628E7			
sp|P11412|G6PD_YEAST	P11412	G6PD_YEAST	ZWF1	505	false	false	Saccharomyces cerevisiae (strain ATCC 204508 / S288c)	Glucose-6-phosphate 1-dehydrogenase	1:Experimental evidence at protein level	35.84	1.0000	0.9990	0.00000000000000	18	18	18	28	28	28	8.2874872E7	8.2874872E7	8.2874872E7			
sp|P11484|SSB1_YEAST	P11484	SSB1_YEAST	SSB1	613	false	false	Saccharomyces cerevisiae (strain ATCC 204508 / S288c)	Ribosome-associated molecular chaperone SSB1	1:Experimental evidence at protein level	52.53	1.0000	0.9990	0.00000000000000	26	2	25	143	15	135	1.35439322E9	1.06314088E8	1.23267021E9	5C(57.0215)		
sp|P11491|PPB_YEAST	P11491	PPB_YEAST	PHO8	566	false	false	Saccharomyces cerevisiae (strain ATCC 204508 / S288c)	Repressible alkaline phosphatase	1:Experimental evidence at protein level	10.60	1.0000	0.9990	0.00000000000000	6	6	6	8	8	8	4.2087248E7	4.2087248E7	4.2087248E7			
sp|P11745|RNA1_YEAST	P11745	RNA1_YEAST	RNA1	407	false	false	Saccharomyces cerevisiae (strain ATCC 204508 / S288c)	Ran GTPase-activating protein 1	1:Experimental evidence at protein level	30.47	1.0000	0.9990	0.00000000000000	10	10	10	12	12	12	4.364982E7	4.364982E7	4.364982E7	1C(57.0215),1C(57.0215),8C(57.0215),N-term(42.0106)		
sp|P11938|RAP1_YEAST	P11938	RAP1_YEAST	RAP1	827	false	false	Saccharomyces cerevisiae (strain ATCC 204508 / S288c)	DNA-binding protein RAP1	1:Experimental evidence at protein level	3.99	1.0000	0.9990	0.00000000000000	4	4	4	2	2	2	9977852.0	9977852.0	9977852.0			
sp|P12385|ERF1_YEAST	P12385	ERF1_YEAST	SUP45	437	false	false	Saccharomyces cerevisiae (strain ATCC 204508 / S288c)	Eukaryotic peptide chain release factor subunit 1	1:Experimental evidence at protein level	22.88	1.0000	0.9990	0.00000000000000	12	12	12	13	13	13	5.6318896E7	5.6318896E7	5.6318896E7	18C(57.0215),2C(57.0215)		
sp|P12612|TCPA_YEAST	P12612	TCPA_YEAST	TCP1	559	false	false	Saccharomyces cerevisiae (strain ATCC 204508 / S288c)	T-complex protein 1 subunit alpha	1:Experimental evidence at protein level	11.63	1.0000	0.9990	0.00000000000000	8	8	8	8	8	8	5.2014284E7	5.2014284E7	5.2014284E7	6C(57.0215)		
sp|P12684|HMDH2_YEAST	P12684	HMDH2_YEAST	HMG2	1045	false	false	Saccharomyces cerevisiae (strain ATCC 204508 / S288c)	3-hydroxy-3-methylglutaryl-coenzyme A reductase 2	1:Experimental evidence at protein level	3.25	1.0000	0.9990	0.00000000000000	2	1	2	2	1	2	8063649.5	1590637.5	8063649.5			
sp|P12688|YPK1_YEAST	P12688	YPK1_YEAST	YPK1	680	false	false	Saccharomyces cerevisiae (strain ATCC 204508 / S288c)	Serine/threonine-protein kinase YPK1	1:Experimental evidence at protein level	19.12	1.0000	0.9990	0.00000000000000	11	7	11	10	6	10	3.3549438E7	3.3549438E7	3.3549438E7	15C(57.0215),20C(57.0215),3C(57.0215)		
sp|P12695|ODP2_YEAST	P12695	ODP2_YEAST	LAT1	482	false	false	Saccharomyces cerevisiae (strain ATCC 204508 / S288c)	Dihydrolipoyllysine-residue acetyltransferase component of pyruvate dehydrogenase complex, mitochondrial	1:Experimental evidence at protein level	21.78	1.0000	0.9990	0.00000000000000	11	11	11	19	19	19	7.4473208E7	7.4473208E7	7.4473208E7			
sp|P12709|G6PI_YEAST	P12709	G6PI_YEAST	PGI1	554	false	false	Saccharomyces cerevisiae (strain ATCC 204508 / S288c)	Glucose-6-phosphate isomerase	1:Experimental evidence at protein level	46.21	1.0000	0.9990	0.00000000000000	22	22	22	144	144	144	1.3479968E9	1.3479968E9	1.3479968E9	2M(15.9949),N-term(42.0106)		
sp|P12904|AAKG_YEAST	P12904	AAKG_YEAST	SNF4	322	false	false	Saccharomyces cerevisiae (strain ATCC 204508 / S288c)	5'-AMP-activated protein kinase subunit gamma	1:Experimental evidence at protein level	9.32	1.0000	0.9990	0.00000000000000	4	4	4	3	3	3	2.2274458E7	2.2274458E7	2.2274458E7			
sp|P12945|NAT1_YEAST	P12945	NAT1_YEAST	NAT1	854	false	false	Saccharomyces cerevisiae (strain ATCC 204508 / S288c)	N-terminal acetyltransferase A complex subunit NAT1	1:Experimental evidence at protein level	7.03	1.0000	0.9990	0.00000000000000	8	8	8	8	8	8	2.3527626E7	2.3527626E7	2.3527626E7			
sp|P12962|CAF20_YEAST	P12962	CAF20_YEAST	CAF20	161	false	false	Saccharomyces cerevisiae (strain ATCC 204508 / S288c)	Cap-associated protein CAF20	1:Experimental evidence at protein level	15.53	1.0000	0.9990	0.00000000000000	2	2	2	3	3	3	5.548012E7	5.548012E7	5.548012E7	9C(57.0215)		
sp|P13188|SYQ_YEAST	P13188	SYQ_YEAST	GLN4	809	false	false	Saccharomyces cerevisiae (strain ATCC 204508 / S288c)	Glutamine--tRNA ligase	1:Experimental evidence at protein level	25.59	1.0000	0.9990	0.00000000000000	20	20	20	30	30	30	6.8223552E7	6.8223552E7	6.8223552E7			
sp|P13298|PYRE_YEAST	P13298	PYRE_YEAST	URA5	226	false	false	Saccharomyces cerevisiae (strain ATCC 204508 / S288c)	Orotate phosphoribosyltransferase 1	1:Experimental evidence at protein level	21.68	1.0000	0.9990	0.00000000000000	7	6	7	7	6	7	7.336524E7	7.336524E7	7.336524E7			
sp|P13517|CAPZB_YEAST	P13517	CAPZB_YEAST	CAP2	287	false	false	Saccharomyces cerevisiae (strain ATCC 204508 / S288c)	F-actin-capping protein subunit beta	1:Experimental evidence at protein level	21.25	1.0000	0.9990	0.00000000000000	6	6	6	7	7	7	4.1325596E7	4.1325596E7	4.1325596E7	4C(57.0215),5C(57.0215)		
sp|P13586|ATC1_YEAST	P13586	ATC1_YEAST	PMR1	950	false	false	Saccharomyces cerevisiae (strain ATCC 204508 / S288c)	Calcium-transporting ATPase 1	1:Experimental evidence at protein level	10.95	1.0000	0.9990	0.00000000000000	11	11	11	11	11	11	3.3320596E7	3.3320596E7	3.3320596E7			
sp|P13587|ATN1_YEAST	P13587	ATN1_YEAST	ENA1	1091	false	false	Saccharomyces cerevisiae (strain ATCC 204508 / S288c)	Sodium/potassium exporting P-type ATPase 1	1:Experimental evidence at protein level	8.16	1.0000	0.9990	0.00000000000000	8	1	8	8	1	8	3.6487808E7	8535129.0	3.6487808E7	7C(57.0215),8C(57.0215)		
sp|P13663|DHAS_YEAST	P13663	DHAS_YEAST	HOM2	365	false	false	Saccharomyces cerevisiae (strain ATCC 204508 / S288c)	Aspartate-semialdehyde dehydrogenase	1:Experimental evidence at protein level	31.23	1.0000	0.9990	0.00000000000000	12	12	12	27	27	27	1.97482048E8	1.97482048E8	1.97482048E8	10C(57.0215),4C(57.0215)		
sp|P14020|DPM1_YEAST	P14020	DPM1_YEAST	DPM1	267	false	false	Saccharomyces cerevisiae (strain ATCC 204508 / S288c)	Dolichol-phosphate mannosyltransferase	1:Experimental evidence at protein level	41.20	1.0000	0.9990	0.00000000000000	9	9	9	17	17	17	1.31509664E8	1.31509664E8	1.31509664E8	5C(57.0215),6C(57.0215)		
sp|P14065|GCY1_YEAST	P14065	GCY1_YEAST	GCY1	312	false	false	Saccharomyces cerevisiae (strain ATCC 204508 / S288c)	Glycerol 2-dehydrogenase (NADP(+))	1:Experimental evidence at protein level	14.10	1.0000	0.9990	0.00000000000000	5	4	4	4	2	2	2.789776E7	2.2759274E7	2.2759274E7	23C(57.0215)		
sp|P14120|RL30_YEAST	P14120	RL30_YEAST	RPL30	105	false	false	Saccharomyces cerevisiae (strain ATCC 204508 / S288c)	60S ribosomal protein L30	1:Experimental evidence at protein level	45.71	1.0000	0.9990	0.00000000000000	4	4	4	19	19	19	3.0037408E8	3.0037408E8	3.0037408E8			
sp|P14126|RL3_YEAST	P14126	RL3_YEAST	RPL3	387	false	false	Saccharomyces cerevisiae (strain ATCC 204508 / S288c)	60S ribosomal protein L3	1:Experimental evidence at protein level	51.16	1.0000	0.9990	0.00000000000000	21	21	21	118	118	118	8.9159373E8	8.9159373E8	8.9159373E8	2C(57.0215),5M(15.9949)		
sp|P14164|ABF1_YEAST	P14164	ABF1_YEAST	ABF1	731	false	false	Saccharomyces cerevisiae (strain ATCC 204508 / S288c)	ARS-binding factor 1	1:Experimental evidence at protein level	5.61	1.0000	0.9990	0.00000000000000	2	2	2	3	3	3	9281541.0	9281541.0	9281541.0			
sp|P14306|CPYI_YEAST	P14306	CPYI_YEAST	TFS1	219	false	false	Saccharomyces cerevisiae (strain ATCC 204508 / S288c)	Carboxypeptidase Y inhibitor	1:Experimental evidence at protein level	15.53	1.0000	0.9990	0.00000000000000	3	3	3	6	6	6	2.6201532E7	2.6201532E7	2.6201532E7			
sp|P14540|ALF_YEAST	P14540	ALF_YEAST	FBA1	359	false	false	Saccharomyces cerevisiae (strain ATCC 204508 / S288c)	Fructose-bisphosphate aldolase	1:Experimental evidence at protein level	51.53	1.0000	0.9990	0.00000000000000	14	14	14	189	189	189	5.7516467E9	5.7516467E9	5.7516467E9	17C(57.0215),17C(57.0215),4M(15.9949),7C(57.0215),7C(57.0215),8M(15.9949)		
sp|P14742|GFA1_YEAST	P14742	GFA1_YEAST	GFA1	717	false	false	Saccharomyces cerevisiae (strain ATCC 204508 / S288c)	Glutamine--fructose-6-phosphate aminotransferase [isomerizing]	1:Experimental evidence at protein level	21.90	1.0000	0.9990	0.00000000000000	15	15	15	22	22	22	6.4329976E7	6.4329976E7	6.4329976E7	2C(57.0215),8C(57.0215),9C(57.0215)		
sp|P14743|NMT_YEAST	P14743	NMT_YEAST	NMT1	455	false	false	Saccharomyces cerevisiae (strain ATCC 204508 / S288c)	Glycylpeptide N-tetradecanoyltransferase	1:Experimental evidence at protein level	7.47	1.0000	0.9990	0.00000000000000	3	3	3	2	2	2	1.6018535E7	1.6018535E7	1.6018535E7			
sp|P14832|CYPH_YEAST	P14832	CYPH_YEAST	CPR1	162	false	false	Saccharomyces cerevisiae (strain ATCC 204508 / S288c)	Peptidyl-prolyl cis-trans isomerase	1:Experimental evidence at protein level	79.01	1.0000	0.9990	0.00000000000000	10	9	10	68	66	68	1.34817498E9	1.34817498E9	1.34817498E9	25C(57.0215),29C(57.0215),3C(57.0215),N-term(42.0106)		
sp|P14843|AROF_YEAST	P14843	AROF_YEAST	ARO3	370	false	false	Saccharomyces cerevisiae (strain ATCC 204508 / S288c)	Phospho-2-dehydro-3-deoxyheptonate aldolase, phenylalanine-inhibited	1:Experimental evidence at protein level	27.30	1.0000	0.9990	0.00000000000000	10	8	10	14	12	14	4.136292E7	3.845044E7	4.136292E7	4C(57.0215)		
sp|P14904|AMPL_YEAST	P14904	AMPL_YEAST	APE1	514	false	false	Saccharomyces cerevisiae (strain ATCC 204508 / S288c)	Vacuolar aminopeptidase 1	1:Experimental evidence at protein level	15.18	1.0000	0.9990	0.00000000000000	9	9	9	10	10	10	4.25586E7	4.25586E7	4.25586E7			
sp|P14906|SEC63_YEAST	P14906	SEC63_YEAST	SEC63	663	false	false	Saccharomyces cerevisiae (strain ATCC 204508 / S288c)	Protein translocation protein SEC63	1:Experimental evidence at protein level	23.23	1.0000	0.9990	0.00000000000000	13	13	13	14	14	14	5.8993456E7	5.8993456E7	5.8993456E7	12C(57.0215),1C(57.0215)		
sp|P14907|NSP1_YEAST	P14907	NSP1_YEAST	NSP1	823	false	false	Saccharomyces cerevisiae (strain ATCC 204508 / S288c)	Nucleoporin NSP1	1:Experimental evidence at protein level	20.66	1.0000	0.9990	0.00000000000000	13	13	13	12	12	12	3.2804308E7	3.2804308E7	3.2804308E7			
sp|P15019|TAL1_YEAST	P15019	TAL1_YEAST	TAL1	335	false	false	Saccharomyces cerevisiae (strain ATCC 204508 / S288c)	Transaldolase	1:Experimental evidence at protein level	43.28	1.0000	0.9990	0.00000000000000	14	13	14	55	53	55	5.3743917E8	5.3743917E8	5.3743917E8			
sp|P15108|HSC82_YEAST	P15108	HSC82_YEAST	HSC82	705	false	false	Saccharomyces cerevisiae (strain ATCC 204508 / S288c)	ATP-dependent molecular chaperone HSC82	1:Experimental evidence at protein level	44.26	1.0000	0.9990	0.00000000000000	34	7	34	197	40	197	1.64393088E9	6.9629946E8	1.64393088E9			
sp|P15180|SYKC_YEAST	P15180	SYKC_YEAST	KRS1	591	false	false	Saccharomyces cerevisiae (strain ATCC 204508 / S288c)	Lysine--tRNA ligase, cytoplasmic	1:Experimental evidence at protein level	36.38	1.0000	0.9990	0.00000000000000	18	18	18	42	42	42	1.19756E8	1.19756E8	1.19756E8	3C(57.0215),6C(57.0215),9C(57.0215),9C(57.0215)		
sp|P15274|AMPD_YEAST	P15274	AMPD_YEAST	AMD1	810	false	false	Saccharomyces cerevisiae (strain ATCC 204508 / S288c)	AMP deaminase	1:Experimental evidence at protein level	8.64	1.0000	0.9990	0.00000000000000	8	8	8	8	8	8	1.8374652E7	1.8374652E7	1.8374652E7	11C(57.0215)		
sp|P15303|SEC23_YEAST	P15303	SEC23_YEAST	SEC23	768	false	false	Saccharomyces cerevisiae (strain ATCC 204508 / S288c)	Protein transport protein SEC23	1:Experimental evidence at protein level	24.09	1.0000	0.9990	0.00000000000000	14	14	14	17	17	17	7.015836E7	7.015836E7	7.015836E7	15C(57.0215),20C(57.0215),6C(57.0215),9C(57.0215),7C(57.0215)		
sp|P15454|KGUA_YEAST	P15454	KGUA_YEAST	GUK1	187	false	false	Saccharomyces cerevisiae (strain ATCC 204508 / S288c)	Guanylate kinase	1:Experimental evidence at protein level	55.08	1.0000	0.9990	0.00000000000000	10	10	10	20	20	20	1.76220576E8	1.76220576E8	1.76220576E8	2C(57.0215),N-term(42.0106)		
sp|P15496|IDI1_YEAST	P15496	IDI1_YEAST	IDI1	288	false	false	Saccharomyces cerevisiae (strain ATCC 204508 / S288c)	Isopentenyl-diphosphate delta-isomerase	1:Experimental evidence at protein level	34.38	1.0000	0.9990	0.00000000000000	7	7	7	8	8	8	3.9080352E7	3.9080352E7	3.9080352E7	11C(57.0215),12C(57.0215),17C(57.0215),13C(57.0215)		
sp|P15565|TRM1_YEAST	P15565	TRM1_YEAST	TRM1	570	false	false	Saccharomyces cerevisiae (strain ATCC 204508 / S288c)	tRNA (guanine(26)-N(2))-dimethyltransferase, mitochondrial	1:Experimental evidence at protein level	2.98	1.0000	0.9990	0.00000000000000	2	2	2	2	2	2	6189506.5	6189506.5	6189506.5			
sp|P15624|SYFB_YEAST	P15624	SYFB_YEAST	FRS1	595	false	false	Saccharomyces cerevisiae (strain ATCC 204508 / S288c)	Phenylalanine--tRNA ligase beta subunit	1:Experimental evidence at protein level	35.97	1.0000	0.9990	0.00000000000000	18	18	18	43	43	43	1.36289792E8	1.36289792E8	1.36289792E8	18C(57.0215),5C(57.0215),2C(57.0215),2C(57.0215)		
sp|P15625|SYFA_YEAST	P15625	SYFA_YEAST	FRS2	503	false	false	Saccharomyces cerevisiae (strain ATCC 204508 / S288c)	Phenylalanine--tRNA ligase alpha subunit	1:Experimental evidence at protein level	38.37	1.0000	0.9990	0.00000000000000	19	19	19	28	28	28	6.6093116E7	6.6093116E7	6.6093116E7	8C(57.0215),8C(57.0215),N-term(42.0106)		
sp|P15646|FBRL_YEAST	P15646	FBRL_YEAST	NOP1	327	false	false	Saccharomyces cerevisiae (strain ATCC 204508 / S288c)	rRNA 2'-O-methyltransferase fibrillarin	1:Experimental evidence at protein level	20.18	1.0000	0.9990	0.00000000000000	6	6	6	8	8	8	9.8866864E7	9.8866864E7	9.8866864E7	3C(57.0215),8C(57.0215)		
sp|P15700|KCY_YEAST	P15700	KCY_YEAST	URA6	204	false	false	Saccharomyces cerevisiae (strain ATCC 204508 / S288c)	Uridylate kinase	1:Experimental evidence at protein level	21.08	1.0000	0.9990	0.00000000000000	5	5	5	5	5	5	2.5665576E7	2.5665576E7	2.5665576E7			
sp|P15703|BGL2_YEAST	P15703	BGL2_YEAST	BGL2	313	false	false	Saccharomyces cerevisiae (strain ATCC 204508 / S288c)	Glucan 1,3-beta-glucosidase	1:Experimental evidence at protein level	14.70	1.0000	0.9990	0.00000000000000	6	6	6	8	8	8	1.0487816E8	1.0487816E8	1.0487816E8	4C(57.0215)		
sp|P15705|STI1_YEAST	P15705	STI1_YEAST	STI1	589	false	false	Saccharomyces cerevisiae (strain ATCC 204508 / S288c)	Heat shock protein STI1	1:Experimental evidence at protein level	44.82	1.0000	0.9990	0.00000000000000	28	28	28	45	45	45	1.59908272E8	1.59908272E8	1.59908272E8	11C(57.0215),3C(57.0215)		
sp|P15731|UBC4_YEAST	P15731	UBC4_YEAST	UBC4	148	false	false	Saccharomyces cerevisiae (strain ATCC 204508 / S288c)	Ubiquitin-conjugating enzyme E2 4	1:Experimental evidence at protein level	24.32	1.0000	0.9990	0.00000000000000	3	2	3	14	5	14	1.23724912E8	3.9926356E7	1.23724912E8	13C(57.0215)		
sp|P15790|CSK21_YEAST	P15790	CSK21_YEAST	CKA1	372	false	false	Saccharomyces cerevisiae (strain ATCC 204508 / S288c)	Casein kinase II subunit alpha	1:Experimental evidence at protein level	8.60	1.0000	0.9989	0.00000000000000	4	4	4	5	5	5	1.657631E7	1.657631E7	1.657631E7			
sp|P15873|PCNA_YEAST	P15873	PCNA_YEAST	POL30	258	false	false	Saccharomyces cerevisiae (strain ATCC 204508 / S288c)	Proliferating cell nuclear antigen	1:Experimental evidence at protein level	12.79	1.0000	0.9990	0.00000000000000	6	6	6	3	3	3	5.0243212E7	5.0243212E7	5.0243212E7			
sp|P15891|ABP1_YEAST	P15891	ABP1_YEAST	ABP1	592	false	false	Saccharomyces cerevisiae (strain ATCC 204508 / S288c)	Actin-binding protein	1:Experimental evidence at protein level	49.49	1.0000	0.9990	0.00000000000000	22	22	22	49	49	49	1.73443456E8	1.73443456E8	1.73443456E8			
sp|P15992|HSP26_YEAST	P15992	HSP26_YEAST	HSP26	214	false	false	Saccharomyces cerevisiae (strain ATCC 204508 / S288c)	Heat shock protein 26	1:Experimental evidence at protein level	50.93	1.0000	0.9990	0.00000000000000	10	10	10	41	41	41	8.4784224E8	8.4784224E8	8.4784224E8			
sp|P16120|THRC_YEAST	P16120	THRC_YEAST	THR4	514	false	false	Saccharomyces cerevisiae (strain ATCC 204508 / S288c)	Threonine synthase	1:Experimental evidence at protein level	31.91	1.0000	0.9990	0.00000000000000	15	15	15	33	33	33	2.07793584E8	2.07793584E8	2.07793584E8			
sp|P16140|VATB_YEAST	P16140	VATB_YEAST	VMA2	517	false	false	Saccharomyces cerevisiae (strain ATCC 204508 / S288c)	V-type proton ATPase subunit B	1:Experimental evidence at protein level	53.77	1.0000	0.9990	0.00000000000000	24	24	24	67	67	67	3.7541376E8	3.7541376E8	3.7541376E8			
sp|P16387|ODPA_YEAST	P16387	ODPA_YEAST	PDA1	420	false	false	Saccharomyces cerevisiae (strain ATCC 204508 / S288c)	Pyruvate dehydrogenase E1 component subunit alpha, mitochondrial	1:Experimental evidence at protein level	49.29	1.0000	0.9990	0.00000000000000	21	21	21	44	44	44	1.42611024E8	1.42611024E8	1.42611024E8	1C(57.0215),3C(57.0215),5C(57.0215),5C(57.0215)		
sp|P16451|ODPX_YEAST	P16451	ODPX_YEAST	PDX1	410	false	false	Saccharomyces cerevisiae (strain ATCC 204508 / S288c)	Pyruvate dehydrogenase complex protein X component, mitochondrial	1:Experimental evidence at protein level	8.29	1.0000	0.9990	0.00000000000000	4	4	4	4	4	4	2.2565636E7	2.2565636E7	2.2565636E7			
sp|P16467|PDC5_YEAST	P16467	PDC5_YEAST	PDC5	563	false	false	Saccharomyces cerevisiae (strain ATCC 204508 / S288c)	Pyruvate decarboxylase isozyme 2	1:Experimental evidence at protein level	17.41	1.0000	0.9990	0.00000000000000	7	2	2	128	3	3	2.44887936E9	1432051.1	1432051.1			
sp|P16474|BIP_YEAST	P16474	BIP_YEAST	KAR2	682	false	false	Saccharomyces cerevisiae (strain ATCC 204508 / S288c)	Endoplasmic reticulum chaperone BiP	1:Experimental evidence at protein level	40.91	1.0000	0.9990	0.00000000000000	25	22	22	77	52	52	1.17325478E9	2.45095232E8	2.45095232E8			
sp|P16521|EF3A_YEAST	P16521	EF3A_YEAST	YEF3	1044	false	false	Saccharomyces cerevisiae (strain ATCC 204508 / S288c)	Elongation factor 3A	1:Experimental evidence at protein level	40.42	1.0000	0.9990	0.00000000000000	39	27	39	181	108	181	8.7476218E8	7.0802048E8	8.7476218E8	10M(15.9949),16C(57.0215),22C(57.0215),24C(57.0215),23C(57.0215),24C(57.0215),24C(57.0215),4C(57.0215),9C(57.0215),4M(15.9949),4M(15.9949),6C(57.0215),7M(15.9949),8M(15.9949),9C(57.0215),9C(57.0215),N-term(42.0106)		
sp|P16547|OM45_YEAST	P16547	OM45_YEAST	OM45	393	false	false	Saccharomyces cerevisiae (strain ATCC 204508 / S288c)	Mitochondrial outer membrane protein OM45	1:Experimental evidence at protein level	20.10	1.0000	0.9990	0.00000000000000	8	8	8	8	8	8	2.8765744E7	2.8765744E7	2.8765744E7			
sp|P16550|APA1_YEAST	P16550	APA1_YEAST	APA1	321	false	false	Saccharomyces cerevisiae (strain ATCC 204508 / S288c)	Protein APA1	1:Experimental evidence at protein level	37.38	1.0000	0.9990	0.00000000000000	13	13	13	19	19	19	1.22685504E8	1.22685504E8	1.22685504E8	3C(57.0215),3C(57.0215),4C(57.0215)		
sp|P16603|NCPR_YEAST	P16603	NCPR_YEAST	NCP1	691	false	false	Saccharomyces cerevisiae (strain ATCC 204508 / S288c)	NADPH--cytochrome P450 reductase	1:Experimental evidence at protein level	23.59	1.0000	0.9990	0.00000000000000	16	16	16	26	26	26	7.1727192E7	7.1727192E7	7.1727192E7			
sp|P16622|HEMH_YEAST	P16622	HEMH_YEAST	HEM15	393	false	false	Saccharomyces cerevisiae (strain ATCC 204508 / S288c)	Ferrochelatase, mitochondrial	1:Experimental evidence at protein level	10.18	1.0000	0.9990	0.00000000000000	3	3	3	5	5	5	2.6397352E7	2.6397352E7	2.6397352E7			
sp|P16649|TUP1_YEAST	P16649	TUP1_YEAST	TUP1	713	false	false	Saccharomyces cerevisiae (strain ATCC 204508 / S288c)	General transcriptional corepressor TUP1	1:Experimental evidence at protein level	18.65	1.0000	0.9990	0.00000000000000	13	13	13	14	14	14	5.2236188E7	5.2236188E7	5.2236188E7	10C(57.0215),9C(57.0215),10C(57.0215),9C(57.0215),7C(57.0215)		
sp|P16861|PFKA1_YEAST	P16861	PFKA1_YEAST	PFK1	987	false	false	Saccharomyces cerevisiae (strain ATCC 204508 / S288c)	ATP-dependent 6-phosphofructokinase subunit alpha	1:Experimental evidence at protein level	53.60	1.0000	0.9990	0.00000000000000	42	41	42	118	113	118	3.71525216E8	3.71525216E8	3.71525216E8	2C(57.0215),2C(57.0215),7C(57.0215)		
sp|P16862|PFKA2_YEAST	P16862	PFKA2_YEAST	PFK2	959	false	false	Saccharomyces cerevisiae (strain ATCC 204508 / S288c)	ATP-dependent 6-phosphofructokinase subunit beta	1:Experimental evidence at protein level	35.77	1.0000	0.9990	0.00000000000000	33	32	32	80	75	75	4.70068864E8	4.70068864E8	4.70068864E8			
sp|P16965|STF2_YEAST	P16965	STF2_YEAST	STF2	84	false	false	Saccharomyces cerevisiae (strain ATCC 204508 / S288c)	ATPase-stabilizing factor 15 kDa protein	1:Experimental evidence at protein level	67.86	1.0000	0.9990	0.00000000000000	5	5	5	10	10	10	1.0893508E8	1.0893508E8	1.0893508E8			
sp|P17076|RL8A_YEAST	P17076	RL8A_YEAST	RPL8A	256	false	false	Saccharomyces cerevisiae (strain ATCC 204508 / S288c)	60S ribosomal protein L8-A	1:Experimental evidence at protein level	44.53	1.0000	0.9990	0.00000000000000	12	2	2	50	5	5	8.7832218E8	2.4218196E7	2.4218196E7			
sp|P17106|CBF1_YEAST	P17106	CBF1_YEAST	CBF1	351	false	false	Saccharomyces cerevisiae (strain ATCC 204508 / S288c)	Centromere-binding protein 1	1:Experimental evidence at protein level	12.25	1.0000	0.9990	0.00000000000000	5	5	5	4	4	4	4.0778104E7	4.0778104E7	4.0778104E7			
sp|P17157|PHO85_YEAST	P17157	PHO85_YEAST	PHO85	305	false	false	Saccharomyces cerevisiae (strain ATCC 204508 / S288c)	Cyclin-dependent protein kinase PHO85	1:Experimental evidence at protein level	13.11	1.0000	0.9990	0.00000000000000	4	2	4	5	2	5	4.91312E7	1.6184674E7	4.91312E7			
sp|P17255|VATA_YEAST	P17255	VATA_YEAST	VMA1	1071	false	false	Saccharomyces cerevisiae (strain ATCC 204508 / S288c)	V-type proton ATPase catalytic subunit A	1:Experimental evidence at protein level	49.30	1.0000	0.9990	0.00000000000000	46	46	46	149	149	149	3.65008064E8	3.65008064E8	3.65008064E8	15C(57.0215),22C(57.0215),8C(57.0215),16C(57.0215),3C(57.0215),3C(57.0215),4C(57.0215),4C(57.0215),N-term(42.0106),N-term(42.0106)		
sp|P17423|KHSE_YEAST	P17423	KHSE_YEAST	THR1	357	false	false	Saccharomyces cerevisiae (strain ATCC 204508 / S288c)	Homoserine kinase	1:Experimental evidence at protein level	15.69	1.0000	0.9990	0.00000000000000	8	8	8	9	9	9	7.297004E7	7.297004E7	7.297004E7	5C(57.0215)		
sp|P17442|PHO81_YEAST	P17442	PHO81_YEAST	PHO81	1178	false	false	Saccharomyces cerevisiae (strain ATCC 204508 / S288c)	Phosphate system positive regulatory protein PHO81	1:Experimental evidence at protein level	2.21	1.0000	0.9990	0.00000000000000	3	3	3	3	3	3	9319605.0	9319605.0	9319605.0			
sp|P17505|MDHM_YEAST	P17505	MDHM_YEAST	MDH1	334	false	false	Saccharomyces cerevisiae (strain ATCC 204508 / S288c)	Malate dehydrogenase, mitochondrial	1:Experimental evidence at protein level	50.00	1.0000	0.9990	0.00000000000000	12	12	12	19	19	19	9.4320544E7	9.4320544E7	9.4320544E7			
sp|P17536|TPM1_YEAST	P17536	TPM1_YEAST	TPM1	199	false	false	Saccharomyces cerevisiae (strain ATCC 204508 / S288c)	Tropomyosin-1	1:Experimental evidence at protein level	55.78	1.0000	0.9990	0.00000000000000	11	11	11	24	24	24	2.0870992E8	2.0870992E8	2.0870992E8			
sp|P17555|CAP_YEAST	P17555	CAP_YEAST	SRV2	526	false	false	Saccharomyces cerevisiae (strain ATCC 204508 / S288c)	Adenylyl cyclase-associated protein	1:Experimental evidence at protein level	27.38	1.0000	0.9990	0.00000000000000	14	14	14	21	21	21	8.3458936E7	8.3458936E7	8.3458936E7	1C(57.0215)		
sp|P17649|GABAT_YEAST	P17649	GABAT_YEAST	UGA1	471	false	false	Saccharomyces cerevisiae (strain ATCC 204508 / S288c)	4-aminobutyrate aminotransferase	1:Experimental evidence at protein level	37.79	1.0000	0.9990	0.00000000000000	15	15	15	19	19	19	3.4657184E7	3.4657184E7	3.4657184E7	3C(57.0215),5C(57.0215),5C(57.0215),9C(57.0215),N-term(42.0106),3C(57.0215)		
sp|P17695|GLRX2_YEAST	P17695	GLRX2_YEAST	GRX2	143	false	false	Saccharomyces cerevisiae (strain ATCC 204508 / S288c)	Glutaredoxin-2	1:Experimental evidence at protein level	37.76	1.0000	0.9990	0.00000000000000	6	6	6	11	11	11	9.8801504E7	9.8801504E7	9.8801504E7			
sp|P17709|HXKG_YEAST	P17709	HXKG_YEAST	GLK1	500	false	false	Saccharomyces cerevisiae (strain ATCC 204508 / S288c)	Glucokinase-1	1:Experimental evidence at protein level	42.80	1.0000	0.9990	0.00000000000000	18	18	18	64	64	64	3.84968544E8	3.84968544E8	3.84968544E8	10C(57.0215),2M(15.9949),4M(15.9949),9C(57.0215),N-term(42.0106)		
sp|P17891|CLC1_YEAST	P17891	CLC1_YEAST	CLC1	233	false	false	Saccharomyces cerevisiae (strain ATCC 204508 / S288c)	Clathrin light chain	1:Experimental evidence at protein level	27.47	1.0000	0.9990	0.00000000000000	7	7	7	10	10	10	8.1616888E7	8.1616888E7	8.1616888E7			
sp|P17967|PDI_YEAST	P17967	PDI_YEAST	PDI1	522	false	false	Saccharomyces cerevisiae (strain ATCC 204508 / S288c)	Protein disulfide-isomerase	1:Experimental evidence at protein level	37.93	1.0000	0.9990	0.00000000000000	17	17	17	53	53	53	4.42976384E8	4.42976384E8	4.42976384E8			
sp|P18239|ADT2_YEAST	P18239	ADT2_YEAST	PET9	318	false	false	Saccharomyces cerevisiae (strain ATCC 204508 / S288c)	ADP,ATP carrier protein 2	1:Experimental evidence at protein level	34.59	1.0000	0.9990	0.00000000000000	11	5	11	27	12	27	1.65399504E8	1.53841104E8	1.65399504E8	2C(57.0215),7C(57.0215),7C(57.0215)		
sp|P18562|UPP_YEAST	P18562	UPP_YEAST	FUR1	216	false	false	Saccharomyces cerevisiae (strain ATCC 204508 / S288c)	Uracil phosphoribosyltransferase	1:Experimental evidence at protein level	24.54	1.0000	0.9990	0.00000000000000	6	6	6	7	7	7	5.7712E7	5.7712E7	5.7712E7			
sp|P18759|SEC18_YEAST	P18759	SEC18_YEAST	SEC18	758	false	false	Saccharomyces cerevisiae (strain ATCC 204508 / S288c)	Vesicular-fusion protein SEC18	1:Experimental evidence at protein level	16.09	1.0000	0.9990	0.00000000000000	16	16	16	15	15	15	4.7236956E7	4.7236956E7	4.7236956E7	2C(57.0215)		
sp|P18899|DDR48_YEAST	P18899	DDR48_YEAST	DDR48	430	false	false	Saccharomyces cerevisiae (strain ATCC 204508 / S288c)	Stress protein DDR48	1:Experimental evidence at protein level	35.81	1.0000	0.9990	0.00000000000000	7	7	7	9	9	9	9.031156E7	9.031156E7	9.031156E7			
sp|P19073|CDC42_YEAST	P19073	CDC42_YEAST	CDC42	191	false	false	Saccharomyces cerevisiae (strain ATCC 204508 / S288c)	Cell division control protein 42	1:Experimental evidence at protein level	11.52	1.0000	0.9990	0.00000000000000	2	2	2	3	3	3	3.4523324E7	3.4523324E7	3.4523324E7	1C(57.0215)		
sp|P19097|FAS2_YEAST	P19097	FAS2_YEAST	FAS2	1887	false	false	Saccharomyces cerevisiae (strain ATCC 204508 / S288c)	Fatty acid synthase subunit alpha	1:Experimental evidence at protein level	41.44	1.0000	0.9990	0.00000000000000	68	68	68	135	135	135	2.19015344E8	2.19015344E8	2.19015344E8	10C(57.0215),10C(57.0215),10C(57.0215),4C(57.0215)		
sp|P19146|ARF2_YEAST	P19146	ARF2_YEAST	ARF2	181	false	false	Saccharomyces cerevisiae (strain ATCC 204508 / S288c)	ADP-ribosylation factor 2	1:Experimental evidence at protein level	44.75	1.0000	0.9990	0.00000000000000	7	1	7	23	3	23	3.63113728E8	1.5976003E7	3.63113728E8	1M(15.9949)		
sp|P19262|ODO2_YEAST	P19262	ODO2_YEAST	KGD2	463	false	false	Saccharomyces cerevisiae (strain ATCC 204508 / S288c)	Dihydrolipoyllysine-residue succinyltransferase component of 2-oxoglutarate dehydrogenase complex, mitochondrial	1:Experimental evidence at protein level	13.17	1.0000	0.9990	0.00000000000000	6	6	6	7	7	7	3.0507934E7	3.0507934E7	3.0507934E7			
sp|P19358|METK2_YEAST	P19358	METK2_YEAST	SAM2	384	false	false	Saccharomyces cerevisiae (strain ATCC 204508 / S288c)	S-adenosylmethionine synthase 2	1:Experimental evidence at protein level	43.23	1.0000	0.9990	0.00000000000000	15	7	7	37	13	13	6.308473E8	1.03136944E8	1.03136944E8	13C(57.0215),2C(57.0215),2C(57.0215)		
sp|P19414|ACON_YEAST	P19414	ACON_YEAST	ACO1	778	false	false	Saccharomyces cerevisiae (strain ATCC 204508 / S288c)	Aconitate hydratase, mitochondrial	1:Experimental evidence at protein level	53.08	1.0000	0.9990	0.00000000000000	41	40	41	198	193	198	1.16522573E9	1.16522573E9	1.16522573E9	11C(57.0215),14C(57.0215),17M(15.9949),2M(15.9949),7C(57.0215),8M(15.9949)		
sp|P19454|CSK22_YEAST	P19454	CSK22_YEAST	CKA2	339	false	false	Saccharomyces cerevisiae (strain ATCC 204508 / S288c)	Casein kinase II subunit alpha'	1:Experimental evidence at protein level	14.16	1.0000	0.9990	0.00000000000000	5	5	5	6	6	6	2.179979E7	2.179979E7	2.179979E7	1C(57.0215)		
sp|P19524|MYO2_YEAST	P19524	MYO2_YEAST	MYO2	1574	false	false	Saccharomyces cerevisiae (strain ATCC 204508 / S288c)	Myosin-2	1:Experimental evidence at protein level	7.50	1.0000	0.9990	0.00000000000000	13	11	13	11	10	11	1.844776E7	1.5222174E7	1.844776E7	2C(57.0215)		
sp|P19881|PNPP_YEAST	P19881	PNPP_YEAST	PHO13	312	false	false	Saccharomyces cerevisiae (strain ATCC 204508 / S288c)	4-nitrophenylphosphatase	1:Experimental evidence at protein level	8.97	1.0000	0.9990	0.00000000000000	4	4	4	3	3	3	1.9653214E7	1.9653214E7	1.9653214E7			
sp|P19882|HSP60_YEAST	P19882	HSP60_YEAST	HSP60	572	false	false	Saccharomyces cerevisiae (strain ATCC 204508 / S288c)	Heat shock protein 60, mitochondrial	1:Experimental evidence at protein level	47.73	1.0000	0.9990	0.00000000000000	27	27	27	95	95	95	4.36341536E8	4.36341536E8	4.36341536E8	6C(57.0215),6C(57.0215),9M(15.9949),6M(15.9949)		
sp|P20049|TYR1_YEAST	P20049	TYR1_YEAST	TYR1	452	false	false	Saccharomyces cerevisiae (strain ATCC 204508 / S288c)	Prephenate dehydrogenase [NADP(+)]	1:Experimental evidence at protein level	2.65	1.0000	0.9990	0.00000000000000	1	1	1	1	1	1	4586012.0	4586012.0	4586012.0	11C(57.0215)		
sp|P20051|PYRC_YEAST	P20051	PYRC_YEAST	URA4	364	false	false	Saccharomyces cerevisiae (strain ATCC 204508 / S288c)	Dihydroorotase	1:Experimental evidence at protein level	23.35	1.0000	0.9990	0.00000000000000	7	7	7	10	10	10	5.3658336E7	5.3658336E7	5.3658336E7	6C(57.0215)		
sp|P20081|FKBP_YEAST	P20081	FKBP_YEAST	FPR1	114	false	false	Saccharomyces cerevisiae (strain ATCC 204508 / S288c)	FK506-binding protein 1	1:Experimental evidence at protein level	57.02	1.0000	0.9990	0.00000000000000	6	6	6	19	19	19	4.8247168E8	4.8247168E8	4.8247168E8	N-term(42.0106)		
sp|P20107|ZRC1_YEAST	P20107	ZRC1_YEAST	ZRC1	442	false	false	Saccharomyces cerevisiae (strain ATCC 204508 / S288c)	Vacuolar zinc transporter ZRC1	1:Experimental evidence at protein level	9.73	1.0000	0.9990	0.00000000000000	2	2	2	2	2	2	1.1666084E7	1.1666084E7	1.1666084E7			
sp|P20424|SRP54_YEAST	P20424	SRP54_YEAST	SRP54	541	false	false	Saccharomyces cerevisiae (strain ATCC 204508 / S288c)	Signal recognition particle subunit SRP54	1:Experimental evidence at protein level	12.01	1.0000	0.9990	0.00000000000000	6	6	6	7	7	7	1.5983018E7	1.5983018E7	1.5983018E7	4C(57.0215),7C(57.0215)		
sp|P20436|RPAB3_YEAST	P20436	RPAB3_YEAST	RPB8	146	false	false	Saccharomyces cerevisiae (strain ATCC 204508 / S288c)	DNA-directed RNA polymerases I, II, and III subunit RPABC3	1:Experimental evidence at protein level	26.03	1.0000	0.9990	0.00000000000000	3	3	3	3	3	3	3.13432E7	3.13432E7	3.13432E7	11C(57.0215)		
sp|P20447|DBP3_YEAST	P20447	DBP3_YEAST	DBP3	523	false	false	Saccharomyces cerevisiae (strain ATCC 204508 / S288c)	ATP-dependent RNA helicase DBP3	1:Experimental evidence at protein level	3.44	1.0000	0.9990	0.00000000000000	5	5	5	2	2	2	1.95560208E8	1.95560208E8	1.95560208E8			
sp|P20449|DBP5_YEAST	P20449	DBP5_YEAST	DBP5	482	false	false	Saccharomyces cerevisiae (strain ATCC 204508 / S288c)	ATP-dependent RNA helicase DBP5	1:Experimental evidence at protein level	20.95	1.0000	0.9990	0.00000000000000	9	9	9	9	9	9	2.5979832E7	2.5979832E7	2.5979832E7	20C(57.0215)		
sp|P20459|IF2A_YEAST	P20459	IF2A_YEAST	SUI2	304	false	false	Saccharomyces cerevisiae (strain ATCC 204508 / S288c)	Eukaryotic translation initiation factor 2 subunit alpha	1:Experimental evidence at protein level	25.99	1.0000	0.9990	0.00000000000000	10	10	10	12	12	12	6.2284192E7	6.2284192E7	6.2284192E7			
sp|P20485|KICH_YEAST	P20485	KICH_YEAST	CKI1	582	false	false	Saccharomyces cerevisiae (strain ATCC 204508 / S288c)	Choline kinase	1:Experimental evidence at protein level	4.64	1.0000	0.9990	0.00000000000000	3	3	3	3	3	3	1.4350363E7	1.4350363E7	1.4350363E7			
sp|P20604|PP11_YEAST	P20604	PP11_YEAST	SIT4	311	false	false	Saccharomyces cerevisiae (strain ATCC 204508 / S288c)	Serine/threonine-protein phosphatase PP1-1	1:Experimental evidence at protein level	12.22	1.0000	0.9990	0.00000000000000	3	3	3	2	2	2	1.610644E7	1.610644E7	1.610644E7			
sp|P20606|SAR1_YEAST	P20606	SAR1_YEAST	SAR1	190	false	false	Saccharomyces cerevisiae (strain ATCC 204508 / S288c)	Small COPII coat GTPase SAR1	1:Experimental evidence at protein level	35.79	1.0000	0.9990	0.00000000000000	6	6	6	11	11	11	1.49362064E8	1.49362064E8	1.49362064E8			
sp|P20967|ODO1_YEAST	P20967	ODO1_YEAST	KGD1	1014	false	false	Saccharomyces cerevisiae (strain ATCC 204508 / S288c)	2-oxoglutarate dehydrogenase, mitochondrial	1:Experimental evidence at protein level	9.66	1.0000	0.9990	0.00000000000000	8	8	8	8	8	8	1.6723858E7	1.6723858E7	1.6723858E7			
sp|P21242|PSA7_YEAST	P21242	PSA7_YEAST	PRE10	288	false	false	Saccharomyces cerevisiae (strain ATCC 204508 / S288c)	Probable proteasome subunit alpha type-7	1:Experimental evidence at protein level	27.08	1.0000	0.9990	0.00000000000000	7	7	7	15	15	15	9.1977168E7	9.1977168E7	9.1977168E7	1C(57.0215)		
sp|P21243|PSA1_YEAST	P21243	PSA1_YEAST	SCL1	252	false	false	Saccharomyces cerevisiae (strain ATCC 204508 / S288c)	Proteasome subunit alpha type-1	1:Experimental evidence at protein level	48.81	1.0000	0.9990	0.00000000000000	11	11	11	14	14	14	7.5174272E7	7.5174272E7	7.5174272E7	2C(57.0215),7C(57.0215)		
sp|P21264|PUR6_YEAST	P21264	PUR6_YEAST	ADE2	571	false	false	Saccharomyces cerevisiae (strain ATCC 204508 / S288c)	Phosphoribosylaminoimidazole carboxylase	1:Experimental evidence at protein level	32.57	1.0000	0.9990	0.00000000000000	20	20	20	32	32	32	9.1414456E7	9.1414456E7	9.1414456E7	3C(57.0215),4C(57.0215),7C(57.0215),5C(57.0215),7C(57.0215)		
sp|P21304|PWP1_YEAST	P21304	PWP1_YEAST	PWP1	576	false	false	Saccharomyces cerevisiae (strain ATCC 204508 / S288c)	Periodic tryptophan protein 1	1:Experimental evidence at protein level	6.25	1.0000	0.9990	0.00000000000000	4	4	4	4	4	4	2.2646772E7	2.2646772E7	2.2646772E7			
sp|P21375|OSM1_YEAST	P21375	OSM1_YEAST	OSM1	501	false	false	Saccharomyces cerevisiae (strain ATCC 204508 / S288c)	Fumarate reductase 2	1:Experimental evidence at protein level	4.19	1.0000	0.9989	0.00000000000000	3	3	3	2	2	2	1.0533557E7	1.0533557E7	1.0533557E7			
sp|P21538|REB1_YEAST	P21538	REB1_YEAST	REB1	810	false	false	Saccharomyces cerevisiae (strain ATCC 204508 / S288c)	DNA-binding protein REB1	1:Experimental evidence at protein level	2.72	1.0000	0.9990	0.00000000000000	2	2	2	2	2	2	9442495.0	9442495.0	9442495.0			
sp|P21576|VPS1_YEAST	P21576	VPS1_YEAST	VPS1	704	false	false	Saccharomyces cerevisiae (strain ATCC 204508 / S288c)	Vacuolar protein sorting-associated protein 1	1:Experimental evidence at protein level	36.65	1.0000	0.9990	0.00000000000000	25	24	25	34	33	34	7.9330224E7	7.9330224E7	7.9330224E7	N-term(42.0106)		
sp|P21734|UBC1_YEAST	P21734	UBC1_YEAST	UBC1	215	false	false	Saccharomyces cerevisiae (strain ATCC 204508 / S288c)	Ubiquitin-conjugating enzyme E2 1	1:Experimental evidence at protein level	30.70	1.0000	0.9990	0.00000000000000	6	6	6	7	7	7	4.3313616E7	4.3313616E7	4.3313616E7			
sp|P21825|SEC62_YEAST	P21825	SEC62_YEAST	SEC62	274	false	false	Saccharomyces cerevisiae (strain ATCC 204508 / S288c)	Translocation protein SEC62	1:Experimental evidence at protein level	7.30	1.0000	0.9988	0.00000000000000	2	2	2	2	2	2	9204417.0	9204417.0	9204417.0			
sp|P21827|RCC1_YEAST	P21827	RCC1_YEAST	SRM1	482	false	false	Saccharomyces cerevisiae (strain ATCC 204508 / S288c)	Guanine nucleotide exchange factor SRM1	1:Experimental evidence at protein level	9.75	1.0000	0.9990	0.00000000000000	5	5	5	6	6	6	2.0229358E7	2.0229358E7	2.0229358E7			
sp|P21954|IDHP_YEAST	P21954	IDHP_YEAST	IDP1	428	false	false	Saccharomyces cerevisiae (strain ATCC 204508 / S288c)	Isocitrate dehydrogenase [NADP], mitochondrial	1:Experimental evidence at protein level	43.46	1.0000	0.9990	0.00000000000000	16	12	16	31	25	31	1.36216E8	1.12226656E8	1.36216E8	11C(57.0215),1C(57.0215),6C(57.0215)		
sp|P21965|MCK1_YEAST	P21965	MCK1_YEAST	MCK1	375	false	false	Saccharomyces cerevisiae (strain ATCC 204508 / S288c)	Protein kinase MCK1	1:Experimental evidence at protein level	14.67	1.0000	0.9990	0.00000000000000	7	6	7	8	8	8	2.882382E7	2.8625774E7	2.882382E7	2C(57.0215)		
sp|P22137|CLH_YEAST	P22137	CLH_YEAST	CHC1	1653	false	false	Saccharomyces cerevisiae (strain ATCC 204508 / S288c)	Clathrin heavy chain	1:Experimental evidence at protein level	31.82	1.0000	0.9990	0.00000000000000	47	47	47	93	93	93	3.86114304E8	3.86114304E8	3.86114304E8	13C(57.0215),14C(57.0215),14C(57.0215),20C(57.0215),20C(57.0215),2C(57.0215),4C(57.0215),6C(57.0215),6C(57.0215)		
sp|P22138|RPA2_YEAST	P22138	RPA2_YEAST	RPA135	1203	false	false	Saccharomyces cerevisiae (strain ATCC 204508 / S288c)	DNA-directed RNA polymerase I subunit RPA135	1:Experimental evidence at protein level	5.90	1.0000	0.9990	0.00000000000000	7	7	7	6	6	6	2.5972708E7	2.5972708E7	2.5972708E7	11C(57.0215),8C(57.0215),9C(57.0215)		
sp|P22141|PSB4_YEAST	P22141	PSB4_YEAST	PRE1	198	false	false	Saccharomyces cerevisiae (strain ATCC 204508 / S288c)	Proteasome subunit beta type-4	1:Experimental evidence at protein level	12.63	1.0000	0.9990	0.00000000000000	2	2	2	3	3	3	3.9342996E7	3.9342996E7	3.9342996E7			
sp|P22146|GAS1_YEAST	P22146	GAS1_YEAST	GAS1	559	false	false	Saccharomyces cerevisiae (strain ATCC 204508 / S288c)	1,3-beta-glucanosyltransferase GAS1	1:Experimental evidence at protein level	8.77	1.0000	0.9990	0.00000000000000	6	6	6	4	4	4	8.6456328E7	8.6456328E7	8.6456328E7	7C(57.0215)		
sp|P22147|XRN1_YEAST	P22147	XRN1_YEAST	XRN1	1528	false	false	Saccharomyces cerevisiae (strain ATCC 204508 / S288c)	5'-3' exoribonuclease 1	1:Experimental evidence at protein level	15.38	1.0000	0.9990	0.00000000000000	27	27	27	29	29	29	8.6298208E7	8.6298208E7	8.6298208E7	14C(57.0215),15C(57.0215)		
sp|P22203|VATE_YEAST	P22203	VATE_YEAST	VMA4	233	false	false	Saccharomyces cerevisiae (strain ATCC 204508 / S288c)	V-type proton ATPase subunit E	1:Experimental evidence at protein level	57.94	1.0000	0.9990	0.00000000000000	12	12	12	40	40	40	2.68513536E8	2.68513536E8	2.68513536E8	N-term(42.0106)		
sp|P22213|SLY1_YEAST	P22213	SLY1_YEAST	SLY1	666	false	false	Saccharomyces cerevisiae (strain ATCC 204508 / S288c)	Protein SLY1	1:Experimental evidence at protein level	6.16	1.0000	0.9990	0.00000000000000	4	4	4	4	4	4	1.2874974E7	1.2874974E7	1.2874974E7			
sp|P22217|TRX1_YEAST	P22217	TRX1_YEAST	TRX1	103	false	false	Saccharomyces cerevisiae (strain ATCC 204508 / S288c)	Thioredoxin-1	1:Experimental evidence at protein level	66.02	1.0000	0.9990	0.00000000000000	6	4	4	26	12	12	6.4619629E8	3.1319488E8	3.1319488E8			
sp|P22336|RFA1_YEAST	P22336	RFA1_YEAST	RFA1	621	false	false	Saccharomyces cerevisiae (strain ATCC 204508 / S288c)	Replication factor A protein 1	1:Experimental evidence at protein level	14.65	1.0000	0.9990	0.00000000000000	9	9	9	7	7	7	2.4627696E7	2.4627696E7	2.4627696E7			
sp|P22515|UBA1_YEAST	P22515	UBA1_YEAST	UBA1	1024	false	false	Saccharomyces cerevisiae (strain ATCC 204508 / S288c)	Ubiquitin-activating enzyme E1 1	1:Experimental evidence at protein level	31.54	1.0000	0.9990	0.00000000000000	31	31	31	66	66	66	1.78463584E8	1.78463584E8	1.78463584E8	14C(57.0215),17C(57.0215),20C(57.0215),20C(57.0215),5C(57.0215),5C(57.0215),5C(57.0215),5C(57.0215),5C(57.0215),9C(57.0215)		
sp|P22517|KCC2_YEAST	P22517	KCC2_YEAST	CMK2	447	false	false	Saccharomyces cerevisiae (strain ATCC 204508 / S288c)	Calcium/calmodulin-dependent protein kinase II	1:Experimental evidence at protein level	25.73	1.0000	0.9990	0.00000000000000	12	12	12	17	17	17	1.09615104E8	1.09615104E8	1.09615104E8			
sp|P22696|ESS1_YEAST	P22696	ESS1_YEAST	ESS1	170	false	false	Saccharomyces cerevisiae (strain ATCC 204508 / S288c)	Peptidyl-prolyl cis-trans isomerase ESS1	1:Experimental evidence at protein level	15.29	1.0000	0.9990	0.00000000000000	3	3	3	2	2	2	2.4619466E7	2.4619466E7	2.4619466E7			
sp|P22768|ASSY_YEAST	P22768	ASSY_YEAST	ARG1	420	false	false	Saccharomyces cerevisiae (strain ATCC 204508 / S288c)	Argininosuccinate synthase	1:Experimental evidence at protein level	14.76	1.0000	0.9990	0.00000000000000	7	7	7	7	7	7	3.4955172E7	3.4955172E7	3.4955172E7	3C(57.0215),6C(57.0215)		
sp|P22803|TRX2_YEAST	P22803	TRX2_YEAST	TRX2	104	false	false	Saccharomyces cerevisiae (strain ATCC 204508 / S288c)	Thioredoxin-2	1:Experimental evidence at protein level	66.35	1.0000	0.9990	0.00000000000000	6	4	6	37	23	37	9.3154451E8	8.7439245E8	9.3154451E8	1M(15.9949)		
sp|P22855|MAN1_YEAST	P22855	MAN1_YEAST	AMS1	1083	false	false	Saccharomyces cerevisiae (strain ATCC 204508 / S288c)	Alpha-mannosidase	1:Experimental evidence at protein level	20.13	1.0000	0.9990	0.00000000000000	22	22	22	24	24	24	3.3748984E7	3.3748984E7	3.3748984E7	4C(57.0215),8C(57.0215),N-term(42.0106)		
sp|P22943|HSP12_YEAST	P22943	HSP12_YEAST	HSP12	109	false	false	Saccharomyces cerevisiae (strain ATCC 204508 / S288c)	12 kDa heat shock protein	1:Experimental evidence at protein level	59.63	1.0000	0.9990	0.00000000000000	6	6	6	25	25	25	7.2608704E8	7.2608704E8	7.2608704E8			
sp|P23180|AIM17_YEAST	P23180	AIM17_YEAST	AIM17	465	false	false	Saccharomyces cerevisiae (strain ATCC 204508 / S288c)	Probable oxidoreductase AIM17	1:Experimental evidence at protein level	23.23	1.0000	0.9990	0.00000000000000	9	9	9	14	14	14	6.0999076E7	6.0999076E7	6.0999076E7	2C(57.0215),7C(57.0215),8C(57.0215)		
sp|P23248|RS3A2_YEAST	P23248	RS3A2_YEAST	RPS1B	255	false	false	Saccharomyces cerevisiae (strain ATCC 204508 / S288c)	40S ribosomal protein S1-B	1:Experimental evidence at protein level	52.16	1.0000	0.9990	0.00000000000000	15	2	15	63	4	63	7.9975667E8	2.36703104E8	7.9975667E8	5C(57.0215),5C(57.0215),5C(57.0215)		
sp|P23254|TKT1_YEAST	P23254	TKT1_YEAST	TKL1	680	false	false	Saccharomyces cerevisiae (strain ATCC 204508 / S288c)	Transketolase 1	1:Experimental evidence at protein level	34.41	1.0000	0.9990	0.00000000000000	20	17	20	75	67	75	3.52674368E8	3.52674368E8	3.52674368E8			
sp|P23291|KC11_YEAST	P23291	KC11_YEAST	YCK1	538	false	false	Saccharomyces cerevisiae (strain ATCC 204508 / S288c)	Casein kinase I homolog 1	1:Experimental evidence at protein level	9.85	1.0000	0.9990	0.00000000000000	5	4	5	5	4	5	1.9897768E7	1.9620042E7	1.9897768E7			
sp|P23292|KC12_YEAST	P23292	KC12_YEAST	YCK2	546	false	false	Saccharomyces cerevisiae (strain ATCC 204508 / S288c)	Casein kinase I homolog 2	1:Experimental evidence at protein level	13.74	1.0000	0.9990	0.00000000000000	6	5	5	6	5	5	1.5536106E7	1.498742E7	1.498742E7			
sp|P23301|IF5A1_YEAST	P23301	IF5A1_YEAST	HYP2	157	false	false	Saccharomyces cerevisiae (strain ATCC 204508 / S288c)	Eukaryotic translation initiation factor 5A-1	1:Experimental evidence at protein level	36.94	1.0000	0.9990	0.00000000000000	5	4	5	36	35	36	9.5894003E8	9.5894003E8	9.5894003E8	11M(15.9949)		
sp|P23337|GYS1_YEAST	P23337	GYS1_YEAST	GSY1	708	false	false	Saccharomyces cerevisiae (strain ATCC 204508 / S288c)	Glycogen [starch] synthase isoform 1	1:Experimental evidence at protein level	7.34	1.0000	0.9990	0.00000000000000	7	3	3	9	3	3	4.2539656E7	1.3427299E7	1.3427299E7			
sp|P23542|AATC_YEAST	P23542	AATC_YEAST	AAT2	418	false	false	Saccharomyces cerevisiae (strain ATCC 204508 / S288c)	Aspartate aminotransferase, cytoplasmic	1:Experimental evidence at protein level	44.50	1.0000	0.9990	0.00000000000000	14	14	14	38	38	38	2.18542304E8	2.18542304E8	2.18542304E8	14C(57.0215)		
sp|P23585|HXT2_YEAST	P23585	HXT2_YEAST	HXT2	541	false	false	Saccharomyces cerevisiae (strain ATCC 204508 / S288c)	High-affinity glucose transporter HXT2	1:Experimental evidence at protein level	7.02	1.0000	0.9990	0.00000000000000	4	3	3	7	3	3	7.2809216E7	4.6351048E7	4.6351048E7			
sp|P23594|PP2A1_YEAST	P23594	PP2A1_YEAST	PPH21	369	false	false	Saccharomyces cerevisiae (strain ATCC 204508 / S288c)	Serine/threonine-protein phosphatase PP2A-1 catalytic subunit	1:Experimental evidence at protein level	19.24	1.0000	0.9990	0.00000000000000	6	1	6	6	1	6	2.9513948E7	6801941.0	2.9513948E7	11C(57.0215),11C(57.0215),1C(57.0215),1C(57.0215)		
sp|P23595|PP2A2_YEAST	P23595	PP2A2_YEAST	PPH22	377	false	false	Saccharomyces cerevisiae (strain ATCC 204508 / S288c)	Serine/threonine-protein phosphatase PP2A-2 catalytic subunit	1:Experimental evidence at protein level	18.83	1.0000	0.9990	0.00000000000000	6	1	1	6	1	1	3.2053854E7	9341844.0	9341844.0			
sp|P23615|SPT6_YEAST	P23615	SPT6_YEAST	SPT6	1451	false	false	Saccharomyces cerevisiae (strain ATCC 204508 / S288c)	Transcription elongation factor SPT6	1:Experimental evidence at protein level	8.41	1.0000	0.9990	0.00000000000000	13	13	13	13	13	13	5.4690028E7	5.4690028E7	5.4690028E7	6C(57.0215)		
sp|P23638|PSA3_YEAST	P23638	PSA3_YEAST	PRE9	258	false	false	Saccharomyces cerevisiae (strain ATCC 204508 / S288c)	Proteasome subunit alpha type-3	1:Experimental evidence at protein level	36.05	1.0000	0.9990	0.00000000000000	8	8	8	11	11	11	6.0870908E7	6.0870908E7	6.0870908E7			
sp|P23639|PSA2_YEAST	P23639	PSA2_YEAST	PRE8	250	false	false	Saccharomyces cerevisiae (strain ATCC 204508 / S288c)	Proteasome subunit alpha type-2	1:Experimental evidence at protein level	29.20	1.0000	0.9990	0.00000000000000	6	6	6	9	9	9	6.9311144E7	6.9311144E7	6.9311144E7			
sp|P23641|MPCP_YEAST	P23641	MPCP_YEAST	MIR1	311	false	false	Saccharomyces cerevisiae (strain ATCC 204508 / S288c)	Mitochondrial phosphate carrier protein	1:Experimental evidence at protein level	23.47	1.0000	0.9990	0.00000000000000	7	7	7	10	10	10	4.5938404E7	4.5938404E7	4.5938404E7	5C(57.0215)		
sp|P23644|TOM40_YEAST	P23644	TOM40_YEAST	TOM40	387	false	false	Saccharomyces cerevisiae (strain ATCC 204508 / S288c)	Mitochondrial import receptor subunit TOM40	1:Experimental evidence at protein level	14.47	1.0000	0.9990	0.00000000000000	5	5	5	6	6	6	6.7312312E7	6.7312312E7	6.7312312E7	10C(57.0215),3C(57.0215)		
sp|P23724|PSB6_YEAST	P23724	PSB6_YEAST	PRE7	241	false	false	Saccharomyces cerevisiae (strain ATCC 204508 / S288c)	Proteasome subunit beta type-6	1:Experimental evidence at protein level	33.61	1.0000	0.9990	0.00000000000000	7	7	7	8	8	8	4.848378E7	4.848378E7	4.848378E7			
sp|P23776|EXG1_YEAST	P23776	EXG1_YEAST	EXG1	448	false	false	Saccharomyces cerevisiae (strain ATCC 204508 / S288c)	Glucan 1,3-beta-glucosidase I/II	1:Experimental evidence at protein level	8.04	1.0000	0.9990	0.00000000000000	2	2	2	3	3	3	1.953372E7	1.953372E7	1.953372E7	17C(57.0215)		
sp|P24000|RL24B_YEAST	P24000	RL24B_YEAST	RPL24B	155	false	false	Saccharomyces cerevisiae (strain ATCC 204508 / S288c)	60S ribosomal protein L24-B	1:Experimental evidence at protein level	30.97	1.0000	0.9990	0.00000000000000	7	1	1	37	2	2	4.23686912E8	2.390502E7	2.390502E7			
sp|P24276|SSD1_YEAST	P24276	SSD1_YEAST	SSD1	1250	false	false	Saccharomyces cerevisiae (strain ATCC 204508 / S288c)	Protein SSD1	1:Experimental evidence at protein level	12.64	1.0000	0.9990	0.00000000000000	16	16	16	24	24	24	1.05697496E8	1.05697496E8	1.05697496E8	6C(57.0215)		
sp|P24280|SEC14_YEAST	P24280	SEC14_YEAST	SEC14	304	false	false	Saccharomyces cerevisiae (strain ATCC 204508 / S288c)	SEC14 cytosolic factor	1:Experimental evidence at protein level	59.21	1.0000	0.9990	0.00000000000000	16	14	16	20	17	20	1.30792536E8	1.03953848E8	1.30792536E8	10C(57.0215),6C(57.0215)		
sp|P24521|ERG8_YEAST	P24521	ERG8_YEAST	ERG8	451	false	false	Saccharomyces cerevisiae (strain ATCC 204508 / S288c)	Phosphomevalonate kinase	1:Experimental evidence at protein level	5.10	1.0000	0.9990	0.00000000000000	4	4	4	3	3	3	1.6486227E7	1.6486227E7	1.6486227E7			
sp|P24783|DBP2_YEAST	P24783	DBP2_YEAST	DBP2	546	false	false	Saccharomyces cerevisiae (strain ATCC 204508 / S288c)	ATP-dependent RNA helicase DBP2	1:Experimental evidence at protein level	18.86	1.0000	0.9990	0.00000000000000	8	7	7	10	7	7	2.07353136E8	1.83287696E8	1.83287696E8	12C(57.0215)		
sp|P25039|EFGM_YEAST	P25039	EFGM_YEAST	MEF1	761	false	false	Saccharomyces cerevisiae (strain ATCC 204508 / S288c)	Elongation factor G, mitochondrial	1:Experimental evidence at protein level	3.68	1.0000	0.9990	0.00000000000000	5	5	5	3	3	3	1.1762846E7	1.1762846E7	1.1762846E7	5C(57.0215)		
sp|P25043|PSB2_YEAST	P25043	PSB2_YEAST	PUP1	261	false	false	Saccharomyces cerevisiae (strain ATCC 204508 / S288c)	Proteasome subunit beta type-2	1:Experimental evidence at protein level	7.28	1.0000	0.9990	0.00000000000000	2	2	2	3	3	3	3.2596362E7	3.2596362E7	3.2596362E7			
sp|P25045|LCB1_YEAST	P25045	LCB1_YEAST	LCB1	558	false	false	Saccharomyces cerevisiae (strain ATCC 204508 / S288c)	Serine palmitoyltransferase 1	1:Experimental evidence at protein level	6.09	1.0000	0.9990	0.00000000000000	4	4	4	4	4	4	3.4140596E7	3.4140596E7	3.4140596E7			
sp|P25087|ERG6_YEAST	P25087	ERG6_YEAST	ERG6	383	false	false	Saccharomyces cerevisiae (strain ATCC 204508 / S288c)	Sterol 24-C-methyltransferase ERG6	1:Experimental evidence at protein level	40.21	1.0000	0.9990	0.00000000000000	14	14	14	30	30	30	1.42466864E8	1.42466864E8	1.42466864E8	4C(57.0215),8C(57.0215),8C(57.0215),N-term(42.0106)		
sp|P25293|NAP1_YEAST	P25293	NAP1_YEAST	NAP1	417	false	false	Saccharomyces cerevisiae (strain ATCC 204508 / S288c)	Nucleosome assembly protein	1:Experimental evidence at protein level	13.19	1.0000	0.9990	0.00000000000000	6	6	6	5	5	5	3.541168E7	3.541168E7	3.541168E7	16C(57.0215)		
sp|P25294|SIS1_YEAST	P25294	SIS1_YEAST	SIS1	352	false	false	Saccharomyces cerevisiae (strain ATCC 204508 / S288c)	Protein SIS1	1:Experimental evidence at protein level	31.53	1.0000	0.9990	0.00000000000000	10	10	10	19	19	19	8.614624E7	8.614624E7	8.614624E7			
sp|P25296|CANB_YEAST	P25296	CANB_YEAST	CNB1	175	false	false	Saccharomyces cerevisiae (strain ATCC 204508 / S288c)	Calcineurin subunit B	1:Experimental evidence at protein level	30.29	1.0000	0.9990	0.00000000000000	4	4	4	5	5	5	3.1092304E7	3.1092304E7	3.1092304E7			
sp|P25303|SCJ1_YEAST	P25303	SCJ1_YEAST	SCJ1	377	false	false	Saccharomyces cerevisiae (strain ATCC 204508 / S288c)	DnaJ-related protein SCJ1	1:Experimental evidence at protein level	3.18	1.0000	0.9990	0.00000000000000	2	2	2	1	1	1	9262951.0	9262951.0	9262951.0	4C(57.0215),7C(57.0215)		
sp|P25332|RBSK_YEAST	P25332	RBSK_YEAST	RBK1	333	false	false	Saccharomyces cerevisiae (strain ATCC 204508 / S288c)	Ribokinase	1:Experimental evidence at protein level	11.71	1.0000	0.9990	0.00000000000000	3	3	3	3	3	3	1.2870678E7	1.2870678E7	1.2870678E7			
sp|P25340|ERG4_YEAST	P25340	ERG4_YEAST	ERG4	473	false	false	Saccharomyces cerevisiae (strain ATCC 204508 / S288c)	Delta(24(24(1)))-sterol reductase ERG4	1:Experimental evidence at protein level	8.67	1.0000	0.9990	0.00000000000000	5	5	5	8	8	8	3.2159504E7	3.2159504E7	3.2159504E7			
sp|P25342|CDC10_YEAST	P25342	CDC10_YEAST	CDC10	322	false	false	Saccharomyces cerevisiae (strain ATCC 204508 / S288c)	Cell division control protein 10	1:Experimental evidence at protein level	12.11	1.0000	0.9990	0.00000000000000	5	5	5	4	4	4	2.2794444E7	2.2794444E7	2.2794444E7			
sp|P25343|RV161_YEAST	P25343	RV161_YEAST	RVS161	265	false	false	Saccharomyces cerevisiae (strain ATCC 204508 / S288c)	Reduced viability upon starvation protein 161	1:Experimental evidence at protein level	32.83	1.0000	0.9990	0.00000000000000	11	11	11	16	16	16	5.8617356E7	5.8617356E7	5.8617356E7	2C(57.0215)		
sp|P25349|YCP4_YEAST	P25349	YCP4_YEAST	YCP4	247	false	false	Saccharomyces cerevisiae (strain ATCC 204508 / S288c)	Flavoprotein-like protein YCP4	1:Experimental evidence at protein level	32.39	1.0000	0.9990	0.00000000000000	6	6	6	10	10	10	1.24947448E8	1.24947448E8	1.24947448E8			
sp|P25367|RNQ1_YEAST	P25367	RNQ1_YEAST	RNQ1	405	false	false	Saccharomyces cerevisiae (strain ATCC 204508 / S288c)	[PIN+] prion protein RNQ1	1:Experimental evidence at protein level	9.38	1.0000	0.9990	0.00000000000000	3	3	3	4	4	4	3.9614432E7	3.9614432E7	3.9614432E7			
sp|P25368|RRP7_YEAST	P25368	RRP7_YEAST	RRP7	297	false	false	Saccharomyces cerevisiae (strain ATCC 204508 / S288c)	Ribosomal RNA-processing protein 7	1:Experimental evidence at protein level	3.03	1.0000	0.9989	0.00000000000000	2	2	2	1	1	1	2271532.5	2271532.5	2271532.5			
sp|P25373|GLRX1_YEAST	P25373	GLRX1_YEAST	GRX1	110	false	false	Saccharomyces cerevisiae (strain ATCC 204508 / S288c)	Glutaredoxin-1	1:Experimental evidence at protein level	52.73	1.0000	0.9990	0.00000000000000	5	5	5	10	10	10	1.15099248E8	1.15099248E8	1.15099248E8			
sp|P25374|NFS1_YEAST	P25374	NFS1_YEAST	NFS1	497	false	false	Saccharomyces cerevisiae (strain ATCC 204508 / S288c)	Cysteine desulfurase, mitochondrial	1:Experimental evidence at protein level	3.42	1.0000	0.9990	0.00000000000000	3	3	3	2	2	2	1.8368324E7	1.8368324E7	1.8368324E7	6C(57.0215)		
sp|P25375|PRTD_YEAST	P25375	PRTD_YEAST	PRD1	712	false	false	Saccharomyces cerevisiae (strain ATCC 204508 / S288c)	Saccharolysin	1:Experimental evidence at protein level	14.61	1.0000	0.9990	0.00000000000000	10	10	10	11	11	11	3.311539E7	3.311539E7	3.311539E7			
sp|P25386|USO1_YEAST	P25386	USO1_YEAST	USO1	1790	false	false	Saccharomyces cerevisiae (strain ATCC 204508 / S288c)	Intracellular protein transport protein USO1	1:Experimental evidence at protein level	0.56	1.0000	0.9990	0.00000000000000	1	1	1	1	1	1	9912896.0	9912896.0	9912896.0			
sp|P25443|RS2_YEAST	P25443	RS2_YEAST	RPS2	254	false	false	Saccharomyces cerevisiae (strain ATCC 204508 / S288c)	40S ribosomal protein S2	1:Experimental evidence at protein level	50.39	1.0000	0.9990	0.00000000000000	11	11	11	49	49	49	6.2832333E8	6.2832333E8	6.2832333E8	17M(15.9949),N-term(42.0106)		
sp|P25451|PSB3_YEAST	P25451	PSB3_YEAST	PUP3	205	false	false	Saccharomyces cerevisiae (strain ATCC 204508 / S288c)	Proteasome subunit beta type-3	1:Experimental evidence at protein level	18.05	1.0000	0.9990	0.00000000000000	4	4	4	4	4	4	4.6886532E7	4.6886532E7	4.6886532E7	2C(57.0215),7C(57.0215)		
sp|P25491|MAS5_YEAST	P25491	MAS5_YEAST	YDJ1	409	false	false	Saccharomyces cerevisiae (strain ATCC 204508 / S288c)	Mitochondrial protein import protein MAS5	1:Experimental evidence at protein level	19.32	1.0000	0.9990	0.00000000000000	7	7	7	17	17	17	1.78023232E8	1.78023232E8	1.78023232E8	1C(57.0215),4C(57.0215),5C(57.0215),8C(57.0215)		
sp|P25567|SRO9_YEAST	P25567	SRO9_YEAST	SRO9	434	false	false	Saccharomyces cerevisiae (strain ATCC 204508 / S288c)	RNA-binding protein SRO9	1:Experimental evidence at protein level	12.44	1.0000	0.9990	0.00000000000000	6	6	6	6	6	6	4.0139312E7	4.0139312E7	4.0139312E7	N-term(42.0106)		
sp|P25574|EMC1_YEAST	P25574	EMC1_YEAST	EMC1	760	false	false	Saccharomyces cerevisiae (strain ATCC 204508 / S288c)	ER membrane protein complex subunit 1	1:Experimental evidence at protein level	3.42	1.0000	0.9990	0.00000000000000	4	4	4	3	3	3	2.7669408E7	2.7669408E7	2.7669408E7			
sp|P25605|ILV6_YEAST	P25605	ILV6_YEAST	ILV6	309	false	false	Saccharomyces cerevisiae (strain ATCC 204508 / S288c)	Acetolactate synthase small subunit, mitochondrial	1:Experimental evidence at protein level	10.36	1.0000	0.9990	0.00000000000000	3	3	3	4	4	4	3.1608808E7	3.1608808E7	3.1608808E7	10C(57.0215)		
sp|P25623|SYP1_YEAST	P25623	SYP1_YEAST	SYP1	870	false	false	Saccharomyces cerevisiae (strain ATCC 204508 / S288c)	Suppressor of yeast profilin deletion	1:Experimental evidence at protein level	12.07	1.0000	0.9990	0.00000000000000	12	12	12	10	10	10	2.5741308E7	2.5741308E7	2.5741308E7	2C(57.0215)		
sp|P25644|PAT1_YEAST	P25644	PAT1_YEAST	PAT1	796	false	false	Saccharomyces cerevisiae (strain ATCC 204508 / S288c)	DNA topoisomerase 2-associated protein PAT1	1:Experimental evidence at protein level	4.02	1.0000	0.9990	0.00000000000000	5	5	5	4	4	4	1.8732844E7	1.8732844E7	1.8732844E7			
sp|P25655|NOT1_YEAST	P25655	NOT1_YEAST	CDC39	2108	false	false	Saccharomyces cerevisiae (strain ATCC 204508 / S288c)	General negative regulator of transcription subunit 1	1:Experimental evidence at protein level	1.66	1.0000	0.9990	0.00000000000000	5	5	5	4	4	4	1.4027399E7	1.4027399E7	1.4027399E7			
sp|P25694|CDC48_YEAST	P25694	CDC48_YEAST	CDC48	835	false	false	Saccharomyces cerevisiae (strain ATCC 204508 / S288c)	Cell division control protein 48	1:Experimental evidence at protein level	42.63	1.0000	0.9990	0.00000000000000	34	34	34	92	92	92	3.56907456E8	3.56907456E8	3.56907456E8	10C(57.0215),10C(57.0215),18C(57.0215)		
sp|P25719|CYPC_YEAST	P25719	CYPC_YEAST	CPR3	182	false	false	Saccharomyces cerevisiae (strain ATCC 204508 / S288c)	Peptidyl-prolyl cis-trans isomerase C, mitochondrial	1:Experimental evidence at protein level	38.46	1.0000	0.9990	0.00000000000000	6	5	5	8	6	6	2.07477488E8	9.8507184E7	9.8507184E7			
sp|P26321|RL5_YEAST	P26321	RL5_YEAST	RPL5	297	false	false	Saccharomyces cerevisiae (strain ATCC 204508 / S288c)	60S ribosomal protein L5	1:Experimental evidence at protein level	48.15	1.0000	0.9990	0.00000000000000	11	11	11	51	51	51	8.7076237E8	8.7076237E8	8.7076237E8			
sp|P26570|PPZ1_YEAST	P26570	PPZ1_YEAST	PPZ1	692	false	false	Saccharomyces cerevisiae (strain ATCC 204508 / S288c)	Serine/threonine-protein phosphatase PP-Z1	1:Experimental evidence at protein level	5.35	1.0000	0.9990	0.00000000000000	3	0	2	5	0	2	1.3592156E7	0	6741290.5	3C(57.0215)		sp|P33329|PPZ2_YEAST
sp|P26637|SYLC_YEAST	P26637	SYLC_YEAST	CDC60	1090	false	false	Saccharomyces cerevisiae (strain ATCC 204508 / S288c)	Leucine--tRNA ligase, cytoplasmic	1:Experimental evidence at protein level	34.50	1.0000	0.9990	0.00000000000000	32	31	32	60	58	60	1.38935088E8	1.38935088E8	1.38935088E8	10C(57.0215),14C(57.0215),17C(57.0215),9C(57.0215),5C(57.0215),5C(57.0215)		
sp|P26754|RFA2_YEAST	P26754	RFA2_YEAST	RFA2	273	false	false	Saccharomyces cerevisiae (strain ATCC 204508 / S288c)	Replication factor A protein 2	1:Experimental evidence at protein level	8.79	1.0000	0.9990	0.00000000000000	2	2	2	2	2	2	1.693212E7	1.693212E7	1.693212E7			
sp|P26783|RS5_YEAST	P26783	RS5_YEAST	RPS5	225	false	false	Saccharomyces cerevisiae (strain ATCC 204508 / S288c)	40S ribosomal protein S5	1:Experimental evidence at protein level	32.44	1.0000	0.9990	0.00000000000000	7	7	7	36	36	36	6.2345318E8	6.2345318E8	6.2345318E8	3C(57.0215),3C(57.0215)		
sp|P26784|RL16A_YEAST	P26784	RL16A_YEAST	RPL16A	199	false	false	Saccharomyces cerevisiae (strain ATCC 204508 / S288c)	60S ribosomal protein L16-A	1:Experimental evidence at protein level	42.71	1.0000	0.9990	0.00000000000000	10	6	6	33	17	17	8.3745805E8	2.70966944E8	2.70966944E8			
sp|P26785|RL16B_YEAST	P26785	RL16B_YEAST	RPL16B	198	false	false	Saccharomyces cerevisiae (strain ATCC 204508 / S288c)	60S ribosomal protein L16-B	1:Experimental evidence at protein level	43.43	1.0000	0.9990	0.00000000000000	10	6	10	34	18	34	8.3745805E8	2.32757152E8	8.3745805E8	N-term(42.0106)		
sp|P26786|RS7A_YEAST	P26786	RS7A_YEAST	RPS7A	190	false	false	Saccharomyces cerevisiae (strain ATCC 204508 / S288c)	40S ribosomal protein S7-A	1:Experimental evidence at protein level	39.47	1.0000	0.9990	0.00000000000000	8	4	4	31	12	12	5.04647872E8	2.37250176E8	2.37250176E8			
sp|P27472|GYS2_YEAST	P27472	GYS2_YEAST	GSY2	705	false	false	Saccharomyces cerevisiae (strain ATCC 204508 / S288c)	Glycogen [starch] synthase isoform 2	1:Experimental evidence at protein level	23.40	1.0000	0.9990	0.00000000000000	15	11	15	20	14	20	6.3410592E7	5.1772964E7	6.3410592E7			
sp|P27476|NSR1_YEAST	P27476	NSR1_YEAST	NSR1	414	false	false	Saccharomyces cerevisiae (strain ATCC 204508 / S288c)	Nuclear localization sequence-binding protein	1:Experimental evidence at protein level	29.71	1.0000	0.9990	0.00000000000000	11	11	11	13	13	13	8.0962136E7	8.0962136E7	8.0962136E7	4C(57.0215)		
sp|P27614|CBPS_YEAST	P27614	CBPS_YEAST	CPS1	576	false	false	Saccharomyces cerevisiae (strain ATCC 204508 / S288c)	Carboxypeptidase S	1:Experimental evidence at protein level	28.30	1.0000	0.9990	0.00000000000000	14	14	14	31	31	31	1.32126464E8	1.32126464E8	1.32126464E8	8C(57.0215)		
sp|P27616|PUR7_YEAST	P27616	PUR7_YEAST	ADE1	306	false	false	Saccharomyces cerevisiae (strain ATCC 204508 / S288c)	Phosphoribosylaminoimidazole-succinocarboxamide synthase	1:Experimental evidence at protein level	60.78	1.0000	0.9990	0.00000000000000	18	18	18	38	38	38	1.4040352E8	1.4040352E8	1.4040352E8			
sp|P27692|SPT5_YEAST	P27692	SPT5_YEAST	SPT5	1063	false	false	Saccharomyces cerevisiae (strain ATCC 204508 / S288c)	Transcription elongation factor SPT5	1:Experimental evidence at protein level	11.48	1.0000	0.9990	0.00000000000000	11	11	11	10	10	10	2.6169412E7	2.6169412E7	2.6169412E7			
sp|P27809|KRE2_YEAST	P27809	KRE2_YEAST	KRE2	442	false	false	Saccharomyces cerevisiae (strain ATCC 204508 / S288c)	Glycolipid 2-alpha-mannosyltransferase	1:Experimental evidence at protein level	14.25	1.0000	0.9990	0.00000000000000	6	6	6	9	9	9	4.3806992E7	4.3806992E7	4.3806992E7			
sp|P27810|KTR1_YEAST	P27810	KTR1_YEAST	KTR1	393	false	false	Saccharomyces cerevisiae (strain ATCC 204508 / S288c)	Alpha-1,2 mannosyltransferase KTR1	1:Experimental evidence at protein level	17.05	1.0000	0.9990	0.00000000000000	7	7	7	8	8	8	3.8772756E7	3.8772756E7	3.8772756E7			
sp|P28000|RPAC2_YEAST	P28000	RPAC2_YEAST	RPC19	142	false	false	Saccharomyces cerevisiae (strain ATCC 204508 / S288c)	DNA-directed RNA polymerases I and III subunit RPAC2	1:Experimental evidence at protein level	36.62	1.0000	0.9990	0.00000000000000	4	4	4	6	6	6	1.2098858E7	1.2098858E7	1.2098858E7	6C(57.0215),7C(57.0215)		
sp|P28007|GAR1_YEAST	P28007	GAR1_YEAST	GAR1	205	false	false	Saccharomyces cerevisiae (strain ATCC 204508 / S288c)	H/ACA ribonucleoprotein complex subunit GAR1	1:Experimental evidence at protein level	15.61	1.0000	0.9990	0.00000000000000	3	3	3	4	4	4	3.1178538E7	3.1178538E7	3.1178538E7	1C(57.0215)		
sp|P28241|IDH2_YEAST	P28241	IDH2_YEAST	IDH2	369	false	false	Saccharomyces cerevisiae (strain ATCC 204508 / S288c)	Isocitrate dehydrogenase [NAD] subunit 2, mitochondrial	1:Experimental evidence at protein level	39.30	1.0000	0.9990	0.00000000000000	11	11	11	42	42	42	5.20822432E8	5.20822432E8	5.20822432E8	15C(57.0215)		
sp|P28272|PYRD_YEAST	P28272	PYRD_YEAST	URA1	314	false	false	Saccharomyces cerevisiae (strain ATCC 204508 / S288c)	Dihydroorotate dehydrogenase (fumarate)	1:Experimental evidence at protein level	34.08	1.0000	0.9990	0.00000000000000	9	9	9	33	33	33	2.22326496E8	2.22326496E8	2.22326496E8	13M(15.9949),16C(57.0215)		
sp|P28274|URA7_YEAST	P28274	URA7_YEAST	URA7	579	false	false	Saccharomyces cerevisiae (strain ATCC 204508 / S288c)	CTP synthase 1	1:Experimental evidence at protein level	24.53	1.0000	0.9990	0.00000000000000	13	11	13	17	15	17	4.910992E7	4.910992E7	4.910992E7	1C(57.0215)		
sp|P28321|MGLL_YEAST	P28321	MGLL_YEAST	YJU3	313	false	false	Saccharomyces cerevisiae (strain ATCC 204508 / S288c)	Monoglyceride lipase	1:Experimental evidence at protein level	14.38	1.0000	0.9990	0.00000000000000	4	4	4	6	6	6	3.3763116E7	3.3763116E7	3.3763116E7			
sp|P28495|CAPZA_YEAST	P28495	CAPZA_YEAST	CAP1	268	false	false	Saccharomyces cerevisiae (strain ATCC 204508 / S288c)	F-actin-capping protein subunit alpha	1:Experimental evidence at protein level	19.78	1.0000	0.9990	0.00000000000000	5	5	5	5	5	5	6.4879236E7	6.4879236E7	6.4879236E7			
sp|P28625|YIM1_YEAST	P28625	YIM1_YEAST	YIM1	365	false	false	Saccharomyces cerevisiae (strain ATCC 204508 / S288c)	Protein YIM1	1:Experimental evidence at protein level	7.95	1.0000	0.9990	0.00000000000000	2	2	2	3	3	3	6482229.5	6482229.5	6482229.5			
sp|P28707|SBA1_YEAST	P28707	SBA1_YEAST	SBA1	216	false	false	Saccharomyces cerevisiae (strain ATCC 204508 / S288c)	Co-chaperone protein SBA1	1:Experimental evidence at protein level	20.83	1.0000	0.9990	0.00000000000000	5	5	5	22	22	22	1.99671808E8	1.99671808E8	1.99671808E8			
sp|P28777|AROC_YEAST	P28777	AROC_YEAST	ARO2	376	false	false	Saccharomyces cerevisiae (strain ATCC 204508 / S288c)	Chorismate synthase	1:Experimental evidence at protein level	19.41	1.0000	0.9990	0.00000000000000	7	7	7	10	10	10	4.450226E7	4.450226E7	4.450226E7	1C(57.0215),4C(57.0215)		
sp|P28834|IDH1_YEAST	P28834	IDH1_YEAST	IDH1	360	false	false	Saccharomyces cerevisiae (strain ATCC 204508 / S288c)	Isocitrate dehydrogenase [NAD] subunit 1, mitochondrial	1:Experimental evidence at protein level	37.50	1.0000	0.9990	0.00000000000000	15	15	15	46	46	46	3.58128544E8	3.58128544E8	3.58128544E8			
sp|P29311|BMH1_YEAST	P29311	BMH1_YEAST	BMH1	267	false	false	Saccharomyces cerevisiae (strain ATCC 204508 / S288c)	Protein BMH1	1:Experimental evidence at protein level	73.03	1.0000	0.9990	0.00000000000000	14	4	14	82	20	82	8.7473901E8	4.52752032E8	8.7473901E8	8M(15.9949),9C(57.0215),9C(57.0215)		
sp|P29453|RL8B_YEAST	P29453	RL8B_YEAST	RPL8B	256	false	false	Saccharomyces cerevisiae (strain ATCC 204508 / S288c)	60S ribosomal protein L8-B	1:Experimental evidence at protein level	44.53	1.0000	0.9990	0.00000000000000	12	2	12	54	9	54	8.7832218E8	3.5233904E7	8.7832218E8			
sp|P29509|TRXB1_YEAST	P29509	TRXB1_YEAST	TRR1	319	false	false	Saccharomyces cerevisiae (strain ATCC 204508 / S288c)	Thioredoxin reductase 1	1:Experimental evidence at protein level	44.20	1.0000	0.9990	0.00000000000000	9	8	9	23	19	23	1.74646224E8	1.74646224E8	1.74646224E8	14C(57.0215)		
sp|P29547|EF1G1_YEAST	P29547	EF1G1_YEAST	CAM1	415	false	false	Saccharomyces cerevisiae (strain ATCC 204508 / S288c)	Elongation factor 1-gamma 1	1:Experimental evidence at protein level	34.22	1.0000	0.9990	0.00000000000000	16	14	14	44	39	39	2.15108192E8	1.705704E8	1.705704E8			
sp|P29704|ERG9_YEAST	P29704	ERG9_YEAST	ERG9	444	false	false	Saccharomyces cerevisiae (strain ATCC 204508 / S288c)	Squalene synthase ERG9	1:Experimental evidence at protein level	25.90	1.0000	0.9990	0.00000000000000	11	11	11	22	22	22	4.38848E8	4.38848E8	4.38848E8	2C(57.0215),4C(57.0215)		
sp|P29952|MPI_YEAST	P29952	MPI_YEAST	PMI40	429	false	false	Saccharomyces cerevisiae (strain ATCC 204508 / S288c)	Mannose-6-phosphate isomerase	1:Experimental evidence at protein level	20.98	1.0000	0.9990	0.00000000000000	11	11	11	11	11	11	8.2084944E7	8.2084944E7	8.2084944E7	10C(57.0215),12C(57.0215),18C(57.0215)		
sp|P30624|LCF1_YEAST	P30624	LCF1_YEAST	FAA1	700	false	false	Saccharomyces cerevisiae (strain ATCC 204508 / S288c)	Long-chain-fatty-acid--CoA ligase 1	1:Experimental evidence at protein level	29.86	1.0000	0.9990	0.00000000000000	21	19	21	33	31	33	8.2022776E7	8.1135232E7	8.2022776E7	3C(57.0215)		
sp|P30822|XPO1_YEAST	P30822	XPO1_YEAST	CRM1	1084	false	false	Saccharomyces cerevisiae (strain ATCC 204508 / S288c)	Exportin-1	1:Experimental evidence at protein level	18.73	1.0000	0.9990	0.00000000000000	20	20	20	23	23	23	3.9843492E7	3.9843492E7	3.9843492E7	1C(57.0215),7C(57.0215)		
sp|P31116|DHOM_YEAST	P31116	DHOM_YEAST	HOM6	359	false	false	Saccharomyces cerevisiae (strain ATCC 204508 / S288c)	Homoserine dehydrogenase	1:Experimental evidence at protein level	49.30	1.0000	0.9990	0.00000000000000	15	15	15	51	51	51	3.19122528E8	3.19122528E8	3.19122528E8			
sp|P31373|CYS3_YEAST	P31373	CYS3_YEAST	CYS3	394	false	false	Saccharomyces cerevisiae (strain ATCC 204508 / S288c)	Cystathionine gamma-lyase	1:Experimental evidence at protein level	34.01	1.0000	0.9990	0.00000000000000	10	10	10	37	37	37	3.09422112E8	3.09422112E8	3.09422112E8			
sp|P31382|PMT2_YEAST	P31382	PMT2_YEAST	PMT2	759	false	false	Saccharomyces cerevisiae (strain ATCC 204508 / S288c)	Dolichyl-phosphate-mannose--protein mannosyltransferase 2	1:Experimental evidence at protein level	14.89	1.0000	0.9990	0.00000000000000	11	9	11	10	8	10	9.497668E7	9.497668E7	9.497668E7	27C(57.0215),2C(57.0215),6C(57.0215),6C(57.0215)		
sp|P31383|2AAA_YEAST	P31383	2AAA_YEAST	TPD3	635	false	false	Saccharomyces cerevisiae (strain ATCC 204508 / S288c)	Protein phosphatase PP2A regulatory subunit A	1:Experimental evidence at protein level	11.34	1.0000	0.9990	0.00000000000000	8	8	8	8	8	8	4.08259E7	4.08259E7	4.08259E7	11C(57.0215)		
sp|P31384|CCR4_YEAST	P31384	CCR4_YEAST	CCR4	837	false	false	Saccharomyces cerevisiae (strain ATCC 204508 / S288c)	CCR4-Not complex 3'-5'-exoribonuclease subunit Ccr4	1:Experimental evidence at protein level	5.02	1.0000	0.9990	0.00000000000000	3	3	3	3	3	3	8009188.0	8009188.0	8009188.0			
sp|P31412|VATC_YEAST	P31412	VATC_YEAST	VMA5	392	false	false	Saccharomyces cerevisiae (strain ATCC 204508 / S288c)	V-type proton ATPase subunit C	1:Experimental evidence at protein level	26.28	1.0000	0.9990	0.00000000000000	11	11	11	13	13	13	8.9940032E7	8.9940032E7	8.9940032E7			
sp|P31539|HS104_YEAST	P31539	HS104_YEAST	HSP104	908	false	false	Saccharomyces cerevisiae (strain ATCC 204508 / S288c)	Heat shock protein 104	1:Experimental evidence at protein level	42.07	1.0000	0.9990	0.00000000000000	39	39	39	105	105	105	4.1464272E8	4.1464272E8	4.1464272E8	13C(57.0215),3C(57.0215),3C(57.0215),4C(57.0215),N-term(42.0106)		
sp|P31688|TPS2_YEAST	P31688	TPS2_YEAST	TPS2	896	false	false	Saccharomyces cerevisiae (strain ATCC 204508 / S288c)	Trehalose-phosphatase	1:Experimental evidence at protein level	26.90	1.0000	0.9990	0.00000000000000	22	22	22	29	29	29	7.9317496E7	7.9317496E7	7.9317496E7	12C(57.0215),2C(57.0215),4C(57.0215),4C(57.0215),5C(57.0215),6C(57.0215),8C(57.0215),N-term(42.0106)		
sp|P31787|ACBP_YEAST	P31787	ACBP_YEAST	ACB1	87	false	false	Saccharomyces cerevisiae (strain ATCC 204508 / S288c)	Acyl-CoA-binding protein	1:Experimental evidence at protein level	78.16	1.0000	0.9990	0.00000000000000	8	8	8	24	24	24	3.48890368E8	3.48890368E8	3.48890368E8			
sp|P32074|COPG_YEAST	P32074	COPG_YEAST	SEC21	935	false	false	Saccharomyces cerevisiae (strain ATCC 204508 / S288c)	Coatomer subunit gamma	1:Experimental evidence at protein level	27.91	1.0000	0.9990	0.00000000000000	24	24	24	27	27	27	1.18921552E8	1.18921552E8	1.18921552E8	4C(57.0215),7C(57.0215),7C(57.0215),9C(57.0215)		
sp|P32178|CHMU_YEAST	P32178	CHMU_YEAST	ARO7	256	false	false	Saccharomyces cerevisiae (strain ATCC 204508 / S288c)	Chorismate mutase	1:Experimental evidence at protein level	20.70	1.0000	0.9990	0.00000000000000	5	5	5	5	5	5	1.7691818E7	1.7691818E7	1.7691818E7	N-term(42.0106)		
sp|P32179|MET22_YEAST	P32179	MET22_YEAST	MET22	357	false	false	Saccharomyces cerevisiae (strain ATCC 204508 / S288c)	3'(2'),5'-bisphosphate nucleotidase	1:Experimental evidence at protein level	8.12	1.0000	0.9990	0.00000000000000	3	3	3	4	4	4	2.0087636E7	2.0087636E7	2.0087636E7	3C(57.0215),3C(57.0215)		
sp|P32191|GPDM_YEAST	P32191	GPDM_YEAST	GUT2	649	false	false	Saccharomyces cerevisiae (strain ATCC 204508 / S288c)	Glycerol-3-phosphate dehydrogenase, mitochondrial	1:Experimental evidence at protein level	6.01	1.0000	0.9990	0.00000000000000	3	3	3	4	4	4	1.0319468E7	1.0319468E7	1.0319468E7			
sp|P32263|P5CR_YEAST	P32263	P5CR_YEAST	PRO3	286	false	false	Saccharomyces cerevisiae (strain ATCC 204508 / S288c)	Pyrroline-5-carboxylate reductase	1:Experimental evidence at protein level	32.52	1.0000	0.9990	0.00000000000000	10	10	10	13	13	13	1.13638744E8	1.13638744E8	1.13638744E8			
sp|P32288|GLNA_YEAST	P32288	GLNA_YEAST	GLN1	370	false	false	Saccharomyces cerevisiae (strain ATCC 204508 / S288c)	Glutamine synthetase	1:Experimental evidence at protein level	28.11	1.0000	0.9990	0.00000000000000	10	10	10	26	26	26	2.98025408E8	2.98025408E8	2.98025408E8			
sp|P32319|VPS10_YEAST	P32319	VPS10_YEAST	PEP1	1579	false	false	Saccharomyces cerevisiae (strain ATCC 204508 / S288c)	Vacuolar protein sorting/targeting protein VPS10	1:Experimental evidence at protein level	8.68	1.0000	0.9990	0.00000000000000	16	13	16	16	13	16	2.63444E7	2.63444E7	2.63444E7	11C(57.0215),2C(57.0215),5C(57.0215),6C(57.0215),6C(57.0215)		
sp|P32324|EF2_YEAST	P32324	EF2_YEAST	EFT1	842	false	false	Saccharomyces cerevisiae (strain ATCC 204508 / S288c)	Elongation factor 2	1:Experimental evidence at protein level	46.67	1.0000	0.9990	0.00000000000000	35	35	35	210	210	210	1.37233638E9	1.37233638E9	1.37233638E9	11M(15.9949),13M(15.9949),14C(57.0215),2M(15.9949),3C(57.0215),4M(15.9949),4M(15.9949),5M(15.9949),5M(15.9949),6M(15.9949),8C(57.0215),8M(15.9949),9M(15.9949)		
sp|P32327|PYC2_YEAST	P32327	PYC2_YEAST	PYC2	1180	false	false	Saccharomyces cerevisiae (strain ATCC 204508 / S288c)	Pyruvate carboxylase 2	1:Experimental evidence at protein level	28.56	1.0000	0.9990	0.00000000000000	33	11	33	61	17	61	1.198196E8	5.484778E7	1.198196E8	3C(57.0215),5C(57.0215),6C(57.0215),8C(57.0215)		
sp|P32337|IMB3_YEAST	P32337	IMB3_YEAST	PSE1	1089	false	false	Saccharomyces cerevisiae (strain ATCC 204508 / S288c)	Importin subunit beta-3	1:Experimental evidence at protein level	4.68	1.0000	0.9990	0.00000000000000	6	6	6	5	5	5	1.8651628E7	1.8651628E7	1.8651628E7	4C(57.0215),5C(57.0215)		
sp|P32347|DCUP_YEAST	P32347	DCUP_YEAST	HEM12	362	false	false	Saccharomyces cerevisiae (strain ATCC 204508 / S288c)	Uroporphyrinogen decarboxylase	1:Experimental evidence at protein level	4.97	1.0000	0.9990	0.00000000000000	3	3	3	2	2	2	2.514623E7	2.514623E7	2.514623E7	6C(57.0215),6C(57.0215)		
sp|P32352|ERG2_YEAST	P32352	ERG2_YEAST	ERG2	222	false	false	Saccharomyces cerevisiae (strain ATCC 204508 / S288c)	C-8 sterol isomerase ERG2	1:Experimental evidence at protein level	22.52	1.0000	0.9990	0.00000000000000	4	4	4	5	5	5	6.7596288E7	6.7596288E7	6.7596288E7	6C(57.0215)		
sp|P32353|ERG3_YEAST	P32353	ERG3_YEAST	ERG3	365	false	false	Saccharomyces cerevisiae (strain ATCC 204508 / S288c)	Delta(7)-sterol 5(6)-desaturase ERG3	1:Experimental evidence at protein level	4.66	1.0000	0.9990	0.00000000000000	3	3	3	2	2	2	8381630.0	8381630.0	8381630.0			
sp|P32356|TREA_YEAST	P32356	TREA_YEAST	NTH1	751	false	false	Saccharomyces cerevisiae (strain ATCC 204508 / S288c)	Cytosolic neutral trehalase	1:Experimental evidence at protein level	15.98	1.0000	0.9990	0.00000000000000	16	15	16	13	12	13	3.8709544E7	3.8709544E7	3.8709544E7			
sp|P32366|VA0D_YEAST	P32366	VA0D_YEAST	VMA6	345	false	false	Saccharomyces cerevisiae (strain ATCC 204508 / S288c)	V-type proton ATPase subunit d	1:Experimental evidence at protein level	17.10	1.0000	0.9990	0.00000000000000	4	4	4	10	10	10	6.052714E7	6.052714E7	6.052714E7	15C(57.0215)		
sp|P32368|SAC1_YEAST	P32368	SAC1_YEAST	SAC1	623	false	false	Saccharomyces cerevisiae (strain ATCC 204508 / S288c)	Phosphatidylinositol-3-phosphatase SAC1	1:Experimental evidence at protein level	21.83	1.0000	0.9990	0.00000000000000	12	12	12	16	16	16	7.2426688E7	7.2426688E7	7.2426688E7	3C(57.0215),6C(57.0215)		
sp|P32377|MVD1_YEAST	P32377	MVD1_YEAST	MVD1	396	false	false	Saccharomyces cerevisiae (strain ATCC 204508 / S288c)	Diphosphomevalonate decarboxylase	1:Experimental evidence at protein level	20.20	1.0000	0.9990	0.00000000000000	6	6	6	9	9	9	4.6227272E7	4.6227272E7	4.6227272E7			
sp|P32379|PSA5_YEAST	P32379	PSA5_YEAST	PUP2	260	false	false	Saccharomyces cerevisiae (strain ATCC 204508 / S288c)	Proteasome subunit alpha type-5	1:Experimental evidence at protein level	23.85	1.0000	0.9990	0.00000000000000	6	6	6	7	7	7	8.9721648E7	8.9721648E7	8.9721648E7	10C(57.0215)		
sp|P32381|ARP2_YEAST	P32381	ARP2_YEAST	ARP2	391	false	false	Saccharomyces cerevisiae (strain ATCC 204508 / S288c)	Actin-related protein 2	1:Experimental evidence at protein level	32.74	1.0000	0.9990	0.00000000000000	12	12	12	17	17	17	7.370648E7	7.370648E7	7.370648E7	2C(57.0215),N-term(42.0106)		
sp|P32386|YBT1_YEAST	P32386	YBT1_YEAST	YBT1	1661	false	false	Saccharomyces cerevisiae (strain ATCC 204508 / S288c)	ATP-dependent bile acid permease	1:Experimental evidence at protein level	3.61	1.0000	0.9990	0.00000000000000	8	8	8	7	7	7	3.5512728E7	3.5512728E7	3.5512728E7			
sp|P32419|MDHP_YEAST	P32419	MDHP_YEAST	MDH3	343	false	false	Saccharomyces cerevisiae (strain ATCC 204508 / S288c)	Malate dehydrogenase, peroxisomal	1:Experimental evidence at protein level	6.71	1.0000	0.9990	0.00000000000000	4	4	4	4	4	4	3.1191544E7	3.1191544E7	3.1191544E7			
sp|P32445|RIM1_YEAST	P32445	RIM1_YEAST	RIM1	135	false	false	Saccharomyces cerevisiae (strain ATCC 204508 / S288c)	Single-stranded DNA-binding protein RIM1, mitochondrial	1:Experimental evidence at protein level	17.78	1.0000	0.9990	0.00000000000000	3	3	3	3	3	3	3.1905084E7	3.1905084E7	3.1905084E7			
sp|P32449|AROG_YEAST	P32449	AROG_YEAST	ARO4	370	false	false	Saccharomyces cerevisiae (strain ATCC 204508 / S288c)	Phospho-2-dehydro-3-deoxyheptonate aldolase, tyrosine-inhibited	1:Experimental evidence at protein level	26.76	1.0000	0.9990	0.00000000000000	8	6	6	10	8	8	7.0061984E7	7.0061984E7	7.0061984E7	5C(57.0215),8C(57.0215)		
sp|P32453|ATP11_YEAST	P32453	ATP11_YEAST	ATP11	318	false	false	Saccharomyces cerevisiae (strain ATCC 204508 / S288c)	Protein ATP11, mitochondrial	1:Experimental evidence at protein level	6.29	1.0000	0.9990	0.00000000000000	3	3	3	2	2	2	1.098082E7	1.098082E7	1.098082E7			
sp|P32454|APE2_YEAST	P32454	APE2_YEAST	APE2	952	false	false	Saccharomyces cerevisiae (strain ATCC 204508 / S288c)	Aminopeptidase 2, mitochondrial	1:Experimental evidence at protein level	31.93	1.0000	0.9990	0.00000000000000	29	26	29	43	38	43	8.4120544E7	8.4120544E7	8.4120544E7	4C(57.0215),6C(57.0215)		
sp|P32457|CDC3_YEAST	P32457	CDC3_YEAST	CDC3	520	false	false	Saccharomyces cerevisiae (strain ATCC 204508 / S288c)	Cell division control protein 3	1:Experimental evidence at protein level	13.46	1.0000	0.9990	0.00000000000000	8	8	8	7	7	7	4.056022E7	4.056022E7	4.056022E7			
sp|P32458|CDC11_YEAST	P32458	CDC11_YEAST	CDC11	415	false	false	Saccharomyces cerevisiae (strain ATCC 204508 / S288c)	Cell division control protein 11	1:Experimental evidence at protein level	8.43	1.0000	0.9990	0.00000000000000	5	5	5	4	4	4	6.1379232E7	6.1379232E7	6.1379232E7			
sp|P32463|ACPM_YEAST	P32463	ACPM_YEAST	ACP1	125	false	false	Saccharomyces cerevisiae (strain ATCC 204508 / S288c)	Acyl carrier protein, mitochondrial	1:Experimental evidence at protein level	14.40	1.0000	0.9990	0.00000000000000	2	2	2	7	7	7	7.2083624E7	7.2083624E7	7.2083624E7			
sp|P32466|HXT3_YEAST	P32466	HXT3_YEAST	HXT3	567	false	false	Saccharomyces cerevisiae (strain ATCC 204508 / S288c)	Low-affinity glucose transporter HXT3	1:Experimental evidence at protein level	16.40	1.0000	0.9990	0.00000000000000	8	6	6	12	6	6	1.14284584E8	6.476598E7	6.476598E7			
sp|P32468|CDC12_YEAST	P32468	CDC12_YEAST	CDC12	407	false	false	Saccharomyces cerevisiae (strain ATCC 204508 / S288c)	Cell division control protein 12	1:Experimental evidence at protein level	29.48	1.0000	0.9990	0.00000000000000	10	10	10	12	12	12	3.1994052E7	3.1994052E7	3.1994052E7	14C(57.0215)		
sp|P32469|DPH5_YEAST	P32469	DPH5_YEAST	DPH5	300	false	false	Saccharomyces cerevisiae (strain ATCC 204508 / S288c)	Diphthine methyl ester synthase	1:Experimental evidence at protein level	16.67	1.0000	0.9990	0.00000000000000	4	4	4	6	6	6	2.4951292E7	2.4951292E7	2.4951292E7			
sp|P32471|EF1B_YEAST	P32471	EF1B_YEAST	EFB1	206	false	false	Saccharomyces cerevisiae (strain ATCC 204508 / S288c)	Elongation factor 1-beta	1:Experimental evidence at protein level	42.72	1.0000	0.9990	0.00000000000000	6	6	6	26	26	26	8.7948704E8	8.7948704E8	8.7948704E8	25M(15.9949),5C(57.0215)		
sp|P32472|FKBP2_YEAST	P32472	FKBP2_YEAST	FPR2	135	false	false	Saccharomyces cerevisiae (strain ATCC 204508 / S288c)	Peptidyl-prolyl cis-trans isomerase FPR2	1:Experimental evidence at protein level	22.22	1.0000	0.9990	0.00000000000000	3	3	3	4	4	4	2.8378052E7	2.8378052E7	2.8378052E7	6C(57.0215),7C(57.0215)		
sp|P32473|ODPB_YEAST	P32473	ODPB_YEAST	PDB1	366	false	false	Saccharomyces cerevisiae (strain ATCC 204508 / S288c)	Pyruvate dehydrogenase E1 component subunit beta, mitochondrial	1:Experimental evidence at protein level	23.22	1.0000	0.9990	0.00000000000000	7	7	7	14	14	14	1.18230688E8	1.18230688E8	1.18230688E8			
sp|P32476|ERG1_YEAST	P32476	ERG1_YEAST	ERG1	496	false	false	Saccharomyces cerevisiae (strain ATCC 204508 / S288c)	Squalene epoxidase ERG1	1:Experimental evidence at protein level	15.32	1.0000	0.9990	0.00000000000000	9	9	9	9	9	9	4.21303E7	4.21303E7	4.21303E7			
sp|P32477|GSH1_YEAST	P32477	GSH1_YEAST	GSH1	678	false	false	Saccharomyces cerevisiae (strain ATCC 204508 / S288c)	Glutamate--cysteine ligase	1:Experimental evidence at protein level	3.24	1.0000	0.9990	0.00000000000000	2	2	2	1	1	1	7479563.0	7479563.0	7479563.0			
sp|P32481|IF2G_YEAST	P32481	IF2G_YEAST	GCD11	527	false	false	Saccharomyces cerevisiae (strain ATCC 204508 / S288c)	Eukaryotic translation initiation factor 2 subunit gamma	1:Experimental evidence at protein level	33.21	1.0000	0.9990	0.00000000000000	16	16	16	24	24	24	9.0578416E7	9.0578416E7	9.0578416E7	11C(57.0215),1C(57.0215),6C(57.0215),1C(57.0215),6C(57.0215),6C(57.0215),6C(57.0215)		
sp|P32485|HOG1_YEAST	P32485	HOG1_YEAST	HOG1	435	false	false	Saccharomyces cerevisiae (strain ATCC 204508 / S288c)	Mitogen-activated protein kinase HOG1	1:Experimental evidence at protein level	28.97	1.0000	0.9990	0.00000000000000	8	7	8	8	7	8	4.0315016E7	4.0315016E7	4.0315016E7	13C(57.0215),2C(57.0215),7C(57.0215)		
sp|P32495|NHP2_YEAST	P32495	NHP2_YEAST	NHP2	156	false	false	Saccharomyces cerevisiae (strain ATCC 204508 / S288c)	H/ACA ribonucleoprotein complex subunit NHP2	1:Experimental evidence at protein level	10.26	1.0000	0.9990	0.00000000000000	2	2	2	3	3	3	1.5304195E7	1.5304195E7	1.5304195E7			
sp|P32496|RPN12_YEAST	P32496	RPN12_YEAST	RPN12	274	false	false	Saccharomyces cerevisiae (strain ATCC 204508 / S288c)	26S proteasome regulatory subunit RPN12	1:Experimental evidence at protein level	21.17	1.0000	0.9990	0.00000000000000	7	7	7	6	6	6	3.26585696E8	3.26585696E8	3.26585696E8			
sp|P32497|EIF3C_YEAST	P32497	EIF3C_YEAST	NIP1	812	false	false	Saccharomyces cerevisiae (strain ATCC 204508 / S288c)	Eukaryotic translation initiation factor 3 subunit C	1:Experimental evidence at protein level	12.56	1.0000	0.9990	0.00000000000000	14	14	14	15	15	15	7.403808E7	7.403808E7	7.403808E7			
sp|P32499|NUP2_YEAST	P32499	NUP2_YEAST	NUP2	720	false	false	Saccharomyces cerevisiae (strain ATCC 204508 / S288c)	Nucleoporin NUP2	1:Experimental evidence at protein level	12.78	1.0000	0.9990	0.00000000000000	10	10	10	12	12	12	2.842224E7	2.842224E7	2.842224E7			
sp|P32501|EI2BE_YEAST	P32501	EI2BE_YEAST	GCD6	712	false	false	Saccharomyces cerevisiae (strain ATCC 204508 / S288c)	Translation initiation factor eIF-2B subunit epsilon	1:Experimental evidence at protein level	8.71	1.0000	0.9990	0.00000000000000	8	8	8	7	7	7	3.6660224E7	3.6660224E7	3.6660224E7	1C(57.0215),8C(57.0215)		
sp|P32505|NAB2_YEAST	P32505	NAB2_YEAST	NAB2	525	false	false	Saccharomyces cerevisiae (strain ATCC 204508 / S288c)	Nuclear polyadenylated RNA-binding protein NAB2	1:Experimental evidence at protein level	7.62	1.0000	0.9990	0.00000000000000	3	3	3	4	4	4	1.83826E7	1.83826E7	1.83826E7	10C(57.0215),5C(57.0215),7C(57.0215)		
sp|P32521|PAN1_YEAST	P32521	PAN1_YEAST	PAN1	1480	false	false	Saccharomyces cerevisiae (strain ATCC 204508 / S288c)	Actin cytoskeleton-regulatory complex protein PAN1	1:Experimental evidence at protein level	4.80	1.0000	0.9990	0.00000000000000	6	6	6	5	5	5	2.6272992E7	2.6272992E7	2.6272992E7			
sp|P32527|ZUO1_YEAST	P32527	ZUO1_YEAST	ZUO1	433	false	false	Saccharomyces cerevisiae (strain ATCC 204508 / S288c)	Zuotin	1:Experimental evidence at protein level	23.09	1.0000	0.9990	0.00000000000000	14	14	14	23	23	23	1.64019376E8	1.64019376E8	1.64019376E8	6C(57.0215)		
sp|P32528|DUR1_YEAST	P32528	DUR1_YEAST	DUR1,2	1835	false	false	Saccharomyces cerevisiae (strain ATCC 204508 / S288c)	Urea amidolyase	1:Experimental evidence at protein level	1.96	1.0000	0.9990	0.00000000000000	3	3	3	2	2	2	7752537.0	7752537.0	7752537.0	5C(57.0215)		
sp|P32558|SPT16_YEAST	P32558	SPT16_YEAST	SPT16	1035	false	false	Saccharomyces cerevisiae (strain ATCC 204508 / S288c)	FACT complex subunit SPT16	1:Experimental evidence at protein level	22.13	1.0000	0.9990	0.00000000000000	24	24	24	25	25	25	5.3462092E7	5.3462092E7	5.3462092E7	5C(57.0215),7C(57.0215)		
sp|P32563|VPP1_YEAST	P32563	VPP1_YEAST	VPH1	840	false	false	Saccharomyces cerevisiae (strain ATCC 204508 / S288c)	V-type proton ATPase subunit a, vacuolar isoform	1:Experimental evidence at protein level	18.21	1.0000	0.9990	0.00000000000000	19	19	19	34	34	34	7.666176E7	7.666176E7	7.666176E7	11C(57.0215),9C(57.0215)		
sp|P32565|RPN2_YEAST	P32565	RPN2_YEAST	RPN2	945	false	false	Saccharomyces cerevisiae (strain ATCC 204508 / S288c)	26S proteasome regulatory subunit RPN2	1:Experimental evidence at protein level	19.47	1.0000	0.9990	0.00000000000000	22	21	22	23	22	23	6.7183448E7	6.7183448E7	6.7183448E7	11C(57.0215),1C(57.0215)		
sp|P32566|SMI1_YEAST	P32566	SMI1_YEAST	SMI1	505	false	false	Saccharomyces cerevisiae (strain ATCC 204508 / S288c)	Cell wall assembly regulator SMI1	1:Experimental evidence at protein level	5.54	1.0000	0.9990	0.00000000000000	2	2	2	2	2	2	1.4820089E7	1.4820089E7	1.4820089E7			
sp|P32582|CBS_YEAST	P32582	CBS_YEAST	CYS4	507	false	false	Saccharomyces cerevisiae (strain ATCC 204508 / S288c)	Cystathionine beta-synthase	1:Experimental evidence at protein level	58.38	1.0000	0.9990	0.00000000000000	22	22	22	58	58	58	2.07496096E8	2.07496096E8	2.07496096E8	2C(57.0215)		
sp|P32588|PUB1_YEAST	P32588	PUB1_YEAST	PUB1	453	false	false	Saccharomyces cerevisiae (strain ATCC 204508 / S288c)	Nuclear and cytoplasmic polyadenylated RNA-binding protein PUB1	1:Experimental evidence at protein level	22.74	1.0000	0.9990	0.00000000000000	6	6	6	9	9	9	1.10267456E8	1.10267456E8	1.10267456E8			
sp|P32589|HSP7F_YEAST	P32589	HSP7F_YEAST	SSE1	693	false	false	Saccharomyces cerevisiae (strain ATCC 204508 / S288c)	Heat shock protein homolog SSE1	1:Experimental evidence at protein level	49.21	1.0000	0.9990	0.00000000000000	31	25	31	100	76	100	6.3638029E8	6.3638029E8	6.3638029E8	6C(57.0215),6C(57.0215),6C(57.0215),7C(57.0215)		
sp|P32590|HSP79_YEAST	P32590	HSP79_YEAST	SSE2	693	false	false	Saccharomyces cerevisiae (strain ATCC 204508 / S288c)	Heat shock protein homolog SSE2	1:Experimental evidence at protein level	11.54	1.0000	0.9990	0.00000000000000	11	5	5	27	3	3	2.68463488E8	2.6194328E7	2.6194328E7			
sp|P32598|PP12_YEAST	P32598	PP12_YEAST	GLC7	312	false	false	Saccharomyces cerevisiae (strain ATCC 204508 / S288c)	Serine/threonine-protein phosphatase PP1-2	1:Experimental evidence at protein level	26.92	1.0000	0.9990	0.00000000000000	7	6	7	12	9	12	5.494222E7	5.494222E7	5.494222E7	3C(57.0215),7C(57.0215),8C(57.0215)		
sp|P32599|FIMB_YEAST	P32599	FIMB_YEAST	SAC6	642	false	false	Saccharomyces cerevisiae (strain ATCC 204508 / S288c)	Fimbrin	1:Experimental evidence at protein level	24.14	1.0000	0.9990	0.00000000000000	16	16	16	37	37	37	1.79203856E8	1.79203856E8	1.79203856E8			
sp|P32602|SEC17_YEAST	P32602	SEC17_YEAST	SEC17	292	false	false	Saccharomyces cerevisiae (strain ATCC 204508 / S288c)	Alpha-soluble NSF attachment protein	1:Experimental evidence at protein level	28.77	1.0000	0.9990	0.00000000000000	7	7	7	6	6	6	4.6357216E7	4.6357216E7	4.6357216E7	18C(57.0215)		
sp|P32610|VATD_YEAST	P32610	VATD_YEAST	VMA8	256	false	false	Saccharomyces cerevisiae (strain ATCC 204508 / S288c)	V-type proton ATPase subunit D	1:Experimental evidence at protein level	22.27	1.0000	0.9990	0.00000000000000	5	5	5	7	7	7	5.8145856E7	5.8145856E7	5.8145856E7			
sp|P32614|FRDS_YEAST	P32614	FRDS_YEAST	FRD1	470	false	false	Saccharomyces cerevisiae (strain ATCC 204508 / S288c)	Fumarate reductase 1	1:Experimental evidence at protein level	39.15	1.0000	0.9990	0.00000000000000	17	17	17	32	32	32	1.03550032E8	1.03550032E8	1.03550032E8	2C(57.0215),2C(57.0215),9C(57.0215)		
sp|P32623|CRH2_YEAST	P32623	CRH2_YEAST	UTR2	467	false	false	Saccharomyces cerevisiae (strain ATCC 204508 / S288c)	Probable glycosidase CRH2	1:Experimental evidence at protein level	2.36	1.0000	0.9990	0.00000000000000	2	2	2	1	1	1	1.9599802E7	1.9599802E7	1.9599802E7			
sp|P32626|ENOPH_YEAST	P32626	ENOPH_YEAST	UTR4	227	false	false	Saccharomyces cerevisiae (strain ATCC 204508 / S288c)	Enolase-phosphatase E1	1:Experimental evidence at protein level	20.70	1.0000	0.9990	0.00000000000000	4	4	4	4	4	4	2.2436856E7	2.2436856E7	2.2436856E7			
sp|P32628|RAD23_YEAST	P32628	RAD23_YEAST	RAD23	398	false	false	Saccharomyces cerevisiae (strain ATCC 204508 / S288c)	UV excision repair protein RAD23	1:Experimental evidence at protein level	11.81	1.0000	0.9990	0.00000000000000	5	5	5	6	6	6	4.0046024E7	4.0046024E7	4.0046024E7	2C(57.0215),5C(57.0215)		
sp|P32771|FADH_YEAST	P32771	FADH_YEAST	SFA1	386	false	false	Saccharomyces cerevisiae (strain ATCC 204508 / S288c)	S-(hydroxymethyl)glutathione dehydrogenase	1:Experimental evidence at protein level	20.73	1.0000	0.9990	0.00000000000000	8	8	8	9	9	9	4.9175676E7	4.9175676E7	4.9175676E7	11C(57.0215),7C(57.0215),14C(57.0215),6C(57.0215),N-term(42.0106)		
sp|P32775|GLGB_YEAST	P32775	GLGB_YEAST	GLC3	704	false	false	Saccharomyces cerevisiae (strain ATCC 204508 / S288c)	1,4-alpha-glucan-branching enzyme	1:Experimental evidence at protein level	17.05	1.0000	0.9990	0.00000000000000	12	12	12	14	14	14	3.3531094E7	3.3531094E7	3.3531094E7			
sp|P32787|MG101_YEAST	P32787	MG101_YEAST	MGM101	269	false	false	Saccharomyces cerevisiae (strain ATCC 204508 / S288c)	Mitochondrial genome maintenance protein MGM101	1:Experimental evidence at protein level	7.81	1.0000	0.9990	0.00000000000000	2	2	2	2	2	2	1635182.4	1635182.4	1635182.4			
sp|P32790|SLA1_YEAST	P32790	SLA1_YEAST	SLA1	1244	false	false	Saccharomyces cerevisiae (strain ATCC 204508 / S288c)	Actin cytoskeleton-regulatory complex protein SLA1	1:Experimental evidence at protein level	10.93	1.0000	0.9990	0.00000000000000	14	14	14	13	13	13	3.0589914E7	3.0589914E7	3.0589914E7	8C(57.0215)		
sp|P32793|YSC84_YEAST	P32793	YSC84_YEAST	YSC84	468	false	false	Saccharomyces cerevisiae (strain ATCC 204508 / S288c)	Protein YSC84	1:Experimental evidence at protein level	13.46	1.0000	0.9990	0.00000000000000	7	2	2	9	2	2	4.771266E7	7957255.5	7957255.5	6C(57.0215)		
sp|P32798|COT1_YEAST	P32798	COT1_YEAST	COT1	439	false	false	Saccharomyces cerevisiae (strain ATCC 204508 / S288c)	Vacuolar zinc transporter COT1	1:Experimental evidence at protein level	9.79	1.0000	0.9990	0.00000000000000	3	3	3	4	4	4	4.1920248E7	4.1920248E7	4.1920248E7			
sp|P32802|TMN1_YEAST	P32802	TMN1_YEAST	EMP70	667	false	false	Saccharomyces cerevisiae (strain ATCC 204508 / S288c)	Transmembrane 9 superfamily member 1	1:Experimental evidence at protein level	6.30	1.0000	0.9990	0.00000000000000	3	2	3	3	2	3	1.9874686E7	8687761.0	1.9874686E7			
sp|P32803|EMP24_YEAST	P32803	EMP24_YEAST	EMP24	203	false	false	Saccharomyces cerevisiae (strain ATCC 204508 / S288c)	Endosomal protein P24B	1:Experimental evidence at protein level	15.27	1.0000	0.9990	0.00000000000000	4	4	4	7	7	7	6.3932072E7	6.3932072E7	6.3932072E7	1C(57.0215),6C(57.0215)		
sp|P32831|NGR1_YEAST	P32831	NGR1_YEAST	NGR1	672	false	false	Saccharomyces cerevisiae (strain ATCC 204508 / S288c)	Negative growth regulatory protein NGR1	1:Experimental evidence at protein level	1.79	1.0000	0.9990	0.00000000000000	2	2	2	1	1	1	7228741.0	7228741.0	7228741.0			
sp|P32835|GSP1_YEAST	P32835	GSP1_YEAST	GSP1	219	false	false	Saccharomyces cerevisiae (strain ATCC 204508 / S288c)	GTP-binding nuclear protein GSP1/CNR1	1:Experimental evidence at protein level	39.73	1.0000	0.9990	0.00000000000000	9	1	9	42	2	42	4.38964896E8	1.1959136E7	4.38964896E8	10C(57.0215),2C(57.0215),N-term(42.0106)		
sp|P32857|PTM1_YEAST	P32857	PTM1_YEAST	PTM1	523	false	false	Saccharomyces cerevisiae (strain ATCC 204508 / S288c)	Membrane protein PTM1	1:Experimental evidence at protein level	14.53	1.0000	0.9990	0.00000000000000	4	4	4	5	5	5	1.6438232E7	1.6438232E7	1.6438232E7	6C(57.0215)		
sp|P32861|UGPA1_YEAST	P32861	UGPA1_YEAST	UGP1	499	false	false	Saccharomyces cerevisiae (strain ATCC 204508 / S288c)	UTP--glucose-1-phosphate uridylyltransferase	1:Experimental evidence at protein level	24.85	1.0000	0.9990	0.00000000000000	14	14	14	27	27	27	1.70882464E8	1.70882464E8	1.70882464E8	7C(57.0215)		
sp|P32864|RAEP_YEAST	P32864	RAEP_YEAST	MRS6	603	false	false	Saccharomyces cerevisiae (strain ATCC 204508 / S288c)	Rab proteins geranylgeranyltransferase component A	1:Experimental evidence at protein level	3.15	1.0000	0.9990	0.00000000000000	2	2	2	2	2	2	8725905.0	8725905.0	8725905.0			
sp|P32867|SSO1_YEAST	P32867	SSO1_YEAST	SSO1	290	false	false	Saccharomyces cerevisiae (strain ATCC 204508 / S288c)	Protein SSO1	1:Experimental evidence at protein level	9.31	1.0000	0.9990	0.00000000000000	2	2	2	3	3	3	2.2832434E7	2.2832434E7	2.2832434E7			
sp|P32891|DLD1_YEAST	P32891	DLD1_YEAST	DLD1	587	false	false	Saccharomyces cerevisiae (strain ATCC 204508 / S288c)	D-lactate dehydrogenase [cytochrome] 1, mitochondrial	1:Experimental evidence at protein level	10.22	1.0000	0.9990	0.00000000000000	9	9	9	5	5	5	3.2197624E7	3.2197624E7	3.2197624E7	8C(57.0215)		
sp|P32897|TIM23_YEAST	P32897	TIM23_YEAST	TIM23	222	false	false	Saccharomyces cerevisiae (strain ATCC 204508 / S288c)	Mitochondrial import inner membrane translocase subunit TIM23	1:Experimental evidence at protein level	19.82	1.0000	0.9990	0.00000000000000	2	2	2	2	2	2	2.4090176E7	2.4090176E7	2.4090176E7			
sp|P32905|RSSA1_YEAST	P32905	RSSA1_YEAST	RPS0A	252	false	false	Saccharomyces cerevisiae (strain ATCC 204508 / S288c)	40S ribosomal protein S0-A	1:Experimental evidence at protein level	49.21	1.0000	0.9990	0.00000000000000	9	2	2	53	5	5	9.659127E8	8.3969928E7	8.3969928E7			
sp|P32915|SC61A_YEAST	P32915	SC61A_YEAST	SEC61	480	false	false	Saccharomyces cerevisiae (strain ATCC 204508 / S288c)	Protein transport protein SEC61	1:Experimental evidence at protein level	10.83	1.0000	0.9990	0.00000000000000	7	7	7	7	7	7	6.8388824E7	6.8388824E7	6.8388824E7			
sp|P32939|YPT7_YEAST	P32939	YPT7_YEAST	YPT7	208	false	false	Saccharomyces cerevisiae (strain ATCC 204508 / S288c)	Ypt/Rab-type GTPase YPT7	1:Experimental evidence at protein level	22.60	1.0000	0.9990	0.00000000000000	4	4	4	4	4	4	3.7251296E7	3.7251296E7	3.7251296E7			
sp|P33201|MRT4_YEAST	P33201	MRT4_YEAST	MRT4	236	false	false	Saccharomyces cerevisiae (strain ATCC 204508 / S288c)	Ribosome assembly factor MRT4	1:Experimental evidence at protein level	20.34	1.0000	0.9990	0.00000000000000	5	5	5	6	6	6	5.1219032E7	5.1219032E7	5.1219032E7			
sp|P33204|ARPC4_YEAST	P33204	ARPC4_YEAST	ARC19	171	false	false	Saccharomyces cerevisiae (strain ATCC 204508 / S288c)	Actin-related protein 2/3 complex subunit 4	1:Experimental evidence at protein level	18.71	1.0000	0.9990	0.00000000000000	3	3	3	5	5	5	2.99285E7	2.99285E7	2.99285E7	N-term(42.0106)		
sp|P33297|PRS6A_YEAST	P33297	PRS6A_YEAST	RPT5	434	false	false	Saccharomyces cerevisiae (strain ATCC 204508 / S288c)	26S proteasome regulatory subunit 6A	1:Experimental evidence at protein level	19.35	1.0000	0.9990	0.00000000000000	8	8	8	11	11	11	4.3063164E7	4.3063164E7	4.3063164E7			
sp|P33298|PRS6B_YEAST	P33298	PRS6B_YEAST	RPT3	428	false	false	Saccharomyces cerevisiae (strain ATCC 204508 / S288c)	26S proteasome regulatory subunit 6B homolog	1:Experimental evidence at protein level	18.46	1.0000	0.9990	0.00000000000000	8	7	7	15	12	12	7.6212008E7	6.069592E7	6.069592E7			
sp|P33299|PRS7_YEAST	P33299	PRS7_YEAST	RPT1	467	false	false	Saccharomyces cerevisiae (strain ATCC 204508 / S288c)	26S proteasome regulatory subunit 7 homolog	1:Experimental evidence at protein level	26.77	1.0000	0.9990	0.00000000000000	14	14	14	13	13	13	5.0724848E7	5.0724848E7	5.0724848E7	24C(57.0215),3C(57.0215)		
sp|P33302|PDR5_YEAST	P33302	PDR5_YEAST	PDR5	1511	false	false	Saccharomyces cerevisiae (strain ATCC 204508 / S288c)	Pleiotropic ABC efflux transporter of multiple drugs	1:Experimental evidence at protein level	15.82	1.0000	0.9990	0.00000000000000	21	11	21	21	11	21	1.24263216E8	5.8882964E7	1.24263216E8	10C(57.0215),11C(57.0215),3C(57.0215),5C(57.0215),5C(57.0215),6C(57.0215),9C(57.0215),9C(57.0215)		
sp|P33307|CSE1_YEAST	P33307	CSE1_YEAST	CSE1	960	false	false	Saccharomyces cerevisiae (strain ATCC 204508 / S288c)	Importin alpha re-exporter	1:Experimental evidence at protein level	2.71	1.0000	0.9990	0.00000000000000	4	4	4	3	3	3	8140316.0	8140316.0	8140316.0	2C(57.0215)		
sp|P33317|DUT_YEAST	P33317	DUT_YEAST	DUT1	147	false	false	Saccharomyces cerevisiae (strain ATCC 204508 / S288c)	Deoxyuridine 5'-triphosphate nucleotidohydrolase	1:Experimental evidence at protein level	14.29	1.0000	0.9990	0.00000000000000	2	2	2	2	2	2	9679632.0	9679632.0	9679632.0			
sp|P33322|CBF5_YEAST	P33322	CBF5_YEAST	CBF5	483	false	false	Saccharomyces cerevisiae (strain ATCC 204508 / S288c)	H/ACA ribonucleoprotein complex subunit CBF5	1:Experimental evidence at protein level	30.85	1.0000	0.9990	0.00000000000000	12	12	12	13	13	13	5.1312124E7	5.1312124E7	5.1312124E7	8C(57.0215)		
sp|P33327|DHE2_YEAST	P33327	DHE2_YEAST	GDH2	1092	false	false	Saccharomyces cerevisiae (strain ATCC 204508 / S288c)	NAD-specific glutamate dehydrogenase	1:Experimental evidence at protein level	4.03	1.0000	0.9990	0.00000000000000	4	4	4	5	5	5	8498747.0	8498747.0	8498747.0			
sp|P33328|SNC2_YEAST	P33328	SNC2_YEAST	SNC2	115	false	false	Saccharomyces cerevisiae (strain ATCC 204508 / S288c)	Synaptobrevin homolog 2	1:Experimental evidence at protein level	6.09	1.0000	0.9990	0.00000000000000	3	2	3	1	0	1	3.0362048E7	1.4334427E7	3.0362048E7			
sp|P33330|SERC_YEAST	P33330	SERC_YEAST	SER1	395	false	false	Saccharomyces cerevisiae (strain ATCC 204508 / S288c)	Phosphoserine aminotransferase	1:Experimental evidence at protein level	35.95	1.0000	0.9990	0.00000000000000	9	9	9	19	19	19	1.34959088E8	1.34959088E8	1.34959088E8			
sp|P33331|NTF2_YEAST	P33331	NTF2_YEAST	NTF2	125	false	false	Saccharomyces cerevisiae (strain ATCC 204508 / S288c)	Nuclear transport factor 2	1:Experimental evidence at protein level	12.80	1.0000	0.9990	0.00000000000000	2	2	2	11	11	11	1.66959984E8	1.66959984E8	1.66959984E8			
sp|P33333|PLSC_YEAST	P33333	PLSC_YEAST	SLC1	303	false	false	Saccharomyces cerevisiae (strain ATCC 204508 / S288c)	1-acyl-sn-glycerol-3-phosphate acyltransferase	1:Experimental evidence at protein level	34.98	1.0000	0.9990	0.00000000000000	8	8	8	9	9	9	4.3386972E7	4.3386972E7	4.3386972E7			
sp|P33338|SLA2_YEAST	P33338	SLA2_YEAST	SLA2	968	false	false	Saccharomyces cerevisiae (strain ATCC 204508 / S288c)	Protein SLA2	1:Experimental evidence at protein level	4.44	1.0000	0.9990	0.00000000000000	4	4	4	4	4	4	2.5716376E7	2.5716376E7	2.5716376E7			
sp|P33401|PGM1_YEAST	P33401	PGM1_YEAST	PGM1	570	false	false	Saccharomyces cerevisiae (strain ATCC 204508 / S288c)	Phosphoglucomutase 1	1:Experimental evidence at protein level	24.39	1.0000	0.9990	0.00000000000000	13	9	9	27	8	8	1.5908952E8	2.8864392E7	2.8864392E7	1C(57.0215)		
sp|P33416|HSP78_YEAST	P33416	HSP78_YEAST	HSP78	811	false	false	Saccharomyces cerevisiae (strain ATCC 204508 / S288c)	Heat shock protein 78, mitochondrial	1:Experimental evidence at protein level	34.90	1.0000	0.9990	0.00000000000000	28	28	28	27	27	27	1.01783824E8	1.01783824E8	1.01783824E8	1C(57.0215)		
sp|P33734|HIS5_YEAST	P33734	HIS5_YEAST	HIS7	552	false	false	Saccharomyces cerevisiae (strain ATCC 204508 / S288c)	Imidazole glycerol phosphate synthase hisHF	1:Experimental evidence at protein level	34.42	1.0000	0.9990	0.00000000000000	18	18	18	19	19	19	3.064069E7	3.064069E7	3.064069E7	4C(57.0215)		
sp|P33754|SEC66_YEAST	P33754	SEC66_YEAST	SEC66	206	false	false	Saccharomyces cerevisiae (strain ATCC 204508 / S288c)	Translocation protein SEC66	1:Experimental evidence at protein level	17.48	1.0000	0.9990	0.00000000000000	3	3	3	4	4	4	1.4459708E7	1.4459708E7	1.4459708E7			
sp|P33755|NPL4_YEAST	P33755	NPL4_YEAST	NPL4	580	false	false	Saccharomyces cerevisiae (strain ATCC 204508 / S288c)	Nuclear protein localization protein 4	1:Experimental evidence at protein level	2.93	1.0000	0.9987	0.00000000000000	3	3	3	2	2	2	1.162842E7	1.162842E7	1.162842E7			
sp|P33767|OSTB_YEAST	P33767	OSTB_YEAST	WBP1	430	false	false	Saccharomyces cerevisiae (strain ATCC 204508 / S288c)	Dolichyl-diphosphooligosaccharide--protein glycosyltransferase subunit WBP1	1:Experimental evidence at protein level	17.21	1.0000	0.9990	0.00000000000000	7	7	7	7	7	7	3.6066884E7	3.6066884E7	3.6066884E7			
sp|P33775|PMT1_YEAST	P33775	PMT1_YEAST	PMT1	817	false	false	Saccharomyces cerevisiae (strain ATCC 204508 / S288c)	Dolichyl-phosphate-mannose--protein mannosyltransferase 1	1:Experimental evidence at protein level	17.01	1.0000	0.9990	0.00000000000000	11	11	11	17	17	17	6.9886272E7	6.9886272E7	6.9886272E7	13C(57.0215)		
sp|P33892|GCN1_YEAST	P33892	GCN1_YEAST	GCN1	2672	false	false	Saccharomyces cerevisiae (strain ATCC 204508 / S288c)	eIF-2-alpha kinase activator GCN1	1:Experimental evidence at protein level	15.57	1.0000	0.9990	0.00000000000000	40	40	40	49	49	49	2.34476848E8	2.34476848E8	2.34476848E8	2C(57.0215),8C(57.0215)		
sp|P34077|NIC96_YEAST	P34077	NIC96_YEAST	NIC96	839	false	false	Saccharomyces cerevisiae (strain ATCC 204508 / S288c)	Nucleoporin NIC96	1:Experimental evidence at protein level	5.01	1.0000	0.9989	0.00000000000000	4	4	4	4	4	4	1.3268836E7	1.3268836E7	1.3268836E7			
sp|P34087|RPB7_YEAST	P34087	RPB7_YEAST	RPB7	171	false	false	Saccharomyces cerevisiae (strain ATCC 204508 / S288c)	DNA-directed RNA polymerase II subunit RPB7	1:Experimental evidence at protein level	7.60	1.0000	0.9990	0.00000000000000	1	1	1	1	1	1	9573473.0	9573473.0	9573473.0			
sp|P34160|NCBP1_YEAST	P34160	NCBP1_YEAST	STO1	861	false	false	Saccharomyces cerevisiae (strain ATCC 204508 / S288c)	Nuclear cap-binding protein complex subunit 1	1:Experimental evidence at protein level	10.69	1.0000	0.9990	0.00000000000000	8	8	8	8	8	8	2.3129928E7	2.3129928E7	2.3129928E7			
sp|P34167|IF4B_YEAST	P34167	IF4B_YEAST	TIF3	436	false	false	Saccharomyces cerevisiae (strain ATCC 204508 / S288c)	Eukaryotic translation initiation factor 4B	1:Experimental evidence at protein level	48.85	1.0000	0.9990	0.00000000000000	17	17	17	22	22	22	1.11052992E8	1.11052992E8	1.11052992E8			
sp|P34216|EDE1_YEAST	P34216	EDE1_YEAST	EDE1	1381	false	false	Saccharomyces cerevisiae (strain ATCC 204508 / S288c)	EH domain-containing and endocytosis protein 1	1:Experimental evidence at protein level	17.45	1.0000	0.9990	0.00000000000000	23	23	23	26	26	26	6.7165456E7	6.7165456E7	6.7165456E7	13C(57.0215)		
sp|P34217|PIN4_YEAST	P34217	PIN4_YEAST	PIN4	668	false	false	Saccharomyces cerevisiae (strain ATCC 204508 / S288c)	RNA-binding protein PIN4	1:Experimental evidence at protein level	1.20	1.0000	0.9990	0.00000000000000	2	2	2	1	1	1	6763939.0	6763939.0	6763939.0			
sp|P34221|PP2C3_YEAST	P34221	PP2C3_YEAST	PTC3	468	false	false	Saccharomyces cerevisiae (strain ATCC 204508 / S288c)	Protein phosphatase 2C homolog 3	1:Experimental evidence at protein level	8.55	1.0000	0.9990	0.00000000000000	4	1	1	7	1	1	4.1813152E7	9609458.0	9609458.0			
sp|P34223|UBX1_YEAST	P34223	UBX1_YEAST	SHP1	423	false	false	Saccharomyces cerevisiae (strain ATCC 204508 / S288c)	UBX domain-containing protein 1	1:Experimental evidence at protein level	26.48	1.0000	0.9990	0.00000000000000	10	10	10	12	12	12	6.7232112E7	6.7232112E7	6.7232112E7	11C(57.0215),5C(57.0215)		
sp|P34227|PRX1_YEAST	P34227	PRX1_YEAST	PRX1	261	false	false	Saccharomyces cerevisiae (strain ATCC 204508 / S288c)	Peroxiredoxin PRX1, mitochondrial	1:Experimental evidence at protein level	31.42	1.0000	0.9990	0.00000000000000	7	7	7	10	10	10	6.316114E7	6.316114E7	6.316114E7			
sp|P34237|CASP_YEAST	P34237	CASP_YEAST	COY1	679	false	false	Saccharomyces cerevisiae (strain ATCC 204508 / S288c)	Protein CASP	1:Experimental evidence at protein level	2.50	1.0000	0.9990	0.00000000000000	2	2	2	1	1	1	7295803.0	7295803.0	7295803.0			
sp|P34248|YKK0_YEAST	P34248	YKK0_YEAST	YKL100C	587	false	false	Saccharomyces cerevisiae (strain ATCC 204508 / S288c)	Probable intramembrane protease YKL100C	1:Experimental evidence at protein level	9.54	1.0000	0.9990	0.00000000000000	6	6	6	6	6	6	3.461038E7	3.461038E7	3.461038E7	16C(57.0215)		
sp|P34730|BMH2_YEAST	P34730	BMH2_YEAST	BMH2	273	false	false	Saccharomyces cerevisiae (strain ATCC 204508 / S288c)	Protein BMH2	1:Experimental evidence at protein level	55.68	1.0000	0.9990	0.00000000000000	13	3	3	77	15	15	8.7473901E8	2.9615328E8	2.9615328E8			
sp|P34760|TSA1_YEAST	P34760	TSA1_YEAST	TSA1	196	false	false	Saccharomyces cerevisiae (strain ATCC 204508 / S288c)	Peroxiredoxin TSA1	1:Experimental evidence at protein level	57.14	1.0000	0.9990	0.00000000000000	9	8	9	87	80	87	1.43233459E9	1.43233459E9	1.43233459E9	7C(57.0215)		
sp|P34909|NOT4_YEAST	P34909	NOT4_YEAST	MOT2	587	false	false	Saccharomyces cerevisiae (strain ATCC 204508 / S288c)	General negative regulator of transcription subunit 4	1:Experimental evidence at protein level	2.90	1.0000	0.9989	0.00000000000000	3	3	3	2	2	2	1.5704122E7	1.5704122E7	1.5704122E7			
sp|P35176|CYPD_YEAST	P35176	CYPD_YEAST	CPR5	225	false	false	Saccharomyces cerevisiae (strain ATCC 204508 / S288c)	Peptidyl-prolyl cis-trans isomerase D	1:Experimental evidence at protein level	32.44	1.0000	0.9990	0.00000000000000	7	7	7	18	18	18	1.0709008E8	1.0709008E8	1.0709008E8			
sp|P35180|TOM20_YEAST	P35180	TOM20_YEAST	TOM20	183	false	false	Saccharomyces cerevisiae (strain ATCC 204508 / S288c)	Mitochondrial import receptor subunit TOM20	1:Experimental evidence at protein level	12.57	1.0000	0.9990	0.00000000000000	3	3	3	2	2	2	2.3640744E7	2.3640744E7	2.3640744E7			
sp|P35189|TAF14_YEAST	P35189	TAF14_YEAST	TAF14	244	false	false	Saccharomyces cerevisiae (strain ATCC 204508 / S288c)	Transcription initiation factor TFIID subunit 14	1:Experimental evidence at protein level	30.74	1.0000	0.9990	0.00000000000000	8	8	8	9	9	9	2.0452968E7	2.0452968E7	2.0452968E7			
sp|P35197|GCS1_YEAST	P35197	GCS1_YEAST	GCS1	352	false	false	Saccharomyces cerevisiae (strain ATCC 204508 / S288c)	ADP-ribosylation factor GTPase-activating protein GCS1	1:Experimental evidence at protein level	19.03	1.0000	0.9990	0.00000000000000	5	5	5	5	5	5	2.6347944E7	2.6347944E7	2.6347944E7	3C(57.0215),5C(57.0215)		
sp|P35691|TCTP_YEAST	P35691	TCTP_YEAST	TMA19	167	false	false	Saccharomyces cerevisiae (strain ATCC 204508 / S288c)	Translationally-controlled tumor protein homolog	1:Experimental evidence at protein level	40.72	1.0000	0.9990	0.00000000000000	7	7	7	34	34	34	6.2818816E8	6.2818816E8	6.2818816E8			
sp|P35719|MRP8_YEAST	P35719	MRP8_YEAST	MRP8	219	false	false	Saccharomyces cerevisiae (strain ATCC 204508 / S288c)	Uncharacterized protein MRP8	1:Experimental evidence at protein level	58.90	1.0000	0.9990	0.00000000000000	10	10	10	24	24	24	1.80948576E8	1.80948576E8	1.80948576E8	N-term(42.0106)		
sp|P35723|YET1_YEAST	P35723	YET1_YEAST	YET1	206	false	false	Saccharomyces cerevisiae (strain ATCC 204508 / S288c)	Endoplasmic reticulum transmembrane protein 1	1:Experimental evidence at protein level	18.93	1.0000	0.9990	0.00000000000000	2	2	2	5	5	5	5.8968856E7	5.8968856E7	5.8968856E7			
sp|P35729|NU120_YEAST	P35729	NU120_YEAST	NUP120	1037	false	false	Saccharomyces cerevisiae (strain ATCC 204508 / S288c)	Nucleoporin NUP120	1:Experimental evidence at protein level	2.51	1.0000	0.9990	0.00000000000000	3	3	3	2	2	2	7439362.0	7439362.0	7439362.0			
sp|P35732|DEF1_YEAST	P35732	DEF1_YEAST	DEF1	738	false	false	Saccharomyces cerevisiae (strain ATCC 204508 / S288c)	RNA polymerase II degradation factor 1	1:Experimental evidence at protein level	14.63	1.0000	0.9990	0.00000000000000	7	7	7	9	9	9	6.98962E7	6.98962E7	6.98962E7			
sp|P35817|BDF1_YEAST	P35817	BDF1_YEAST	BDF1	686	false	false	Saccharomyces cerevisiae (strain ATCC 204508 / S288c)	Bromodomain-containing factor 1	1:Experimental evidence at protein level	3.79	1.0000	0.9990	0.00000000000000	3	3	3	3	3	3	1.7570372E7	1.7570372E7	1.7570372E7			
sp|P35842|PPAB_YEAST	P35842	PPAB_YEAST	PHO11	467	false	false	Saccharomyces cerevisiae (strain ATCC 204508 / S288c)	Acid phosphatase PHO11	1:Experimental evidence at protein level	3.64	1.0000	0.9990	0.00000000000000	3	0	3	2	0	2	2.0143264E7	0	2.0143264E7			sp|P38693|PPAC_YEAST
sp|P35844|KES1_YEAST	P35844	KES1_YEAST	KES1	434	false	false	Saccharomyces cerevisiae (strain ATCC 204508 / S288c)	Oxysterol-binding protein homolog 4	1:Experimental evidence at protein level	24.65	1.0000	0.9990	0.00000000000000	11	11	11	18	18	18	2.0283728E8	2.0283728E8	2.0283728E8	3C(57.0215)		
sp|P35997|RS27A_YEAST	P35997	RS27A_YEAST	RPS27A	82	false	false	Saccharomyces cerevisiae (strain ATCC 204508 / S288c)	40S ribosomal protein S27-A	1:Experimental evidence at protein level	46.34	1.0000	0.9990	0.00000000000000	4	0	4	28	0	28	8.3768109E8	0	8.3768109E8	N-term(42.0106)		sp|P38711|RS27B_YEAST
sp|P36006|MYO3_YEAST	P36006	MYO3_YEAST	MYO3	1272	false	false	Saccharomyces cerevisiae (strain ATCC 204508 / S288c)	Myosin-3	1:Experimental evidence at protein level	2.44	1.0000	0.9990	0.00000000000000	4	3	3	3	3	3	2.8558864E7	2.1223328E7	2.1223328E7	3C(57.0215)		
sp|P36008|EF1G2_YEAST	P36008	EF1G2_YEAST	TEF4	412	false	false	Saccharomyces cerevisiae (strain ATCC 204508 / S288c)	Elongation factor 1-gamma 2	1:Experimental evidence at protein level	43.69	1.0000	0.9990	0.00000000000000	18	16	18	56	51	56	4.43267168E8	4.43267168E8	4.43267168E8	5C(57.0215),6C(57.0215)		
sp|P36010|NDK_YEAST	P36010	NDK_YEAST	YNK1	153	false	false	Saccharomyces cerevisiae (strain ATCC 204508 / S288c)	Nucleoside diphosphate kinase	1:Experimental evidence at protein level	56.86	1.0000	0.9990	0.00000000000000	8	8	8	22	22	22	1.88296528E8	1.88296528E8	1.88296528E8	3C(57.0215)		
sp|P36013|MAOM_YEAST	P36013	MAOM_YEAST	MAE1	669	false	false	Saccharomyces cerevisiae (strain ATCC 204508 / S288c)	NAD-dependent malic enzyme, mitochondrial	1:Experimental evidence at protein level	15.70	1.0000	0.9990	0.00000000000000	8	8	8	9	9	9	2.0411532E7	2.0411532E7	2.0411532E7	5C(57.0215)		
sp|P36015|YKT6_YEAST	P36015	YKT6_YEAST	YKT6	200	false	false	Saccharomyces cerevisiae (strain ATCC 204508 / S288c)	Synaptobrevin homolog YKT6	1:Experimental evidence at protein level	57.50	1.0000	0.9990	0.00000000000000	11	11	11	13	13	13	1.16425288E8	1.16425288E8	1.16425288E8	5C(57.0215)		
sp|P36016|LHS1_YEAST	P36016	LHS1_YEAST	LHS1	881	false	false	Saccharomyces cerevisiae (strain ATCC 204508 / S288c)	Heat shock protein 70 homolog LHS1	1:Experimental evidence at protein level	3.52	1.0000	0.9984	0.00000000000000	4	4	4	4	4	4	1.337058E7	1.337058E7	1.337058E7			
sp|P36017|VPS21_YEAST	P36017	VPS21_YEAST	VPS21	210	false	false	Saccharomyces cerevisiae (strain ATCC 204508 / S288c)	Vacuolar protein sorting-associated protein 21	1:Experimental evidence at protein level	21.43	1.0000	0.9990	0.00000000000000	4	3	3	5	3	3	4.2544428E7	2.9617548E7	2.9617548E7			
sp|P36018|YPT52_YEAST	P36018	YPT52_YEAST	YPT52	234	false	false	Saccharomyces cerevisiae (strain ATCC 204508 / S288c)	GTP-binding protein YPT52	1:Experimental evidence at protein level	35.04	1.0000	0.9990	0.00000000000000	7	6	7	10	8	10	4.7527428E7	3.4465848E7	4.7527428E7	4C(57.0215)		
sp|P36037|DOA1_YEAST	P36037	DOA1_YEAST	DOA1	715	false	false	Saccharomyces cerevisiae (strain ATCC 204508 / S288c)	Protein DOA1	1:Experimental evidence at protein level	10.77	1.0000	0.9990	0.00000000000000	7	7	7	6	6	6	2.03717E7	2.03717E7	2.03717E7	13C(57.0215)		
sp|P36046|MIA40_YEAST	P36046	MIA40_YEAST	MIA40	403	false	false	Saccharomyces cerevisiae (strain ATCC 204508 / S288c)	Mitochondrial intermembrane space import and assembly protein 40	1:Experimental evidence at protein level	6.20	1.0000	0.9990	0.00000000000000	2	2	2	2	2	2	8664247.0	8664247.0	8664247.0			
sp|P36047|SDS22_YEAST	P36047	SDS22_YEAST	SDS22	338	false	false	Saccharomyces cerevisiae (strain ATCC 204508 / S288c)	Protein phosphatase 1 regulatory subunit SDS22	1:Experimental evidence at protein level	5.92	1.0000	0.9990	0.00000000000000	3	3	3	2	2	2	1.1574856E7	1.1574856E7	1.1574856E7			
sp|P36049|EBP2_YEAST	P36049	EBP2_YEAST	EBP2	427	false	false	Saccharomyces cerevisiae (strain ATCC 204508 / S288c)	rRNA-processing protein EBP2	1:Experimental evidence at protein level	4.68	1.0000	0.9990	0.00000000000000	3	3	3	2	2	2	1.5291502E7	1.5291502E7	1.5291502E7			
sp|P36059|NNRD_YEAST	P36059	NNRD_YEAST	NNR2	337	false	false	Saccharomyces cerevisiae (strain ATCC 204508 / S288c)	ATP-dependent (S)-NAD(P)H-hydrate dehydratase	1:Experimental evidence at protein level	12.46	1.0000	0.9990	0.00000000000000	5	5	5	5	5	5	2.1904042E7	2.1904042E7	2.1904042E7	2C(57.0215)		
sp|P36060|MCR1_YEAST	P36060	MCR1_YEAST	MCR1	302	false	false	Saccharomyces cerevisiae (strain ATCC 204508 / S288c)	NADH-cytochrome b5 reductase 2	1:Experimental evidence at protein level	17.88	1.0000	0.9990	0.00000000000000	7	7	7	9	9	9	7.230424E7	7.230424E7	7.230424E7			
sp|P36081|PSG1_YEAST	P36081	PSG1_YEAST	PSG1	392	false	false	Saccharomyces cerevisiae (strain ATCC 204508 / S288c)	PMA1 stabilization in the Golgi protein 1	1:Experimental evidence at protein level	14.03	1.0000	0.9990	0.00000000000000	6	6	6	6	6	6	3.5908716E7	3.5908716E7	3.5908716E7	1C(57.0215),5C(57.0215)		
sp|P36114|YKR18_YEAST	P36114	YKR18_YEAST	YKR018C	725	false	false	Saccharomyces cerevisiae (strain ATCC 204508 / S288c)	IML2-like protein YKR018C	1:Experimental evidence at protein level	14.48	1.0000	0.9990	0.00000000000000	10	10	10	12	12	12	5.9038848E7	5.9038848E7	5.9038848E7	2C(57.0215)		
sp|P36136|SHB17_YEAST	P36136	SHB17_YEAST	SHB17	271	false	false	Saccharomyces cerevisiae (strain ATCC 204508 / S288c)	Sedoheptulose 1,7-bisphosphatase	1:Experimental evidence at protein level	33.21	1.0000	0.9990	0.00000000000000	7	7	7	8	8	8	5.170072E7	5.170072E7	5.170072E7	1C(57.0215),3C(57.0215)		
sp|P36139|PET10_YEAST	P36139	PET10_YEAST	PET10	283	false	false	Saccharomyces cerevisiae (strain ATCC 204508 / S288c)	Protein PET10	1:Experimental evidence at protein level	36.04	1.0000	0.9990	0.00000000000000	10	10	10	13	13	13	6.3240232E7	6.3240232E7	6.3240232E7			
sp|P36148|GPT2_YEAST	P36148	GPT2_YEAST	GPT2	743	false	false	Saccharomyces cerevisiae (strain ATCC 204508 / S288c)	Glycerol-3-phosphate O-acyltransferase 2	1:Experimental evidence at protein level	6.46	1.0000	0.9990	0.00000000000000	4	4	4	4	4	4	2.2157018E7	2.2157018E7	2.2157018E7			
sp|P36154|AIM29_YEAST	P36154	AIM29_YEAST	AIM29	155	false	false	Saccharomyces cerevisiae (strain ATCC 204508 / S288c)	Altered inheritance rate of mitochondria protein 29	1:Experimental evidence at protein level	5.81	1.0000	0.9990	0.00000000000000	2	2	2	1	1	1	1.0330891E7	1.0330891E7	1.0330891E7			
sp|P36156|GTO2_YEAST	P36156	GTO2_YEAST	ECM4	370	false	false	Saccharomyces cerevisiae (strain ATCC 204508 / S288c)	Glutathione S-transferase omega-like 2	1:Experimental evidence at protein level	8.92	1.0000	0.9990	0.00000000000000	3	3	3	3	3	3	9283570.0	9283570.0	9283570.0			
sp|P36160|RPF2_YEAST	P36160	RPF2_YEAST	RPF2	344	false	false	Saccharomyces cerevisiae (strain ATCC 204508 / S288c)	Ribosome biogenesis protein RPF2	1:Experimental evidence at protein level	8.14	1.0000	0.9990	0.00000000000000	3	3	3	2	2	2	3.2945624E7	3.2945624E7	3.2945624E7			
sp|P36161|NU133_YEAST	P36161	NU133_YEAST	NUP133	1157	false	false	Saccharomyces cerevisiae (strain ATCC 204508 / S288c)	Nucleoporin NUP133	1:Experimental evidence at protein level	3.20	1.0000	0.9990	0.00000000000000	3	3	3	4	4	4	1025882.4	1025882.4	1025882.4			
sp|P36421|SYYC_YEAST	P36421	SYYC_YEAST	TYS1	394	false	false	Saccharomyces cerevisiae (strain ATCC 204508 / S288c)	Tyrosine--tRNA ligase, cytoplasmic	1:Experimental evidence at protein level	38.07	1.0000	0.9990	0.00000000000000	15	15	15	21	21	21	1.07455176E8	1.07455176E8	1.07455176E8			
sp|P36775|LONM_YEAST	P36775	LONM_YEAST	PIM1	1133	false	false	Saccharomyces cerevisiae (strain ATCC 204508 / S288c)	Lon protease homolog, mitochondrial	1:Experimental evidence at protein level	9.44	1.0000	0.9990	0.00000000000000	10	10	10	11	11	11	3.000618E7	3.000618E7	3.000618E7			
sp|P37012|PGM2_YEAST	P37012	PGM2_YEAST	PGM2	569	false	false	Saccharomyces cerevisiae (strain ATCC 204508 / S288c)	Phosphoglucomutase 2	1:Experimental evidence at protein level	48.33	1.0000	0.9990	0.00000000000000	22	18	22	73	54	73	2.10759968E8	2.10759968E8	2.10759968E8	1C(57.0215),3C(57.0215),4C(57.0215),6C(57.0215),6C(57.0215),N-term(42.0106)		
sp|P37262|SOL2_YEAST	P37262	SOL2_YEAST	SOL2	315	false	false	Saccharomyces cerevisiae (strain ATCC 204508 / S288c)	6-phosphogluconolactonase-like protein 2	1:Experimental evidence at protein level	8.57	1.0000	0.9990	0.00000000000000	2	2	2	2	2	2	7995815.0	7995815.0	7995815.0			
sp|P37291|GLYC_YEAST	P37291	GLYC_YEAST	SHM2	469	false	false	Saccharomyces cerevisiae (strain ATCC 204508 / S288c)	Serine hydroxymethyltransferase, cytosolic	1:Experimental evidence at protein level	51.39	1.0000	0.9990	0.00000000000000	21	20	21	105	104	105	6.3573632E8	6.3573632E8	6.3573632E8	10C(57.0215),2M(15.9949),2M(15.9949),5C(57.0215),5C(57.0215)		
sp|P37292|GLYM_YEAST	P37292	GLYM_YEAST	SHM1	490	false	false	Saccharomyces cerevisiae (strain ATCC 204508 / S288c)	Serine hydroxymethyltransferase, mitochondrial	1:Experimental evidence at protein level	36.53	1.0000	0.9990	0.00000000000000	17	16	16	23	22	22	5.5111268E7	5.5111268E7	5.5111268E7	5C(57.0215)		
sp|P37302|APE3_YEAST	P37302	APE3_YEAST	APE3	537	false	false	Saccharomyces cerevisiae (strain ATCC 204508 / S288c)	Aminopeptidase Y	1:Experimental evidence at protein level	22.53	1.0000	0.9990	0.00000000000000	10	10	10	20	20	20	2.18739456E8	2.18739456E8	2.18739456E8	1C(57.0215),6C(57.0215),9C(57.0215)		
sp|P37303|GLY1_YEAST	P37303	GLY1_YEAST	GLY1	387	false	false	Saccharomyces cerevisiae (strain ATCC 204508 / S288c)	Low specificity L-threonine aldolase	1:Experimental evidence at protein level	16.80	1.0000	0.9990	0.00000000000000	6	6	6	6	6	6	2.1114892E7	2.1114892E7	2.1114892E7	12C(57.0215)		
sp|P37370|VRP1_YEAST	P37370	VRP1_YEAST	VRP1	817	false	false	Saccharomyces cerevisiae (strain ATCC 204508 / S288c)	Verprolin	1:Experimental evidence at protein level	4.16	1.0000	0.9990	0.00000000000000	2	2	2	2	2	2	9037355.0	9037355.0	9037355.0			
sp|P37898|AAP1_YEAST	P37898	AAP1_YEAST	AAP1	856	false	false	Saccharomyces cerevisiae (strain ATCC 204508 / S288c)	Alanine/arginine aminopeptidase	1:Experimental evidence at protein level	21.85	1.0000	0.9990	0.00000000000000	17	14	14	21	16	16	5.8602208E7	3.777556E7	3.777556E7			
sp|P38009|PUR92_YEAST	P38009	PUR92_YEAST	ADE17	592	false	false	Saccharomyces cerevisiae (strain ATCC 204508 / S288c)	Bifunctional purine biosynthesis protein ADE17	1:Experimental evidence at protein level	57.43	1.0000	0.9990	0.00000000000000	28	22	28	77	55	77	3.18620256E8	3.18620256E8	3.18620256E8	18M(15.9949),2C(57.0215),6C(57.0215),8C(57.0215)		
sp|P38011|GBLP_YEAST	P38011	GBLP_YEAST	ASC1	319	false	false	Saccharomyces cerevisiae (strain ATCC 204508 / S288c)	Guanine nucleotide-binding protein subunit beta-like protein	1:Experimental evidence at protein level	43.89	1.0000	0.9990	0.00000000000000	11	11	11	44	44	44	6.2496902E8	6.2496902E8	6.2496902E8	3C(57.0215),3M(15.9949),4M(15.9949),N-term(42.0106)		
sp|P38013|AHP1_YEAST	P38013	AHP1_YEAST	AHP1	176	false	false	Saccharomyces cerevisiae (strain ATCC 204508 / S288c)	Peroxiredoxin AHP1	1:Experimental evidence at protein level	66.48	1.0000	0.9990	0.00000000000000	8	8	8	51	51	51	2.48618573E9	2.48618573E9	2.48618573E9	14C(57.0215),16C(57.0215),16C(57.0215),1M(15.9949),7C(57.0215)		
sp|P38061|RL32_YEAST	P38061	RL32_YEAST	RPL32	130	false	false	Saccharomyces cerevisiae (strain ATCC 204508 / S288c)	60S ribosomal protein L32	1:Experimental evidence at protein level	51.54	1.0000	0.9990	0.00000000000000	8	8	8	29	29	29	4.00083328E8	4.00083328E8	4.00083328E8	N-term(42.0106)		
sp|P38069|MNN2_YEAST	P38069	MNN2_YEAST	MNN2	597	false	false	Saccharomyces cerevisiae (strain ATCC 204508 / S288c)	Alpha-1,2-mannosyltransferase MNN2	1:Experimental evidence at protein level	8.71	1.0000	0.9990	0.00000000000000	6	6	6	5	5	5	2.224203E7	2.224203E7	2.224203E7	1C(57.0215),6C(57.0215)		
sp|P38071|ETR1_YEAST	P38071	ETR1_YEAST	ETR1	380	false	false	Saccharomyces cerevisiae (strain ATCC 204508 / S288c)	Enoyl-[acyl-carrier-protein] reductase, mitochondrial	1:Experimental evidence at protein level	27.89	1.0000	0.9990	0.00000000000000	10	10	10	11	11	11	3.7617088E7	3.7617088E7	3.7617088E7	12C(57.0215)		
sp|P38075|PDX3_YEAST	P38075	PDX3_YEAST	PDX3	228	false	false	Saccharomyces cerevisiae (strain ATCC 204508 / S288c)	Pyridoxamine 5'-phosphate oxidase	1:Experimental evidence at protein level	17.11	1.0000	0.9990	0.00000000000000	4	4	4	4	4	4	4.7794512E7	4.7794512E7	4.7794512E7			
sp|P38077|ATPG_YEAST	P38077	ATPG_YEAST	ATP3	311	false	false	Saccharomyces cerevisiae (strain ATCC 204508 / S288c)	ATP synthase subunit gamma, mitochondrial	1:Experimental evidence at protein level	33.76	1.0000	0.9990	0.00000000000000	9	9	9	12	12	12	5.8641728E7	5.8641728E7	5.8641728E7			
sp|P38080|AKL1_YEAST	P38080	AKL1_YEAST	AKL1	1108	false	false	Saccharomyces cerevisiae (strain ATCC 204508 / S288c)	Serine/threonine-protein kinase AKL1	1:Experimental evidence at protein level	2.17	1.0000	0.9990	0.00000000000000	3	3	3	3	3	3	1.560433E7	1.560433E7	1.560433E7	6C(57.0215)		
sp|P38081|YBQ6_YEAST	P38081	YBQ6_YEAST	YBR056W	501	false	false	Saccharomyces cerevisiae (strain ATCC 204508 / S288c)	Uncharacterized glycosyl hydrolase YBR056W	1:Experimental evidence at protein level	14.77	1.0000	0.9990	0.00000000000000	8	8	8	9	9	9	3.7980644E7	3.7980644E7	3.7980644E7			
sp|P38088|SYG_YEAST	P38088	SYG_YEAST	GRS1	690	false	false	Saccharomyces cerevisiae (strain ATCC 204508 / S288c)	Glycine--tRNA ligase 1, mitochondrial	1:Experimental evidence at protein level	43.19	1.0000	0.9990	0.00000000000000	26	26	26	72	72	72	1.5956224E8	1.5956224E8	1.5956224E8	6C(57.0215)		
sp|P38115|ARA1_YEAST	P38115	ARA1_YEAST	ARA1	344	false	false	Saccharomyces cerevisiae (strain ATCC 204508 / S288c)	D-arabinose dehydrogenase [NAD(P)+] heavy chain	1:Experimental evidence at protein level	38.37	1.0000	0.9990	0.00000000000000	14	14	14	21	21	21	1.14608504E8	1.14608504E8	1.14608504E8	2C(57.0215),N-term(42.0106)		
sp|P38116|ARL1_YEAST	P38116	ARL1_YEAST	ARL1	183	false	false	Saccharomyces cerevisiae (strain ATCC 204508 / S288c)	ADP-ribosylation factor-like protein 1	1:Experimental evidence at protein level	13.66	1.0000	0.9990	0.00000000000000	2	2	2	4	4	4	1.8010896E7	1.8010896E7	1.8010896E7			
sp|P38130|KTR3_YEAST	P38130	KTR3_YEAST	KTR3	404	false	false	Saccharomyces cerevisiae (strain ATCC 204508 / S288c)	Probable mannosyltransferase KTR3	1:Experimental evidence at protein level	10.15	1.0000	0.9990	0.00000000000000	4	4	4	6	6	6	1.9777832E7	1.9777832E7	1.9777832E7	10C(57.0215)		
sp|P38137|FAT2_YEAST	P38137	FAT2_YEAST	PCS60	543	false	false	Saccharomyces cerevisiae (strain ATCC 204508 / S288c)	Oxalate--CoA ligase	1:Experimental evidence at protein level	14.92	1.0000	0.9990	0.00000000000000	8	8	8	9	9	9	2.758687E7	2.758687E7	2.758687E7			
sp|P38138|GLU2A_YEAST	P38138	GLU2A_YEAST	ROT2	954	false	false	Saccharomyces cerevisiae (strain ATCC 204508 / S288c)	Glucosidase 2 subunit alpha	1:Experimental evidence at protein level	2.52	1.0000	0.9990	0.00000000000000	2	2	2	3	3	3	1.1288453E7	1.1288453E7	1.1288453E7	14C(57.0215)		
sp|P38143|GPX2_YEAST	P38143	GPX2_YEAST	GPX2	162	false	false	Saccharomyces cerevisiae (strain ATCC 204508 / S288c)	Glutathione peroxidase-like peroxiredoxin 2	1:Experimental evidence at protein level	38.27	1.0000	0.9990	0.00000000000000	7	5	7	11	7	11	8.2617368E7	5.1884296E7	8.2617368E7	1C(57.0215),9C(57.0215)		
sp|P38174|MAP2_YEAST	P38174	MAP2_YEAST	MAP2	421	false	false	Saccharomyces cerevisiae (strain ATCC 204508 / S288c)	Methionine aminopeptidase 2	1:Experimental evidence at protein level	6.41	1.0000	0.9990	0.00000000000000	4	4	4	3	3	3	1.5596015E7	1.5596015E7	1.5596015E7			
sp|P38197|PLPHP_YEAST	P38197	PLPHP_YEAST	YBL036C	257	false	false	Saccharomyces cerevisiae (strain ATCC 204508 / S288c)	Pyridoxal phosphate homeostasis protein	1:Experimental evidence at protein level	28.79	1.0000	0.9990	0.00000000000000	6	6	6	6	6	6	3.1181794E7	3.1181794E7	3.1181794E7	10C(57.0215),5C(57.0215)		
sp|P38199|HEK2_YEAST	P38199	HEK2_YEAST	HEK2	381	false	false	Saccharomyces cerevisiae (strain ATCC 204508 / S288c)	Heterogeneous nuclear rnp K-like protein 2	1:Experimental evidence at protein level	13.65	1.0000	0.9990	0.00000000000000	5	5	5	5	5	5	2.2639312E7	2.2639312E7	2.2639312E7	4C(57.0215)		
sp|P38205|NCL1_YEAST	P38205	NCL1_YEAST	NCL1	684	false	false	Saccharomyces cerevisiae (strain ATCC 204508 / S288c)	Multisite-specific tRNA:(cytosine-C(5))-methyltransferase	1:Experimental evidence at protein level	21.35	1.0000	0.9990	0.00000000000000	13	13	13	20	20	20	2.4154768E7	2.4154768E7	2.4154768E7	2C(57.0215),4C(57.0215)		
sp|P38219|OLA1_YEAST	P38219	OLA1_YEAST	OLA1	394	false	false	Saccharomyces cerevisiae (strain ATCC 204508 / S288c)	Obg-like ATPase 1	1:Experimental evidence at protein level	44.16	1.0000	0.9990	0.00000000000000	16	16	16	40	40	40	1.72778928E8	1.72778928E8	1.72778928E8	1C(57.0215),1C(57.0215),1C(57.0215),1C(57.0215)		
sp|P38221|CDS1_YEAST	P38221	CDS1_YEAST	CDS1	457	false	false	Saccharomyces cerevisiae (strain ATCC 204508 / S288c)	Phosphatidate cytidylyltransferase	1:Experimental evidence at protein level	12.25	1.0000	0.9990	0.00000000000000	6	6	6	9	9	9	6.6210848E7	6.6210848E7	6.6210848E7	N-term(42.0106)		
sp|P38230|QOR_YEAST	P38230	QOR_YEAST	ZTA1	334	false	false	Saccharomyces cerevisiae (strain ATCC 204508 / S288c)	Probable quinone oxidoreductase	1:Experimental evidence at protein level	5.09	1.0000	0.9990	0.00000000000000	3	3	3	3	3	3	2.0388508E7	2.0388508E7	2.0388508E7	1C(57.0215),1C(57.0215)		
sp|P38234|RFS1_YEAST	P38234	RFS1_YEAST	RFS1	210	false	false	Saccharomyces cerevisiae (strain ATCC 204508 / S288c)	Protein RFS1	1:Experimental evidence at protein level	8.57	1.0000	0.9990	0.00000000000000	2	2	2	3	3	3	1.4038877E7	1.4038877E7	1.4038877E7			
sp|P38235|YBQ3_YEAST	P38235	YBQ3_YEAST	YBR053C	358	false	false	Saccharomyces cerevisiae (strain ATCC 204508 / S288c)	Uncharacterized protein YBR053C	1:Experimental evidence at protein level	6.98	1.0000	0.9990	0.00000000000000	3	3	3	3	3	3	1.8619476E7	1.8619476E7	1.8619476E7			
sp|P38249|EIF3A_YEAST	P38249	EIF3A_YEAST	RPG1	964	false	false	Saccharomyces cerevisiae (strain ATCC 204508 / S288c)	Eukaryotic translation initiation factor 3 subunit A	1:Experimental evidence at protein level	28.53	1.0000	0.9990	0.00000000000000	31	31	31	45	45	45	4.64972416E8	4.64972416E8	4.64972416E8			
sp|P38250|IST2_YEAST	P38250	IST2_YEAST	IST2	946	false	false	Saccharomyces cerevisiae (strain ATCC 204508 / S288c)	Increased sodium tolerance protein 2	1:Experimental evidence at protein level	9.51	1.0000	0.9990	0.00000000000000	9	9	9	9	9	9	2.9952838E7	2.9952838E7	2.9952838E7			
sp|P38260|FES1_YEAST	P38260	FES1_YEAST	FES1	290	false	false	Saccharomyces cerevisiae (strain ATCC 204508 / S288c)	Hsp70 nucleotide exchange factor FES1	1:Experimental evidence at protein level	15.86	1.0000	0.9990	0.00000000000000	4	4	4	4	4	4	1.5013108E7	1.5013108E7	1.5013108E7			
sp|P38264|PHO88_YEAST	P38264	PHO88_YEAST	PHO88	188	false	false	Saccharomyces cerevisiae (strain ATCC 204508 / S288c)	SRP-independent targeting protein 3	1:Experimental evidence at protein level	30.85	1.0000	0.9990	0.00000000000000	6	6	6	13	13	13	2.06917088E8	2.06917088E8	2.06917088E8			
sp|P38281|APD1_YEAST	P38281	APD1_YEAST	APD1	316	false	false	Saccharomyces cerevisiae (strain ATCC 204508 / S288c)	Actin patches distal protein 1	1:Experimental evidence at protein level	12.03	1.0000	0.9990	0.00000000000000	4	4	4	4	4	4	8435690.0	8435690.0	8435690.0			
sp|P38286|MKAR_YEAST	P38286	MKAR_YEAST	IFA38	347	false	false	Saccharomyces cerevisiae (strain ATCC 204508 / S288c)	Very-long-chain 3-oxoacyl-CoA reductase	1:Experimental evidence at protein level	16.43	1.0000	0.9990	0.00000000000000	6	6	6	5	5	5	3.556852E7	3.556852E7	3.556852E7	2C(57.0215)		
sp|P38295|MCFS2_YEAST	P38295	MCFS2_YEAST	EHT1	451	false	false	Saccharomyces cerevisiae (strain ATCC 204508 / S288c)	Medium-chain fatty acid ethyl ester synthase/esterase 2	1:Experimental evidence at protein level	7.32	1.0000	0.9990	0.00000000000000	5	5	5	8	8	8	1.82306784E8	1.82306784E8	1.82306784E8			
sp|P38314|SDS24_YEAST	P38314	SDS24_YEAST	SDS24	527	false	false	Saccharomyces cerevisiae (strain ATCC 204508 / S288c)	Protein SDS24	1:Experimental evidence at protein level	9.87	1.0000	0.9990	0.00000000000000	4	4	4	5	5	5	2.2951688E7	2.2951688E7	2.2951688E7			
sp|P38328|ARPC1_YEAST	P38328	ARPC1_YEAST	ARC40	384	false	false	Saccharomyces cerevisiae (strain ATCC 204508 / S288c)	Actin-related protein 2/3 complex subunit 1	1:Experimental evidence at protein level	22.66	1.0000	0.9990	0.00000000000000	8	8	8	10	10	10	3.8279392E7	3.8279392E7	3.8279392E7	4C(57.0215),5C(57.0215)		
sp|P38353|SSH1_YEAST	P38353	SSH1_YEAST	SSH1	490	false	false	Saccharomyces cerevisiae (strain ATCC 204508 / S288c)	Sec sixty-one protein homolog	1:Experimental evidence at protein level	13.47	1.0000	0.9990	0.00000000000000	8	8	8	8	8	8	3.6687112E7	3.6687112E7	3.6687112E7	5C(57.0215),8C(57.0215)		
sp|P38355|YB8B_YEAST	P38355	YB8B_YEAST	YBR287W	427	false	false	Saccharomyces cerevisiae (strain ATCC 204508 / S288c)	Uncharacterized transporter YBR287W	1:Experimental evidence at protein level	14.52	1.0000	0.9990	0.00000000000000	4	4	4	5	5	5	3.3313724E7	3.3313724E7	3.3313724E7	2C(57.0215)		
sp|P38426|TPS3_YEAST	P38426	TPS3_YEAST	TPS3	1054	false	false	Saccharomyces cerevisiae (strain ATCC 204508 / S288c)	Trehalose synthase complex regulatory subunit TPS3	1:Experimental evidence at protein level	9.20	1.0000	0.9990	0.00000000000000	11	9	9	10	7	7	6.1303432E7	4.3403968E7	4.3403968E7			
sp|P38427|TSL1_YEAST	P38427	TSL1_YEAST	TSL1	1098	false	false	Saccharomyces cerevisiae (strain ATCC 204508 / S288c)	Trehalose synthase complex regulatory subunit TSL1	1:Experimental evidence at protein level	30.78	1.0000	0.9990	0.00000000000000	29	27	29	47	44	47	1.0004916E8	1.0004916E8	1.0004916E8			
sp|P38431|IF5_YEAST	P38431	IF5_YEAST	TIF5	405	false	false	Saccharomyces cerevisiae (strain ATCC 204508 / S288c)	Eukaryotic translation initiation factor 5	1:Experimental evidence at protein level	34.81	1.0000	0.9990	0.00000000000000	15	15	15	19	19	19	1.227088E8	1.227088E8	1.227088E8	4C(57.0215),7C(57.0215)		
sp|P38523|GRPE_YEAST	P38523	GRPE_YEAST	MGE1	228	false	false	Saccharomyces cerevisiae (strain ATCC 204508 / S288c)	GrpE protein homolog, mitochondrial	1:Experimental evidence at protein level	27.19	1.0000	0.9990	0.00000000000000	7	7	7	12	12	12	6.4911984E7	6.4911984E7	6.4911984E7			
sp|P38555|YPT31_YEAST	P38555	YPT31_YEAST	YPT31	223	false	false	Saccharomyces cerevisiae (strain ATCC 204508 / S288c)	GTP-binding protein YPT31/YPT8	1:Experimental evidence at protein level	16.59	1.0000	0.9990	0.00000000000000	6	2	6	6	1	6	5.6987592E7	9555331.0	5.6987592E7			
sp|P38616|YGP1_YEAST	P38616	YGP1_YEAST	YGP1	354	false	false	Saccharomyces cerevisiae (strain ATCC 204508 / S288c)	Protein YGP1	1:Experimental evidence at protein level	11.30	1.0000	0.9990	0.00000000000000	5	5	5	11	11	11	1.7271848E8	1.7271848E8	1.7271848E8			
sp|P38623|RCK2_YEAST	P38623	RCK2_YEAST	RCK2	610	false	false	Saccharomyces cerevisiae (strain ATCC 204508 / S288c)	Serine/threonine-protein kinase RCK2	1:Experimental evidence at protein level	6.23	1.0000	0.9990	0.00000000000000	4	4	4	5	5	5	2.5332426E7	2.5332426E7	2.5332426E7			
sp|P38624|PSB1_YEAST	P38624	PSB1_YEAST	PRE3	215	false	false	Saccharomyces cerevisiae (strain ATCC 204508 / S288c)	Proteasome subunit beta type-1	1:Experimental evidence at protein level	36.28	1.0000	0.9990	0.00000000000000	8	8	8	8	8	8	5.3473836E7	5.3473836E7	5.3473836E7	3C(57.0215)		
sp|P38625|GUAA_YEAST	P38625	GUAA_YEAST	GUA1	525	false	false	Saccharomyces cerevisiae (strain ATCC 204508 / S288c)	GMP synthase [glutamine-hydrolyzing]	1:Experimental evidence at protein level	37.14	1.0000	0.9990	0.00000000000000	19	19	19	44	44	44	1.54148032E8	1.54148032E8	1.54148032E8	11C(57.0215),7C(57.0215)		
sp|P38626|NCB5R_YEAST	P38626	NCB5R_YEAST	CBR1	284	false	false	Saccharomyces cerevisiae (strain ATCC 204508 / S288c)	NADH-cytochrome b5 reductase 1	1:Experimental evidence at protein level	46.83	1.0000	0.9990	0.00000000000000	12	12	12	15	15	15	7.7454888E7	7.7454888E7	7.7454888E7			
sp|P38627|URA8_YEAST	P38627	URA8_YEAST	URA8	578	false	false	Saccharomyces cerevisiae (strain ATCC 204508 / S288c)	CTP synthase 2	1:Experimental evidence at protein level	9.00	1.0000	0.9990	0.00000000000000	6	4	4	5	3	3	2.9299344E7	2.3741092E7	2.3741092E7			
sp|P38628|AGM1_YEAST	P38628	AGM1_YEAST	PCM1	557	false	false	Saccharomyces cerevisiae (strain ATCC 204508 / S288c)	Phosphoacetylglucosamine mutase	1:Experimental evidence at protein level	11.85	1.0000	0.9990	0.00000000000000	8	8	8	7	7	7	4.9331908E7	4.9331908E7	4.9331908E7	5C(57.0215),5C(57.0215),9C(57.0215),6C(57.0215),7C(57.0215)		
sp|P38682|GLO3_YEAST	P38682	GLO3_YEAST	GLO3	493	false	false	Saccharomyces cerevisiae (strain ATCC 204508 / S288c)	ADP-ribosylation factor GTPase-activating protein GLO3	1:Experimental evidence at protein level	11.76	1.0000	0.9990	0.00000000000000	7	7	7	6	6	6	2.6235022E7	2.6235022E7	2.6235022E7	2C(57.0215),5C(57.0215)		
sp|P38687|SRP68_YEAST	P38687	SRP68_YEAST	SRP68	599	false	false	Saccharomyces cerevisiae (strain ATCC 204508 / S288c)	Signal recognition particle subunit SRP68	1:Experimental evidence at protein level	10.68	1.0000	0.9990	0.00000000000000	6	6	6	7	7	7	1.0142136E7	1.0142136E7	1.0142136E7			
sp|P38688|SRP72_YEAST	P38688	SRP72_YEAST	SRP72	640	false	false	Saccharomyces cerevisiae (strain ATCC 204508 / S288c)	Signal recognition particle subunit SRP72	1:Experimental evidence at protein level	7.19	1.0000	0.9990	0.00000000000000	6	6	6	4	4	4	2.2090804E7	2.2090804E7	2.2090804E7			
sp|P38689|KPR3_YEAST	P38689	KPR3_YEAST	PRS3	320	false	false	Saccharomyces cerevisiae (strain ATCC 204508 / S288c)	Ribose-phosphate pyrophosphokinase 3	1:Experimental evidence at protein level	16.56	1.0000	0.9990	0.00000000000000	7	7	7	8	8	8	4.1866744E7	4.1866744E7	4.1866744E7			
sp|P38694|MSC7_YEAST	P38694	MSC7_YEAST	MSC7	644	false	false	Saccharomyces cerevisiae (strain ATCC 204508 / S288c)	Putative aldehyde dehydrogenase-like protein YHR039C	1:Experimental evidence at protein level	8.85	1.0000	0.9990	0.00000000000000	5	5	5	6	6	6	2.310209E7	2.310209E7	2.310209E7	1C(57.0215)		
sp|P38695|HXT5_YEAST	P38695	HXT5_YEAST	HXT5	592	false	false	Saccharomyces cerevisiae (strain ATCC 204508 / S288c)	Probable glucose transporter HXT5	1:Experimental evidence at protein level	9.63	1.0000	0.9990	0.00000000000000	6	3	4	10	4	4	8.8040016E7	1.8840888E7	1.8840888E7			
sp|P38701|RS20_YEAST	P38701	RS20_YEAST	RPS20	121	false	false	Saccharomyces cerevisiae (strain ATCC 204508 / S288c)	40S ribosomal protein S20	1:Experimental evidence at protein level	49.59	1.0000	0.9990	0.00000000000000	6	6	6	37	37	37	8.5227034E8	8.5227034E8	8.5227034E8			
sp|P38707|SYNC_YEAST	P38707	SYNC_YEAST	DED81	554	false	false	Saccharomyces cerevisiae (strain ATCC 204508 / S288c)	Asparagine--tRNA ligase, cytoplasmic	1:Experimental evidence at protein level	36.64	1.0000	0.9990	0.00000000000000	17	17	17	29	29	29	1.10658784E8	1.10658784E8	1.10658784E8	14C(57.0215),2C(57.0215),6C(57.0215)		
sp|P38708|YHI0_YEAST	P38708	YHI0_YEAST	YHR020W	688	false	false	Saccharomyces cerevisiae (strain ATCC 204508 / S288c)	Putative proline--tRNA ligase YHR020W	1:Experimental evidence at protein level	29.22	1.0000	0.9990	0.00000000000000	16	16	16	21	21	21	7.6054736E7	7.6054736E7	7.6054736E7	10C(57.0215),2C(57.0215)		
sp|P38715|GRE3_YEAST	P38715	GRE3_YEAST	GRE3	327	false	false	Saccharomyces cerevisiae (strain ATCC 204508 / S288c)	NADPH-dependent aldose reductase GRE3	1:Experimental evidence at protein level	29.97	1.0000	0.9990	0.00000000000000	11	11	11	18	18	18	1.3569336E8	1.3569336E8	1.3569336E8	5C(57.0215),6C(57.0215),8C(57.0215)		
sp|P38720|6PGD1_YEAST	P38720	6PGD1_YEAST	GND1	489	false	false	Saccharomyces cerevisiae (strain ATCC 204508 / S288c)	6-phosphogluconate dehydrogenase, decarboxylating 1	1:Experimental evidence at protein level	57.67	1.0000	0.9990	0.00000000000000	24	17	24	92	64	92	6.0591648E8	5.8689933E8	6.0591648E8	15C(57.0215),6C(57.0215),7C(57.0215),6M(15.9949)		
sp|P38737|ECM29_YEAST	P38737	ECM29_YEAST	ECM29	1868	false	false	Saccharomyces cerevisiae (strain ATCC 204508 / S288c)	Proteasome component ECM29	1:Experimental evidence at protein level	1.93	1.0000	0.9990	0.00000000000000	8	7	8	4	4	4	8.7245832E7	1.4719745E7	8.7245832E7	7C(57.0215)		
sp|P38755|OSH7_YEAST	P38755	OSH7_YEAST	OSH7	437	false	false	Saccharomyces cerevisiae (strain ATCC 204508 / S288c)	Oxysterol-binding protein homolog 7	1:Experimental evidence at protein level	11.90	1.0000	0.9990	0.00000000000000	6	5	6	5	3	5	1.1999146E7	5973452.5	1.1999146E7	15M(15.9949),18M(15.9949),7M(15.9949)		
sp|P38758|TDA3_YEAST	P38758	TDA3_YEAST	TDA3	523	false	false	Saccharomyces cerevisiae (strain ATCC 204508 / S288c)	Putative oxidoreductase TDA3	1:Experimental evidence at protein level	6.69	1.0000	0.9990	0.00000000000000	2	2	2	2	2	2	1.088067E7	1.088067E7	1.088067E7			
sp|P38764|RPN1_YEAST	P38764	RPN1_YEAST	RPN1	993	false	false	Saccharomyces cerevisiae (strain ATCC 204508 / S288c)	26S proteasome regulatory subunit RPN1	1:Experimental evidence at protein level	25.18	1.0000	0.9990	0.00000000000000	24	24	24	32	32	32	9.9493648E7	9.9493648E7	9.9493648E7	10C(57.0215)		
sp|P38773|DOG2_YEAST	P38773	DOG2_YEAST	DOG2	246	false	false	Saccharomyces cerevisiae (strain ATCC 204508 / S288c)	2-deoxyglucose-6-phosphate phosphatase 2	1:Experimental evidence at protein level	11.79	1.0000	0.9990	0.00000000000000	3	0	3	4	0	4	2.1491934E7	0	2.1491934E7			sp|P38774|DOG1_YEAST
sp|P38787|PANE_YEAST	P38787	PANE_YEAST	PAN5	379	false	false	Saccharomyces cerevisiae (strain ATCC 204508 / S288c)	2-dehydropantoate 2-reductase	1:Experimental evidence at protein level	16.36	1.0000	0.9990	0.00000000000000	8	8	8	7	7	7	2.7098134E7	2.7098134E7	2.7098134E7	1C(57.0215),3C(57.0215),3C(57.0215)		
sp|P38788|SSZ1_YEAST	P38788	SSZ1_YEAST	SSZ1	538	false	false	Saccharomyces cerevisiae (strain ATCC 204508 / S288c)	Ribosome-associated complex subunit SSZ1	1:Experimental evidence at protein level	41.64	1.0000	0.9990	0.00000000000000	18	18	18	51	51	51	2.3478472E8	2.3478472E8	2.3478472E8	1C(57.0215),1C(57.0215)		
sp|P38791|DHYS_YEAST	P38791	DHYS_YEAST	DYS1	387	false	false	Saccharomyces cerevisiae (strain ATCC 204508 / S288c)	Deoxyhypusine synthase	1:Experimental evidence at protein level	36.18	1.0000	0.9990	0.00000000000000	13	13	13	25	25	25	1.02748208E8	1.02748208E8	1.02748208E8	1C(57.0215),2C(57.0215),5C(57.0215)		
sp|P38792|RRP4_YEAST	P38792	RRP4_YEAST	RRP4	359	false	false	Saccharomyces cerevisiae (strain ATCC 204508 / S288c)	Exosome complex component RRP4	1:Experimental evidence at protein level	2.23	1.0000	0.9989	0.00000000000000	2	2	2	1	1	1	3372945.8	3372945.8	3372945.8			
sp|P38793|TRM5_YEAST	P38793	TRM5_YEAST	TRM5	499	false	false	Saccharomyces cerevisiae (strain ATCC 204508 / S288c)	tRNA (guanine(37)-N1)-methyltransferase	1:Experimental evidence at protein level	5.61	1.0000	0.9990	0.00000000000000	3	3	3	3	3	3	1470617.6	1470617.6	1470617.6			
sp|P38795|NADE_YEAST	P38795	NADE_YEAST	QNS1	714	false	false	Saccharomyces cerevisiae (strain ATCC 204508 / S288c)	Glutamine-dependent NAD(+) synthetase	1:Experimental evidence at protein level	9.52	1.0000	0.9990	0.00000000000000	6	6	6	5	5	5	3.8911808E7	3.8911808E7	3.8911808E7	6C(57.0215),8C(57.0215)		
sp|P38804|SDO1L_YEAST	P38804	SDO1L_YEAST	RTC3	111	false	false	Saccharomyces cerevisiae (strain ATCC 204508 / S288c)	Restriction of telomere capping protein 3	1:Experimental evidence at protein level	53.15	1.0000	0.9990	0.00000000000000	6	6	6	11	11	11	6.5156648E7	6.5156648E7	6.5156648E7			
sp|P38809|YHP7_YEAST	P38809	YHP7_YEAST	YHR097C	366	false	false	Saccharomyces cerevisiae (strain ATCC 204508 / S288c)	Uncharacterized protein YHR097C	1:Experimental evidence at protein level	12.02	1.0000	0.9990	0.00000000000000	5	5	5	4	4	4	1.3784073E7	1.3784073E7	1.3784073E7	20C(57.0215)		
sp|P38810|SFB3_YEAST	P38810	SFB3_YEAST	SFB3	929	false	false	Saccharomyces cerevisiae (strain ATCC 204508 / S288c)	SED5-binding protein 3	1:Experimental evidence at protein level	6.24	1.0000	0.9990	0.00000000000000	5	5	5	5	5	5	2.5393122E7	2.5393122E7	2.5393122E7			
sp|P38817|GGA2_YEAST	P38817	GGA2_YEAST	GGA2	585	false	false	Saccharomyces cerevisiae (strain ATCC 204508 / S288c)	ADP-ribosylation factor-binding protein GGA2	1:Experimental evidence at protein level	16.24	1.0000	0.9990	0.00000000000000	7	7	7	9	9	9	3.4602608E7	3.4602608E7	3.4602608E7			
sp|P38821|DNPEP_YEAST	P38821	DNPEP_YEAST	APE4	490	false	false	Saccharomyces cerevisiae (strain ATCC 204508 / S288c)	Aspartyl aminopeptidase 4	1:Experimental evidence at protein level	13.27	1.0000	0.9990	0.00000000000000	4	4	4	4	4	4	2.075446E7	2.075446E7	2.075446E7	14C(57.0215)		
sp|P38836|ECM14_YEAST	P38836	ECM14_YEAST	ECM14	430	false	false	Saccharomyces cerevisiae (strain ATCC 204508 / S288c)	Inactive metallocarboxypeptidase ECM14	1:Experimental evidence at protein level	5.12	1.0000	0.9990	0.00000000000000	2	2	2	2	2	2	5885593.0	5885593.0	5885593.0	8C(57.0215)		
sp|P38841|YHT8_YEAST	P38841	YHT8_YEAST	YHR138C	114	false	false	Saccharomyces cerevisiae (strain ATCC 204508 / S288c)	Uncharacterized protein YHR138C	1:Experimental evidence at protein level	17.54	1.0000	0.9990	0.00000000000000	2	2	2	3	3	3	3.9625408E7	3.9625408E7	3.9625408E7			
sp|P38845|CRP1_YEAST	P38845	CRP1_YEAST	CRP1	465	false	false	Saccharomyces cerevisiae (strain ATCC 204508 / S288c)	Cruciform DNA-recognizing protein 1	1:Experimental evidence at protein level	11.61	1.0000	0.9990	0.00000000000000	6	6	6	6	6	6	5.1707876E7	5.1707876E7	5.1707876E7			
sp|P38858|SOL3_YEAST	P38858	SOL3_YEAST	SOL3	249	false	false	Saccharomyces cerevisiae (strain ATCC 204508 / S288c)	6-phosphogluconolactonase 3	1:Experimental evidence at protein level	28.11	1.0000	0.9990	0.00000000000000	8	8	8	9	9	9	3.8420804E7	3.8420804E7	3.8420804E7	13C(57.0215),20C(57.0215),4C(57.0215)		
sp|P38869|SVP26_YEAST	P38869	SVP26_YEAST	SVP26	228	false	false	Saccharomyces cerevisiae (strain ATCC 204508 / S288c)	Protein SVP26	1:Experimental evidence at protein level	13.60	1.0000	0.9990	0.00000000000000	3	3	3	3	3	3	1.4620669E7	1.4620669E7	1.4620669E7			
sp|P38875|GPI16_YEAST	P38875	GPI16_YEAST	GPI16	610	false	false	Saccharomyces cerevisiae (strain ATCC 204508 / S288c)	GPI transamidase component GPI16	1:Experimental evidence at protein level	1.31	1.0000	0.9990	0.00000000000000	2	2	2	1	1	1	7671843.5	7671843.5	7671843.5			
sp|P38879|NACA_YEAST	P38879	NACA_YEAST	EGD2	174	false	false	Saccharomyces cerevisiae (strain ATCC 204508 / S288c)	Nascent polypeptide-associated complex subunit alpha	1:Experimental evidence at protein level	45.40	1.0000	0.9990	0.00000000000000	6	6	6	35	35	35	4.71612992E8	4.71612992E8	4.71612992E8			
sp|P38886|RPN10_YEAST	P38886	RPN10_YEAST	RPN10	268	false	false	Saccharomyces cerevisiae (strain ATCC 204508 / S288c)	26S proteasome regulatory subunit RPN10	1:Experimental evidence at protein level	27.24	1.0000	0.9990	0.00000000000000	5	5	5	7	7	7	6.600816E7	6.600816E7	6.600816E7			
sp|P38891|BCA1_YEAST	P38891	BCA1_YEAST	BAT1	393	false	false	Saccharomyces cerevisiae (strain ATCC 204508 / S288c)	Branched-chain-amino-acid aminotransferase, mitochondrial	1:Experimental evidence at protein level	22.39	1.0000	0.9990	0.00000000000000	8	6	6	7	6	6	8.2496384E7	5.4326928E7	5.4326928E7	19C(57.0215)		
sp|P38902|RPB11_YEAST	P38902	RPB11_YEAST	RPB11	120	false	false	Saccharomyces cerevisiae (strain ATCC 204508 / S288c)	DNA-directed RNA polymerase II subunit RPB11	1:Experimental evidence at protein level	23.33	1.0000	0.9990	0.00000000000000	4	4	4	3	3	3	1.694898E7	1.694898E7	1.694898E7			
sp|P38903|2A5D_YEAST	P38903	2A5D_YEAST	RTS1	757	false	false	Saccharomyces cerevisiae (strain ATCC 204508 / S288c)	Serine/threonine-protein phosphatase 2A 56 kDa regulatory subunit delta isoform	1:Experimental evidence at protein level	4.36	1.0000	0.9990	0.00000000000000	4	4	4	2	2	2	1.3165659E7	1.3165659E7	1.3165659E7	13C(57.0215)		
sp|P38910|CH10_YEAST	P38910	CH10_YEAST	HSP10	106	false	false	Saccharomyces cerevisiae (strain ATCC 204508 / S288c)	10 kDa heat shock protein, mitochondrial	1:Experimental evidence at protein level	61.32	1.0000	0.9990	0.00000000000000	5	5	5	20	20	20	2.46878256E8	2.46878256E8	2.46878256E8			
sp|P38911|FKBP3_YEAST	P38911	FKBP3_YEAST	FPR3	411	false	false	Saccharomyces cerevisiae (strain ATCC 204508 / S288c)	Peptidyl-prolyl cis-trans isomerase	1:Experimental evidence at protein level	12.65	1.0000	0.9990	0.00000000000000	5	5	5	5	5	5	4.7276144E7	4.7276144E7	4.7276144E7			
sp|P38912|IF1A_YEAST	P38912	IF1A_YEAST	TIF11	153	false	false	Saccharomyces cerevisiae (strain ATCC 204508 / S288c)	Eukaryotic translation initiation factor 1A	1:Experimental evidence at protein level	32.68	1.0000	0.9990	0.00000000000000	5	5	5	7	7	7	1.0467556E8	1.0467556E8	1.0467556E8	5C(57.0215),7C(57.0215)		
sp|P38929|ATC2_YEAST	P38929	ATC2_YEAST	PMC1	1173	false	false	Saccharomyces cerevisiae (strain ATCC 204508 / S288c)	Calcium-transporting ATPase 2	1:Experimental evidence at protein level	3.24	1.0000	0.9990	0.00000000000000	9	9	9	4	4	4	2.2454264E7	2.2454264E7	2.2454264E7	2C(57.0215),6C(57.0215),6C(57.0215)		
sp|P38934|BFR1_YEAST	P38934	BFR1_YEAST	BFR1	470	false	false	Saccharomyces cerevisiae (strain ATCC 204508 / S288c)	Nuclear segregation protein BFR1	1:Experimental evidence at protein level	29.57	1.0000	0.9990	0.00000000000000	21	21	21	41	41	41	1.61003296E8	1.61003296E8	1.61003296E8			
sp|P38968|SEC31_YEAST	P38968	SEC31_YEAST	SEC31	1273	false	false	Saccharomyces cerevisiae (strain ATCC 204508 / S288c)	Protein transport protein SEC31	1:Experimental evidence at protein level	13.90	1.0000	0.9990	0.00000000000000	16	16	16	18	18	18	5.0491536E7	5.0491536E7	5.0491536E7			
sp|P38972|PUR4_YEAST	P38972	PUR4_YEAST	ADE6	1358	false	false	Saccharomyces cerevisiae (strain ATCC 204508 / S288c)	Phosphoribosylformylglycinamidine synthase	1:Experimental evidence at protein level	27.32	1.0000	0.9990	0.00000000000000	34	34	34	46	46	46	3.78184576E8	3.78184576E8	3.78184576E8	15C(57.0215),2C(57.0215),2C(57.0215),4C(57.0215),5C(57.0215),6C(57.0215),8C(57.0215),N-term(42.0106)		
sp|P38986|ASPG1_YEAST	P38986	ASPG1_YEAST	ASP1	381	false	false	Saccharomyces cerevisiae (strain ATCC 204508 / S288c)	L-asparaginase 1	1:Experimental evidence at protein level	8.40	1.0000	0.9990	0.00000000000000	3	3	3	3	3	3	3.239791E7	3.239791E7	3.239791E7			
sp|P38993|FET3_YEAST	P38993	FET3_YEAST	FET3	636	false	false	Saccharomyces cerevisiae (strain ATCC 204508 / S288c)	Iron transport multicopper oxidase FET3	1:Experimental evidence at protein level	11.48	1.0000	0.9990	0.00000000000000	4	4	4	10	10	10	3.164882E7	3.164882E7	3.164882E7	7C(57.0215)		
sp|P38996|NAB3_YEAST	P38996	NAB3_YEAST	NAB3	802	false	false	Saccharomyces cerevisiae (strain ATCC 204508 / S288c)	Nuclear polyadenylated RNA-binding protein 3	1:Experimental evidence at protein level	9.73	1.0000	0.9990	0.00000000000000	5	5	5	8	8	8	1.9274832E7	1.9274832E7	1.9274832E7			
sp|P38998|LYS1_YEAST	P38998	LYS1_YEAST	LYS1	373	false	false	Saccharomyces cerevisiae (strain ATCC 204508 / S288c)	Saccharopine dehydrogenase [NAD(+), L-lysine-forming]	1:Experimental evidence at protein level	23.06	1.0000	0.9990	0.00000000000000	7	7	7	10	10	10	2.8469054E7	2.8469054E7	2.8469054E7	1C(57.0215)		
sp|P38999|LYS9_YEAST	P38999	LYS9_YEAST	LYS9	446	false	false	Saccharomyces cerevisiae (strain ATCC 204508 / S288c)	Saccharopine dehydrogenase [NADP(+), L-glutamate-forming]	1:Experimental evidence at protein level	26.68	1.0000	0.9990	0.00000000000000	12	12	12	12	12	12	2.6006528E7	2.6006528E7	2.6006528E7	6C(57.0215),8C(57.0215)		
sp|P39003|HXT6_YEAST	P39003	HXT6_YEAST	HXT6	570	false	false	Saccharomyces cerevisiae (strain ATCC 204508 / S288c)	High-affinity hexose transporter HXT6	1:Experimental evidence at protein level	18.60	1.0000	0.9990	0.00000000000000	9	1	1	30	3	3	4.05897184E8	7.957924E7	7.957924E7			
sp|P39004|HXT7_YEAST	P39004	HXT7_YEAST	HXT7	570	false	false	Saccharomyces cerevisiae (strain ATCC 204508 / S288c)	High-affinity hexose transporter HXT7	1:Experimental evidence at protein level	18.60	1.0000	0.9990	0.00000000000000	9	1	9	34	7	34	5.2261088E8	1.96292912E8	5.2261088E8	N-term(42.0106)		
sp|P39007|STT3_YEAST	P39007	STT3_YEAST	STT3	718	false	false	Saccharomyces cerevisiae (strain ATCC 204508 / S288c)	Dolichyl-diphosphooligosaccharide--protein glycosyltransferase subunit STT3	1:Experimental evidence at protein level	8.50	1.0000	0.9990	0.00000000000000	7	7	7	8	8	8	2.9034092E7	2.9034092E7	2.9034092E7			
sp|P39010|AKR1_YEAST	P39010	AKR1_YEAST	AKR1	764	false	false	Saccharomyces cerevisiae (strain ATCC 204508 / S288c)	Palmitoyltransferase AKR1	1:Experimental evidence at protein level	7.59	1.0000	0.9990	0.00000000000000	5	5	5	5	5	5	2.0763194E7	2.0763194E7	2.0763194E7			
sp|P39013|END3_YEAST	P39013	END3_YEAST	END3	349	false	false	Saccharomyces cerevisiae (strain ATCC 204508 / S288c)	Actin cytoskeleton-regulatory complex protein END3	1:Experimental evidence at protein level	11.17	1.0000	0.9990	0.00000000000000	4	4	4	3	3	3	2.118495E7	2.118495E7	2.118495E7	19C(57.0215)		
sp|P39015|STM1_YEAST	P39015	STM1_YEAST	STM1	273	false	false	Saccharomyces cerevisiae (strain ATCC 204508 / S288c)	Suppressor protein STM1	1:Experimental evidence at protein level	39.19	1.0000	0.9990	0.00000000000000	9	9	9	44	44	44	8.1772698E8	8.1772698E8	8.1772698E8			
sp|P39076|TCPB_YEAST	P39076	TCPB_YEAST	CCT2	527	false	false	Saccharomyces cerevisiae (strain ATCC 204508 / S288c)	T-complex protein 1 subunit beta	1:Experimental evidence at protein level	22.96	1.0000	0.9990	0.00000000000000	10	10	10	10	10	10	4.1450276E7	4.1450276E7	4.1450276E7			
sp|P39077|TCPG_YEAST	P39077	TCPG_YEAST	CCT3	534	false	false	Saccharomyces cerevisiae (strain ATCC 204508 / S288c)	T-complex protein 1 subunit gamma	1:Experimental evidence at protein level	32.02	1.0000	0.9990	0.00000000000000	17	17	17	22	22	22	1.03711408E8	1.03711408E8	1.03711408E8	2C(57.0215),7C(57.0215),8C(57.0215)		
sp|P39078|TCPD_YEAST	P39078	TCPD_YEAST	CCT4	528	false	false	Saccharomyces cerevisiae (strain ATCC 204508 / S288c)	T-complex protein 1 subunit delta	1:Experimental evidence at protein level	23.48	1.0000	0.9990	0.00000000000000	11	11	11	13	13	13	4.945356E7	4.945356E7	4.945356E7	1C(57.0215),7C(57.0215),7C(57.0215),7C(57.0215)		
sp|P39079|TCPZ_YEAST	P39079	TCPZ_YEAST	CCT6	546	false	false	Saccharomyces cerevisiae (strain ATCC 204508 / S288c)	T-complex protein 1 subunit zeta	1:Experimental evidence at protein level	18.32	1.0000	0.9990	0.00000000000000	10	10	10	14	14	14	6.7010816E7	6.7010816E7	6.7010816E7	2C(57.0215),4C(57.0215)		
sp|P39101|CAJ1_YEAST	P39101	CAJ1_YEAST	CAJ1	391	false	false	Saccharomyces cerevisiae (strain ATCC 204508 / S288c)	Protein CAJ1	1:Experimental evidence at protein level	18.16	1.0000	0.9990	0.00000000000000	8	8	8	6	6	6	2.72141E7	2.72141E7	2.72141E7			
sp|P39105|PLB1_YEAST	P39105	PLB1_YEAST	PLB1	664	false	false	Saccharomyces cerevisiae (strain ATCC 204508 / S288c)	Lysophospholipase 1	1:Experimental evidence at protein level	9.19	1.0000	0.9990	0.00000000000000	7	7	7	7	7	7	5.8667736E7	5.8667736E7	5.8667736E7	5C(57.0215),7C(57.0215)		
sp|P39107|MNN9_YEAST	P39107	MNN9_YEAST	MNN9	395	false	false	Saccharomyces cerevisiae (strain ATCC 204508 / S288c)	Mannan polymerase complexes subunit MNN9	1:Experimental evidence at protein level	9.87	1.0000	0.9990	0.00000000000000	4	4	4	4	4	4	1.547297E7	1.547297E7	1.547297E7			
sp|P39109|YCFI_YEAST	P39109	YCFI_YEAST	YCF1	1515	false	false	Saccharomyces cerevisiae (strain ATCC 204508 / S288c)	Metal resistance protein YCF1	1:Experimental evidence at protein level	4.88	1.0000	0.9990	0.00000000000000	9	8	9	8	7	8	2.5070872E7	2.5070872E7	2.5070872E7			
sp|P39111|VATF_YEAST	P39111	VATF_YEAST	VMA7	118	false	false	Saccharomyces cerevisiae (strain ATCC 204508 / S288c)	V-type proton ATPase subunit F	1:Experimental evidence at protein level	21.19	1.0000	0.9990	0.00000000000000	3	3	3	4	4	4	5.6733124E7	5.6733124E7	5.6733124E7			
sp|P39516|RS14B_YEAST	P39516	RS14B_YEAST	RPS14B	138	false	false	Saccharomyces cerevisiae (strain ATCC 204508 / S288c)	40S ribosomal protein S14-B	1:Experimental evidence at protein level	65.94	1.0000	0.9990	0.00000000000000	7	1	7	25	2	25	7.4668282E8	2.6496308E7	7.4668282E8	N-term(42.0106)		
sp|P39517|DHH1_YEAST	P39517	DHH1_YEAST	DHH1	506	false	false	Saccharomyces cerevisiae (strain ATCC 204508 / S288c)	ATP-dependent RNA helicase DHH1	1:Experimental evidence at protein level	16.40	1.0000	0.9990	0.00000000000000	8	8	8	9	9	9	4.5286228E7	4.5286228E7	4.5286228E7	2C(57.0215),6C(57.0215),4C(57.0215),4C(57.0215)		
sp|P39522|ILV3_YEAST	P39522	ILV3_YEAST	ILV3	585	false	false	Saccharomyces cerevisiae (strain ATCC 204508 / S288c)	Dihydroxy-acid dehydratase, mitochondrial	1:Experimental evidence at protein level	26.67	1.0000	0.9990	0.00000000000000	13	13	13	14	14	14	7.131208E7	7.131208E7	7.131208E7	1C(57.0215),4C(57.0215)		
sp|P39540|ELO1_YEAST	P39540	ELO1_YEAST	ELO1	310	false	false	Saccharomyces cerevisiae (strain ATCC 204508 / S288c)	Elongation of fatty acids protein 1	1:Experimental evidence at protein level	5.48	1.0000	0.9990	0.00000000000000	2	2	2	2	2	2	1.6544044E7	1.6544044E7	1.6544044E7			
sp|P39676|FHP_YEAST	P39676	FHP_YEAST	YHB1	399	false	false	Saccharomyces cerevisiae (strain ATCC 204508 / S288c)	Flavohemoprotein	1:Experimental evidence at protein level	31.58	1.0000	0.9990	0.00000000000000	11	11	11	28	28	28	1.2931172E8	1.2931172E8	1.2931172E8	5C(57.0215),9C(57.0215)		
sp|P39683|NPT1_YEAST	P39683	NPT1_YEAST	NPT1	429	false	false	Saccharomyces cerevisiae (strain ATCC 204508 / S288c)	Nicotinate phosphoribosyltransferase	1:Experimental evidence at protein level	32.63	1.0000	0.9990	0.00000000000000	14	14	14	18	18	18	6.8644184E7	6.8644184E7	6.8644184E7	3C(57.0215),5C(57.0215)		
sp|P39713|BDH2_YEAST	P39713	BDH2_YEAST	BDH2	417	false	false	Saccharomyces cerevisiae (strain ATCC 204508 / S288c)	Probable diacetyl reductase [(R)-acetoin forming] 2	1:Experimental evidence at protein level	7.67	1.0000	0.9990	0.00000000000000	3	3	3	5	5	5	2.4769786E7	2.4769786E7	2.4769786E7	9C(57.0215),9C(57.0215)		
sp|P39714|BDH1_YEAST	P39714	BDH1_YEAST	BDH1	382	false	false	Saccharomyces cerevisiae (strain ATCC 204508 / S288c)	(R,R)-butanediol dehydrogenase	1:Experimental evidence at protein level	13.35	1.0000	0.9990	0.00000000000000	5	5	5	10	10	10	4.59907E7	4.59907E7	4.59907E7			
sp|P39721|AIM2_YEAST	P39721	AIM2_YEAST	AIM2	246	false	false	Saccharomyces cerevisiae (strain ATCC 204508 / S288c)	Protein AIM2	1:Experimental evidence at protein level	4.07	1.0000	0.9990	0.00000000000000	2	2	2	1	1	1	1.7133758E7	1.7133758E7	1.7133758E7			
sp|P39726|GCSH_YEAST	P39726	GCSH_YEAST	GCV3	170	false	false	Saccharomyces cerevisiae (strain ATCC 204508 / S288c)	Glycine cleavage system H protein, mitochondrial	1:Experimental evidence at protein level	33.53	1.0000	0.9990	0.00000000000000	4	4	4	6	6	6	7.5666984E7	7.5666984E7	7.5666984E7			
sp|P39727|ERV46_YEAST	P39727	ERV46_YEAST	ERV46	415	false	false	Saccharomyces cerevisiae (strain ATCC 204508 / S288c)	ER-derived vesicles protein ERV46	1:Experimental evidence at protein level	19.28	1.0000	0.9990	0.00000000000000	5	5	5	6	6	6	3.8560508E7	3.8560508E7	3.8560508E7	33C(57.0215),36C(57.0215),5C(57.0215),9C(57.0215),9C(57.0215)		
sp|P39729|RBG1_YEAST	P39729	RBG1_YEAST	RBG1	369	false	false	Saccharomyces cerevisiae (strain ATCC 204508 / S288c)	Ribosome-interacting GTPase 1	1:Experimental evidence at protein level	3.52	1.0000	0.9990	0.00000000000000	1	1	1	1	1	1	5521351.0	5521351.0	5521351.0			
sp|P39730|IF2P_YEAST	P39730	IF2P_YEAST	FUN12	1002	false	false	Saccharomyces cerevisiae (strain ATCC 204508 / S288c)	Eukaryotic translation initiation factor 5B	1:Experimental evidence at protein level	21.46	1.0000	0.9990	0.00000000000000	23	23	23	25	25	25	7.0621944E7	7.0621944E7	7.0621944E7	4C(57.0215),4C(57.0215),5C(57.0215),6C(57.0215)		
sp|P39743|RV167_YEAST	P39743	RV167_YEAST	RVS167	482	false	false	Saccharomyces cerevisiae (strain ATCC 204508 / S288c)	Reduced viability upon starvation protein 167	1:Experimental evidence at protein level	25.93	1.0000	0.9990	0.00000000000000	9	9	9	15	15	15	6.0835364E7	6.0835364E7	6.0835364E7	5C(57.0215)		
sp|P39744|NOC2_YEAST	P39744	NOC2_YEAST	NOC2	710	false	false	Saccharomyces cerevisiae (strain ATCC 204508 / S288c)	Nucleolar complex protein 2	1:Experimental evidence at protein level	4.65	1.0000	0.9989	0.00000000000000	4	4	4	4	4	4	2.3475666E7	2.3475666E7	2.3475666E7			
sp|P39926|SSO2_YEAST	P39926	SSO2_YEAST	SSO2	295	false	false	Saccharomyces cerevisiae (strain ATCC 204508 / S288c)	Protein SSO2	1:Experimental evidence at protein level	21.36	1.0000	0.9990	0.00000000000000	4	4	4	4	4	4	4.3439984E7	4.3439984E7	4.3439984E7			
sp|P39929|SNF7_YEAST	P39929	SNF7_YEAST	SNF7	240	false	false	Saccharomyces cerevisiae (strain ATCC 204508 / S288c)	Vacuolar-sorting protein SNF7	1:Experimental evidence at protein level	12.08	1.0000	0.9990	0.00000000000000	3	3	3	3	3	3	2.5688956E7	2.5688956E7	2.5688956E7			
sp|P39931|SS120_YEAST	P39931	SS120_YEAST	SSP120	234	false	false	Saccharomyces cerevisiae (strain ATCC 204508 / S288c)	Protein SSP120	1:Experimental evidence at protein level	21.37	1.0000	0.9990	0.00000000000000	5	5	5	6	6	6	3.0986576E7	3.0986576E7	3.0986576E7			
sp|P39935|IF4F1_YEAST	P39935	IF4F1_YEAST	TIF4631	952	false	false	Saccharomyces cerevisiae (strain ATCC 204508 / S288c)	Eukaryotic initiation factor 4F subunit p150	1:Experimental evidence at protein level	15.23	1.0000	0.9990	0.00000000000000	18	16	18	16	14	16	3.27352288E8	3.27352288E8	3.27352288E8	15C(57.0215),2C(57.0215),5C(57.0215),N-term(42.0106)		
sp|P39936|IF4F2_YEAST	P39936	IF4F2_YEAST	TIF4632	914	false	false	Saccharomyces cerevisiae (strain ATCC 204508 / S288c)	Eukaryotic initiation factor 4F subunit p130	1:Experimental evidence at protein level	5.58	1.0000	0.9990	0.00000000000000	6	4	4	6	4	4	1.975226E7	1.8453342E7	1.8453342E7			
sp|P39938|RS26A_YEAST	P39938	RS26A_YEAST	RPS26A	119	false	false	Saccharomyces cerevisiae (strain ATCC 204508 / S288c)	40S ribosomal protein S26-A	1:Experimental evidence at protein level	25.21	1.0000	0.9990	0.00000000000000	3	1	3	11	7	11	1.94813488E8	1.08309472E8	1.94813488E8			
sp|P39940|RSP5_YEAST	P39940	RSP5_YEAST	RSP5	809	false	false	Saccharomyces cerevisiae (strain ATCC 204508 / S288c)	E3 ubiquitin-protein ligase RSP5	1:Experimental evidence at protein level	20.27	1.0000	0.9990	0.00000000000000	15	15	15	14	14	14	3.3936504E7	3.3936504E7	3.3936504E7			
sp|P39954|SAHH_YEAST	P39954	SAHH_YEAST	SAH1	449	false	false	Saccharomyces cerevisiae (strain ATCC 204508 / S288c)	Adenosylhomocysteinase	1:Experimental evidence at protein level	37.19	1.0000	0.9990	0.00000000000000	15	15	15	69	69	69	4.5598208E8	4.5598208E8	4.5598208E8	2C(57.0215),5M(15.9949),7C(57.0215)		
sp|P39958|GDI1_YEAST	P39958	GDI1_YEAST	GDI1	451	false	false	Saccharomyces cerevisiae (strain ATCC 204508 / S288c)	Rab GDP-dissociation inhibitor	1:Experimental evidence at protein level	13.30	1.0000	0.9990	0.00000000000000	6	6	6	12	12	12	6.2812528E7	6.2812528E7	6.2812528E7			
sp|P39966|PP2C2_YEAST	P39966	PP2C2_YEAST	PTC2	464	false	false	Saccharomyces cerevisiae (strain ATCC 204508 / S288c)	Protein phosphatase 2C homolog 2	1:Experimental evidence at protein level	19.61	1.0000	0.9990	0.00000000000000	9	6	9	12	6	12	4.1813152E7	2.1810592E7	4.1813152E7			
sp|P39968|VAC8_YEAST	P39968	VAC8_YEAST	VAC8	578	false	false	Saccharomyces cerevisiae (strain ATCC 204508 / S288c)	Vacuolar protein 8	1:Experimental evidence at protein level	13.49	1.0000	0.9990	0.00000000000000	7	7	7	7	7	7	3.0049844E7	3.0049844E7	3.0049844E7	7C(57.0215)		
sp|P39976|DLD3_YEAST	P39976	DLD3_YEAST	DLD3	496	false	false	Saccharomyces cerevisiae (strain ATCC 204508 / S288c)	D-2-hydroxyglutarate--pyruvate transhydrogenase DLD3	1:Experimental evidence at protein level	38.71	1.0000	0.9990	0.00000000000000	14	13	14	51	49	51	1.65174832E8	1.65174832E8	1.65174832E8	5C(57.0215),6C(57.0215)		
sp|P39986|SPF1_YEAST	P39986	SPF1_YEAST	SPF1	1215	false	false	Saccharomyces cerevisiae (strain ATCC 204508 / S288c)	Endoplasmic reticulum transmembrane helix translocase	1:Experimental evidence at protein level	19.75	1.0000	0.9990	0.00000000000000	22	22	22	26	26	26	5.7810168E7	5.7810168E7	5.7810168E7	4C(57.0215),5C(57.0215),6C(57.0215)		
sp|P39993|GEA2_YEAST	P39993	GEA2_YEAST	GEA2	1459	false	false	Saccharomyces cerevisiae (strain ATCC 204508 / S288c)	ARF guanine-nucleotide exchange factor 2	1:Experimental evidence at protein level	1.78	1.0000	0.9990	0.00000000000000	3	3	3	3	3	3	8705700.0	8705700.0	8705700.0			
sp|P40008|FMP52_YEAST	P40008	FMP52_YEAST	FMP52	231	false	false	Saccharomyces cerevisiae (strain ATCC 204508 / S288c)	Protein FMP52, mitochondrial	1:Experimental evidence at protein level	21.65	1.0000	0.9990	0.00000000000000	5	5	5	6	6	6	3.1732628E7	3.1732628E7	3.1732628E7			
sp|P40010|NUG1_YEAST	P40010	NUG1_YEAST	NUG1	520	false	false	Saccharomyces cerevisiae (strain ATCC 204508 / S288c)	Nuclear GTP-binding protein NUG1	1:Experimental evidence at protein level	9.04	1.0000	0.9990	0.00000000000000	4	4	4	5	5	5	2.1290956E7	2.1290956E7	2.1290956E7	2C(57.0215)		
sp|P40016|RPN3_YEAST	P40016	RPN3_YEAST	RPN3	523	false	false	Saccharomyces cerevisiae (strain ATCC 204508 / S288c)	26S proteasome regulatory subunit RPN3	1:Experimental evidence at protein level	10.90	1.0000	0.9990	0.00000000000000	7	7	7	6	6	6	4.5546992E7	4.5546992E7	4.5546992E7			
sp|P40019|CHZ1_YEAST	P40019	CHZ1_YEAST	CHZ1	153	false	false	Saccharomyces cerevisiae (strain ATCC 204508 / S288c)	Histone H2A.Z-specific chaperone CHZ1	1:Experimental evidence at protein level	21.57	1.0000	0.9990	0.00000000000000	2	2	2	2	2	2	1.6594434E7	1.6594434E7	1.6594434E7			
sp|P40024|ARB1_YEAST	P40024	ARB1_YEAST	ARB1	610	false	false	Saccharomyces cerevisiae (strain ATCC 204508 / S288c)	ABC transporter ATP-binding protein ARB1	1:Experimental evidence at protein level	24.92	1.0000	0.9990	0.00000000000000	14	14	14	17	17	17	5.4816868E7	5.4816868E7	5.4816868E7	9C(57.0215)		
sp|P40029|MSRA_YEAST	P40029	MSRA_YEAST	MXR1	184	false	false	Saccharomyces cerevisiae (strain ATCC 204508 / S288c)	Peptide methionine sulfoxide reductase	1:Experimental evidence at protein level	25.00	1.0000	0.9990	0.00000000000000	6	6	6	5	5	5	2.252149E7	2.252149E7	2.252149E7			
sp|P40032|TPA1_YEAST	P40032	TPA1_YEAST	TPA1	644	false	false	Saccharomyces cerevisiae (strain ATCC 204508 / S288c)	Prolyl 3,4-dihydroxylase TPA1	1:Experimental evidence at protein level	7.92	1.0000	0.9990	0.00000000000000	7	7	7	6	6	6	1.8673364E7	1.8673364E7	1.8673364E7			
sp|P40037|HMF1_YEAST	P40037	HMF1_YEAST	HMF1	129	false	false	Saccharomyces cerevisiae (strain ATCC 204508 / S288c)	Protein HMF1	1:Experimental evidence at protein level	52.71	1.0000	0.9990	0.00000000000000	5	5	5	12	12	12	1.37647472E8	1.37647472E8	1.37647472E8			
sp|P40040|THO1_YEAST	P40040	THO1_YEAST	THO1	218	false	false	Saccharomyces cerevisiae (strain ATCC 204508 / S288c)	Protein THO1	1:Experimental evidence at protein level	8.26	1.0000	0.9990	0.00000000000000	3	3	3	2	2	2	3.3196212E7	3.3196212E7	3.3196212E7			
sp|P40043|RGI1_YEAST	P40043	RGI1_YEAST	RGI1	161	false	false	Saccharomyces cerevisiae (strain ATCC 204508 / S288c)	Respiratory growth induced protein 1	1:Experimental evidence at protein level	36.02	1.0000	0.9990	0.00000000000000	3	3	3	7	7	7	8.426456E7	8.426456E7	8.426456E7	26C(57.0215)		
sp|P40047|ALDH5_YEAST	P40047	ALDH5_YEAST	ALD5	520	false	false	Saccharomyces cerevisiae (strain ATCC 204508 / S288c)	Aldehyde dehydrogenase 5, mitochondrial	1:Experimental evidence at protein level	11.73	1.0000	0.9990	0.00000000000000	7	7	7	6	6	6	2.0785652E7	2.0785652E7	2.0785652E7			
sp|P40053|AIM9_YEAST	P40053	AIM9_YEAST	AIM9	627	false	false	Saccharomyces cerevisiae (strain ATCC 204508 / S288c)	Altered inheritance of mitochondria protein 9, mitochondrial	1:Experimental evidence at protein level	11.64	1.0000	0.9990	0.00000000000000	8	8	8	8	8	8	2.0819016E7	2.0819016E7	2.0819016E7			
sp|P40054|SERA_YEAST	P40054	SERA_YEAST	SER3	469	false	false	Saccharomyces cerevisiae (strain ATCC 204508 / S288c)	D-3-phosphoglycerate dehydrogenase 1	1:Experimental evidence at protein level	31.34	1.0000	0.9990	0.00000000000000	13	5	13	14	4	14	4.1442576E7	3.636366E7	4.1442576E7			
sp|P40056|GET2_YEAST	P40056	GET2_YEAST	GET2	285	false	false	Saccharomyces cerevisiae (strain ATCC 204508 / S288c)	Golgi to ER traffic protein 2	1:Experimental evidence at protein level	9.47	1.0000	0.9990	0.00000000000000	2	2	2	2	2	2	8852974.0	8852974.0	8852974.0			
sp|P40069|IMB4_YEAST	P40069	IMB4_YEAST	KAP123	1113	false	false	Saccharomyces cerevisiae (strain ATCC 204508 / S288c)	Importin subunit beta-4	1:Experimental evidence at protein level	25.52	1.0000	0.9990	0.00000000000000	25	25	25	36	36	36	7.3002096E7	7.3002096E7	7.3002096E7	3C(57.0215),8C(57.0215)		
sp|P40075|SCS2_YEAST	P40075	SCS2_YEAST	SCS2	244	false	false	Saccharomyces cerevisiae (strain ATCC 204508 / S288c)	Vesicle-associated membrane protein-associated protein SCS2	1:Experimental evidence at protein level	26.64	1.0000	0.9990	0.00000000000000	6	6	6	9	9	9	1.46196288E8	1.46196288E8	1.46196288E8			
sp|P40081|MGDP1_YEAST	P40081	MGDP1_YEAST	YER134C	178	false	false	Saccharomyces cerevisiae (strain ATCC 204508 / S288c)	Putative magnesium-dependent phosphatase YER134C	1:Experimental evidence at protein level	11.80	1.0000	0.9990	0.00000000000000	2	2	2	2	2	2	8500790.0	8500790.0	8500790.0			
sp|P40087|DDI1_YEAST	P40087	DDI1_YEAST	DDI1	428	false	false	Saccharomyces cerevisiae (strain ATCC 204508 / S288c)	DNA damage-inducible protein 1	1:Experimental evidence at protein level	6.31	1.0000	0.9990	0.00000000000000	3	3	3	3	3	3	1.2804926E7	1.2804926E7	1.2804926E7			
sp|P40093|YEY6_YEAST	P40093	YEY6_YEAST	YER156C	338	false	false	Saccharomyces cerevisiae (strain ATCC 204508 / S288c)	MYG1 protein YER156C	1:Experimental evidence at protein level	14.79	1.0000	0.9990	0.00000000000000	5	5	5	5	5	5	2.2331098E7	2.2331098E7	2.2331098E7	8C(57.0215)		
sp|P40096|NCB1_YEAST	P40096	NCB1_YEAST	BUR6	142	false	false	Saccharomyces cerevisiae (strain ATCC 204508 / S288c)	Negative cofactor 2 complex subunit alpha	1:Experimental evidence at protein level	19.72	1.0000	0.9990	0.00000000000000	3	3	3	3	3	3	1.743844E7	1.743844E7	1.743844E7			
sp|P40106|GPP2_YEAST	P40106	GPP2_YEAST	GPP2	250	false	false	Saccharomyces cerevisiae (strain ATCC 204508 / S288c)	Glycerol-1-phosphate phosphohydrolase 2	1:Experimental evidence at protein level	40.80	1.0000	0.9990	0.00000000000000	10	6	6	22	10	10	6.2381715E8	1.27804544E8	1.27804544E8			
sp|P40150|SSB2_YEAST	P40150	SSB2_YEAST	SSB2	613	false	false	Saccharomyces cerevisiae (strain ATCC 204508 / S288c)	Ribosome-associated molecular chaperone SSB2	1:Experimental evidence at protein level	52.53	1.0000	0.9990	0.00000000000000	26	2	2	138	10	10	1.35439322E9	1.81216512E8	1.81216512E8			
sp|P40159|YNU8_YEAST	P40159	YNU8_YEAST	YNL208W	199	false	false	Saccharomyces cerevisiae (strain ATCC 204508 / S288c)	Uncharacterized protein YNL208W	1:Experimental evidence at protein level	61.31	1.0000	0.9990	0.00000000000000	6	6	6	9	9	9	5.6489136E7	5.6489136E7	5.6489136E7	N-term(42.0106)		
sp|P40165|NNRE_YEAST	P40165	NNRE_YEAST	NNR1	246	false	false	Saccharomyces cerevisiae (strain ATCC 204508 / S288c)	NAD(P)H-hydrate epimerase	1:Experimental evidence at protein level	10.98	1.0000	0.9990	0.00000000000000	2	2	2	2	2	2	1.1534598E7	1.1534598E7	1.1534598E7			
sp|P40185|MMF1_YEAST	P40185	MMF1_YEAST	MMF1	145	false	false	Saccharomyces cerevisiae (strain ATCC 204508 / S288c)	Protein MMF1, mitochondrial	1:Experimental evidence at protein level	55.86	1.0000	0.9990	0.00000000000000	6	6	6	27	27	27	4.50476608E8	4.50476608E8	4.50476608E8			
sp|P40202|CCS1_YEAST	P40202	CCS1_YEAST	CCS1	249	false	false	Saccharomyces cerevisiae (strain ATCC 204508 / S288c)	Superoxide dismutase 1 copper chaperone	1:Experimental evidence at protein level	24.90	1.0000	0.9990	0.00000000000000	5	5	5	7	7	7	6.0893208E7	6.0893208E7	6.0893208E7	16C(57.0215),19C(57.0215)		
sp|P40212|RL13B_YEAST	P40212	RL13B_YEAST	RPL13B	199	false	false	Saccharomyces cerevisiae (strain ATCC 204508 / S288c)	60S ribosomal protein L13-B	1:Experimental evidence at protein level	46.73	1.0000	0.9990	0.00000000000000	8	0	8	46	0	46	7.591376E8	0	7.591376E8			sp|Q12690|RL13A_YEAST
sp|P40215|NDH1_YEAST	P40215	NDH1_YEAST	NDE1	560	false	false	Saccharomyces cerevisiae (strain ATCC 204508 / S288c)	External NADH-ubiquinone oxidoreductase 1, mitochondrial	1:Experimental evidence at protein level	11.79	1.0000	0.9990	0.00000000000000	10	9	10	8	7	8	3.1517014E7	3.0876068E7	3.1517014E7			
sp|P40217|EIF3I_YEAST	P40217	EIF3I_YEAST	TIF34	347	false	false	Saccharomyces cerevisiae (strain ATCC 204508 / S288c)	Eukaryotic translation initiation factor 3 subunit I	1:Experimental evidence at protein level	42.07	1.0000	0.9990	0.00000000000000	11	11	11	15	15	15	7.7827928E7	7.7827928E7	7.7827928E7	18C(57.0215),8C(57.0215)		
sp|P40302|PSA6_YEAST	P40302	PSA6_YEAST	PRE5	234	false	false	Saccharomyces cerevisiae (strain ATCC 204508 / S288c)	Proteasome subunit alpha type-6	1:Experimental evidence at protein level	51.71	1.0000	0.9990	0.00000000000000	11	11	11	12	12	12	7.576384E7	7.576384E7	7.576384E7	1C(57.0215),6C(57.0215)		
sp|P40303|PSA4_YEAST	P40303	PSA4_YEAST	PRE6	254	false	false	Saccharomyces cerevisiae (strain ATCC 204508 / S288c)	Proteasome subunit alpha type-4	1:Experimental evidence at protein level	22.05	1.0000	0.9990	0.00000000000000	5	5	5	11	11	11	7.2252656E7	7.2252656E7	7.2252656E7	2C(57.0215),7C(57.0215),2C(57.0215),7C(57.0215),9C(57.0215)		
sp|P40312|CYB5_YEAST	P40312	CYB5_YEAST	CYB5	120	false	false	Saccharomyces cerevisiae (strain ATCC 204508 / S288c)	Cytochrome b5	1:Experimental evidence at protein level	6.67	1.0000	0.9989	0.00000000000000	1	1	1	1	1	1	1.1905803E7	1.1905803E7	1.1905803E7			
sp|P40319|ELO3_YEAST	P40319	ELO3_YEAST	ELO3	345	false	false	Saccharomyces cerevisiae (strain ATCC 204508 / S288c)	Elongation of fatty acids protein 3	1:Experimental evidence at protein level	13.04	1.0000	0.9990	0.00000000000000	4	4	4	5	5	5	1.3375348E8	1.3375348E8	1.3375348E8			
sp|P40327|PRS4_YEAST	P40327	PRS4_YEAST	RPT2	437	false	false	Saccharomyces cerevisiae (strain ATCC 204508 / S288c)	26S proteasome regulatory subunit 4 homolog	1:Experimental evidence at protein level	14.42	1.0000	0.9990	0.00000000000000	8	8	8	7	7	7	6.5671764E7	6.5671764E7	6.5671764E7			
sp|P40364|MPM1_YEAST	P40364	MPM1_YEAST	MPM1	252	false	false	Saccharomyces cerevisiae (strain ATCC 204508 / S288c)	Mitochondrial peculiar membrane protein 1	1:Experimental evidence at protein level	14.29	1.0000	0.9990	0.00000000000000	3	3	3	2	2	2	2.3873594E7	2.3873594E7	2.3873594E7			
sp|P40413|TCPE_YEAST	P40413	TCPE_YEAST	CCT5	562	false	false	Saccharomyces cerevisiae (strain ATCC 204508 / S288c)	T-complex protein 1 subunit epsilon	1:Experimental evidence at protein level	21.89	1.0000	0.9990	0.00000000000000	16	16	16	17	17	17	4.3824608E7	4.3824608E7	4.3824608E7	4C(57.0215),6C(57.0215),7C(57.0215),7C(57.0215)		
sp|P40414|TPM2_YEAST	P40414	TPM2_YEAST	TPM2	161	false	false	Saccharomyces cerevisiae (strain ATCC 204508 / S288c)	Tropomyosin-2	1:Experimental evidence at protein level	49.07	1.0000	0.9990	0.00000000000000	9	9	9	9	9	9	4.9841684E7	4.9841684E7	4.9841684E7			
sp|P40459|PANC_YEAST	P40459	PANC_YEAST	PAN6	309	false	false	Saccharomyces cerevisiae (strain ATCC 204508 / S288c)	Pantoate--beta-alanine ligase	1:Experimental evidence at protein level	5.50	1.0000	0.9990	0.00000000000000	3	2	3	2	1	2	8117066.0	4479875.0	8117066.0			
sp|P40462|TM108_YEAST	P40462	TM108_YEAST	TMA108	946	false	false	Saccharomyces cerevisiae (strain ATCC 204508 / S288c)	Protein TMA108	1:Experimental evidence at protein level	4.76	1.0000	0.9990	0.00000000000000	6	6	6	4	4	4	1.3681988E7	1.3681988E7	1.3681988E7	N-term(42.0106)		
sp|P40471|AYR1_YEAST	P40471	AYR1_YEAST	AYR1	297	false	false	Saccharomyces cerevisiae (strain ATCC 204508 / S288c)	NADPH-dependent 1-acyldihydroxyacetone phosphate reductase	1:Experimental evidence at protein level	11.11	1.0000	0.9990	0.00000000000000	3	3	3	3	3	3	1.9337052E7	1.9337052E7	1.9337052E7			
sp|P40482|SEC24_YEAST	P40482	SEC24_YEAST	SEC24	926	false	false	Saccharomyces cerevisiae (strain ATCC 204508 / S288c)	Protein transport protein SEC24	1:Experimental evidence at protein level	21.60	1.0000	0.9990	0.00000000000000	19	19	19	23	23	23	2.52300608E8	2.52300608E8	2.52300608E8	6C(57.0215)		
sp|P40483|YIK8_YEAST	P40483	YIK8_YEAST	YIL108W	696	false	false	Saccharomyces cerevisiae (strain ATCC 204508 / S288c)	Putative zinc metalloproteinase YIL108W	1:Experimental evidence at protein level	2.44	1.0000	0.9990	0.00000000000000	2	2	2	1	1	1	4789381.0	4789381.0	4789381.0			
sp|P40495|LYS12_YEAST	P40495	LYS12_YEAST	LYS12	371	false	false	Saccharomyces cerevisiae (strain ATCC 204508 / S288c)	Homoisocitrate dehydrogenase, mitochondrial	1:Experimental evidence at protein level	34.77	1.0000	0.9990	0.00000000000000	12	12	12	19	19	19	5.4585416E7	5.4585416E7	5.4585416E7			
sp|P40509|COPE_YEAST	P40509	COPE_YEAST	SEC28	296	false	false	Saccharomyces cerevisiae (strain ATCC 204508 / S288c)	Coatomer subunit epsilon	1:Experimental evidence at protein level	16.55	1.0000	0.9990	0.00000000000000	4	4	4	7	7	7	4.0978952E7	4.0978952E7	4.0978952E7	11C(57.0215)		
sp|P40510|SER33_YEAST	P40510	SER33_YEAST	SER33	469	false	false	Saccharomyces cerevisiae (strain ATCC 204508 / S288c)	D-3-phosphoglycerate dehydrogenase 2	1:Experimental evidence at protein level	28.78	1.0000	0.9990	0.00000000000000	11	3	3	13	3	3	3.958858E7	2.9769404E7	2.9769404E7			
sp|P40513|MAM33_YEAST	P40513	MAM33_YEAST	MAM33	266	false	false	Saccharomyces cerevisiae (strain ATCC 204508 / S288c)	Mitochondrial acidic protein MAM33	1:Experimental evidence at protein level	7.89	1.0000	0.9990	0.00000000000000	3	3	3	2	2	2	2.2949494E7	2.2949494E7	2.2949494E7			
sp|P40518|ARPC5_YEAST	P40518	ARPC5_YEAST	ARC15	154	false	false	Saccharomyces cerevisiae (strain ATCC 204508 / S288c)	Actin-related protein 2/3 complex subunit 5	1:Experimental evidence at protein level	62.34	1.0000	0.9990	0.00000000000000	8	8	8	13	13	13	4.9759744E7	4.9759744E7	4.9759744E7			
sp|P40525|RL34B_YEAST	P40525	RL34B_YEAST	RPL34B	121	false	false	Saccharomyces cerevisiae (strain ATCC 204508 / S288c)	60S ribosomal protein L34-B	1:Experimental evidence at protein level	32.23	1.0000	0.9990	0.00000000000000	5	0	5	15	0	15	6.6710022E8	0	6.6710022E8	1C(57.0215),4C(57.0215),1C(57.0215),4C(57.0215),1C(57.0215),4C(57.0215),1C(57.0215),4C(57.0215)		sp|P87262|RL34A_YEAST
sp|P40531|GVP36_YEAST	P40531	GVP36_YEAST	GVP36	326	false	false	Saccharomyces cerevisiae (strain ATCC 204508 / S288c)	Protein GVP36	1:Experimental evidence at protein level	28.83	1.0000	0.9990	0.00000000000000	9	9	9	15	15	15	1.58438496E8	1.58438496E8	1.58438496E8	8C(57.0215)		
sp|P40540|EMC5_YEAST	P40540	EMC5_YEAST	EMC5	141	false	false	Saccharomyces cerevisiae (strain ATCC 204508 / S288c)	ER membrane protein complex subunit 5	1:Experimental evidence at protein level	15.60	1.0000	0.9990	0.00000000000000	2	2	2	2	2	2	2.5004124E7	2.5004124E7	2.5004124E7			
sp|P40553|DOT5_YEAST	P40553	DOT5_YEAST	DOT5	215	false	false	Saccharomyces cerevisiae (strain ATCC 204508 / S288c)	Peroxiredoxin DOT5	1:Experimental evidence at protein level	15.35	1.0000	0.9990	0.00000000000000	3	3	3	4	4	4	2.4673522E7	2.4673522E7	2.4673522E7			
sp|P40561|SGN1_YEAST	P40561	SGN1_YEAST	SGN1	250	false	false	Saccharomyces cerevisiae (strain ATCC 204508 / S288c)	RNA-binding protein SGN1	1:Experimental evidence at protein level	16.00	1.0000	0.9990	0.00000000000000	3	3	3	3	3	3	1.2537532E7	1.2537532E7	1.2537532E7			
sp|P40580|BZRD_YEAST	P40580	BZRD_YEAST	IRC24	263	false	false	Saccharomyces cerevisiae (strain ATCC 204508 / S288c)	Benzil reductase ((S)-benzoin forming) IRC24	1:Experimental evidence at protein level	21.67	1.0000	0.9990	0.00000000000000	5	5	5	6	6	6	3.2357918E7	3.2357918E7	3.2357918E7			
sp|P40581|GPX3_YEAST	P40581	GPX3_YEAST	HYR1	163	false	false	Saccharomyces cerevisiae (strain ATCC 204508 / S288c)	Glutathione peroxidase-like peroxiredoxin HYR1	1:Experimental evidence at protein level	41.10	1.0000	0.9990	0.00000000000000	6	4	4	12	8	8	1.32222064E8	9.2375136E7	9.2375136E7			
sp|P40582|GST1_YEAST	P40582	GST1_YEAST	GTT1	234	false	false	Saccharomyces cerevisiae (strain ATCC 204508 / S288c)	Glutathione S-transferase 1	1:Experimental evidence at protein level	23.93	1.0000	0.9990	0.00000000000000	5	5	5	7	7	7	5.6047044E7	5.6047044E7	5.6047044E7			
sp|P40825|SYA_YEAST	P40825	SYA_YEAST	ALA1	983	false	false	Saccharomyces cerevisiae (strain ATCC 204508 / S288c)	Alanine--tRNA ligase, mitochondrial	1:Experimental evidence at protein level	32.55	1.0000	0.9990	0.00000000000000	31	31	31	45	45	45	2.75160928E8	2.75160928E8	2.75160928E8	12C(57.0215),15C(57.0215),12C(57.0215),15C(57.0215),5C(57.0215)		
sp|P40893|REE1_YEAST	P40893	REE1_YEAST	REE1	198	false	false	Saccharomyces cerevisiae (strain ATCC 204508 / S288c)	Regulation of enolase protein 1	1:Experimental evidence at protein level	40.40	1.0000	0.9990	0.00000000000000	7	7	7	10	10	10	4.3131072E7	4.3131072E7	4.3131072E7	17C(57.0215)		
sp|P40961|PHB1_YEAST	P40961	PHB1_YEAST	PHB1	287	false	false	Saccharomyces cerevisiae (strain ATCC 204508 / S288c)	Prohibitin-1	1:Experimental evidence at protein level	20.91	1.0000	0.9990	0.00000000000000	7	7	7	8	8	8	4.2651268E7	4.2651268E7	4.2651268E7			
sp|P40970|LCB2_YEAST	P40970	LCB2_YEAST	LCB2	561	false	false	Saccharomyces cerevisiae (strain ATCC 204508 / S288c)	Serine palmitoyltransferase 2	1:Experimental evidence at protein level	16.22	1.0000	0.9990	0.00000000000000	8	8	8	10	10	10	2.5279588E7	2.5279588E7	2.5279588E7	1C(57.0215),1C(57.0215),4C(57.0215),4C(57.0215)		
sp|P40989|FKS2_YEAST	P40989	FKS2_YEAST	GSC2	1895	false	false	Saccharomyces cerevisiae (strain ATCC 204508 / S288c)	1,3-beta-glucan synthase component GSC2	1:Experimental evidence at protein level	12.98	1.0000	0.9990	0.00000000000000	23	10	23	20	9	20	1.65713568E8	1.58574096E8	1.65713568E8	11C(57.0215),1C(57.0215),18C(57.0215)		
sp|P40991|NOP2_YEAST	P40991	NOP2_YEAST	NOP2	618	false	false	Saccharomyces cerevisiae (strain ATCC 204508 / S288c)	25S rRNA (cytosine(2870)-C(5))-methyltransferase	1:Experimental evidence at protein level	4.53	1.0000	0.9990	0.00000000000000	4	4	4	3	3	3	1.7293388E7	1.7293388E7	1.7293388E7			
sp|P41057|RS29A_YEAST	P41057	RS29A_YEAST	RPS29A	56	false	false	Saccharomyces cerevisiae (strain ATCC 204508 / S288c)	40S ribosomal protein S29-A	1:Experimental evidence at protein level	64.29	1.0000	0.9990	0.00000000000000	4	3	3	24	14	14	4.12623104E8	4.12623104E8	4.12623104E8	2C(57.0215),2C(57.0215),6C(57.0215),6C(57.0215)		
sp|P41058|RS29B_YEAST	P41058	RS29B_YEAST	RPS29B	56	false	false	Saccharomyces cerevisiae (strain ATCC 204508 / S288c)	40S ribosomal protein S29-B	1:Experimental evidence at protein level	64.29	1.0000	0.9990	0.00000000000000	4	3	4	25	15	25	2.7159968E8	2.43043744E8	2.7159968E8	2C(57.0215),2C(57.0215),6C(57.0215),N-term(42.0106)		
sp|P41277|GPP1_YEAST	P41277	GPP1_YEAST	GPP1	250	false	false	Saccharomyces cerevisiae (strain ATCC 204508 / S288c)	Glycerol-1-phosphate phosphohydrolase 1	1:Experimental evidence at protein level	48.00	1.0000	0.9990	0.00000000000000	11	7	11	51	39	51	1.1556247E9	7.9202982E8	1.1556247E9	2C(57.0215),2C(57.0215)		
sp|P41338|ERG10_YEAST	P41338	ERG10_YEAST	ERG10	398	false	false	Saccharomyces cerevisiae (strain ATCC 204508 / S288c)	Acetyl-CoA acetyltransferase	1:Experimental evidence at protein level	35.68	1.0000	0.9990	0.00000000000000	11	11	11	22	22	22	1.59769408E8	1.59769408E8	1.59769408E8	2C(57.0215)		
sp|P41543|OST1_YEAST	P41543	OST1_YEAST	OST1	476	false	false	Saccharomyces cerevisiae (strain ATCC 204508 / S288c)	Dolichyl-diphosphooligosaccharide--protein glycosyltransferase subunit 1	1:Experimental evidence at protein level	3.57	1.0000	0.9990	0.00000000000000	4	4	4	2	2	2	2.6945124E7	2.6945124E7	2.6945124E7			
sp|P41805|RL10_YEAST	P41805	RL10_YEAST	RPL10	221	false	false	Saccharomyces cerevisiae (strain ATCC 204508 / S288c)	60S ribosomal protein L10	1:Experimental evidence at protein level	37.56	1.0000	0.9990	0.00000000000000	9	9	9	53	53	53	6.8746086E8	6.8746086E8	6.8746086E8	4C(57.0215),4C(57.0215)		
sp|P41807|VATH_YEAST	P41807	VATH_YEAST	VMA13	478	false	false	Saccharomyces cerevisiae (strain ATCC 204508 / S288c)	V-type proton ATPase subunit H	1:Experimental evidence at protein level	39.33	1.0000	0.9990	0.00000000000000	16	16	16	33	33	33	1.30422656E8	1.30422656E8	1.30422656E8	17C(57.0215),3C(57.0215)		
sp|P41810|COPB_YEAST	P41810	COPB_YEAST	SEC26	973	false	false	Saccharomyces cerevisiae (strain ATCC 204508 / S288c)	Coatomer subunit beta	1:Experimental evidence at protein level	18.50	1.0000	0.9990	0.00000000000000	18	18	18	19	19	19	5.5504368E7	5.5504368E7	5.5504368E7	4C(57.0215)		
sp|P41811|COPB2_YEAST	P41811	COPB2_YEAST	SEC27	889	false	false	Saccharomyces cerevisiae (strain ATCC 204508 / S288c)	Coatomer subunit beta'	1:Experimental evidence at protein level	38.36	1.0000	0.9990	0.00000000000000	25	25	25	36	36	36	9.8682848E7	9.8682848E7	9.8682848E7	1C(57.0215),3C(57.0215),9C(57.0215)		
sp|P41818|GLC8_YEAST	P41818	GLC8_YEAST	GLC8	229	false	false	Saccharomyces cerevisiae (strain ATCC 204508 / S288c)	Protein GLC8	1:Experimental evidence at protein level	24.45	1.0000	0.9990	0.00000000000000	5	5	5	5	5	5	3.063603E7	3.063603E7	3.063603E7			
sp|P41911|GPD2_YEAST	P41911	GPD2_YEAST	GPD2	440	false	false	Saccharomyces cerevisiae (strain ATCC 204508 / S288c)	Glycerol-3-phosphate dehydrogenase [NAD(+)] 2, mitochondrial	1:Experimental evidence at protein level	17.50	1.0000	0.9990	0.00000000000000	6	5	5	11	9	9	4.100356E7	3.4918576E7	3.4918576E7			
sp|P41920|YRB1_YEAST	P41920	YRB1_YEAST	YRB1	201	false	false	Saccharomyces cerevisiae (strain ATCC 204508 / S288c)	Ran-specific GTPase-activating protein 1	1:Experimental evidence at protein level	25.87	1.0000	0.9990	0.00000000000000	4	4	4	12	12	12	6.7168752E7	6.7168752E7	6.7168752E7	N-term(42.0106)		
sp|P41921|GSHR_YEAST	P41921	GSHR_YEAST	GLR1	483	false	false	Saccharomyces cerevisiae (strain ATCC 204508 / S288c)	Glutathione reductase	1:Experimental evidence at protein level	45.34	1.0000	0.9990	0.00000000000000	16	16	16	34	34	34	1.12000008E8	1.12000008E8	1.12000008E8	3C(57.0215),4C(57.0215),6C(57.0215)		
sp|P41940|MPG1_YEAST	P41940	MPG1_YEAST	PSA1	361	false	false	Saccharomyces cerevisiae (strain ATCC 204508 / S288c)	Mannose-1-phosphate guanyltransferase	1:Experimental evidence at protein level	36.29	1.0000	0.9990	0.00000000000000	13	13	13	40	40	40	3.25449504E8	3.25449504E8	3.25449504E8	5C(57.0215)		
sp|P42846|KRI1_YEAST	P42846	KRI1_YEAST	KRI1	591	false	false	Saccharomyces cerevisiae (strain ATCC 204508 / S288c)	Protein KRI1	1:Experimental evidence at protein level	1.69	1.0000	0.9990	0.00000000000000	2	2	2	1	1	1	8041358.0	8041358.0	8041358.0			
sp|P42940|ETFB_YEAST	P42940	ETFB_YEAST	CIR1	261	false	false	Saccharomyces cerevisiae (strain ATCC 204508 / S288c)	Probable electron transfer flavoprotein subunit beta	1:Experimental evidence at protein level	13.41	1.0000	0.9990	0.00000000000000	3	3	3	4	4	4	2.594615E7	2.594615E7	2.594615E7			
sp|P42941|SERB_YEAST	P42941	SERB_YEAST	SER2	309	false	false	Saccharomyces cerevisiae (strain ATCC 204508 / S288c)	Phosphoserine phosphatase	1:Experimental evidence at protein level	11.65	1.0000	0.9990	0.00000000000000	3	3	3	3	3	3	2.3747124E7	2.3747124E7	2.3747124E7	10C(57.0215),5C(57.0215)		
sp|P42942|YG4I_YEAST	P42942	YG4I_YEAST	YGR210C	411	false	false	Saccharomyces cerevisiae (strain ATCC 204508 / S288c)	Uncharacterized GTP-binding protein YGR210C	1:Experimental evidence at protein level	1.70	1.0000	0.9990	0.00000000000000	2	2	2	1	1	1	5019819.5	5019819.5	5019819.5			
sp|P42943|TCPH_YEAST	P42943	TCPH_YEAST	CCT7	550	false	false	Saccharomyces cerevisiae (strain ATCC 204508 / S288c)	T-complex protein 1 subunit eta	1:Experimental evidence at protein level	17.45	1.0000	0.9990	0.00000000000000	10	10	10	12	12	12	5.6255748E7	5.6255748E7	5.6255748E7	7C(57.0215)		
sp|P43123|UAP1_YEAST	P43123	UAP1_YEAST	QRI1	477	false	false	Saccharomyces cerevisiae (strain ATCC 204508 / S288c)	UDP-N-acetylglucosamine pyrophosphorylase	1:Experimental evidence at protein level	14.05	1.0000	0.9990	0.00000000000000	9	9	9	6	6	6	3.084744E7	3.084744E7	3.084744E7	2C(57.0215),5C(57.0215)		
sp|P43535|GCN20_YEAST	P43535	GCN20_YEAST	GCN20	752	false	false	Saccharomyces cerevisiae (strain ATCC 204508 / S288c)	Protein GCN20	1:Experimental evidence at protein level	12.37	1.0000	0.9990	0.00000000000000	10	10	10	14	14	14	3.0868264E7	3.0868264E7	3.0868264E7			
sp|P43555|EMP47_YEAST	P43555	EMP47_YEAST	EMP47	445	false	false	Saccharomyces cerevisiae (strain ATCC 204508 / S288c)	Protein EMP47	1:Experimental evidence at protein level	8.99	1.0000	0.9990	0.00000000000000	5	5	5	3	3	3	2.5071524E7	2.5071524E7	2.5071524E7	9C(57.0215)		
sp|P43577|GNA1_YEAST	P43577	GNA1_YEAST	GNA1	159	false	false	Saccharomyces cerevisiae (strain ATCC 204508 / S288c)	Glucosamine 6-phosphate N-acetyltransferase	1:Experimental evidence at protein level	10.06	1.0000	0.9990	0.00000000000000	2	2	2	2	2	2	2.850465E7	2.850465E7	2.850465E7	5C(57.0215)		
sp|P43582|WWM1_YEAST	P43582	WWM1_YEAST	WWM1	211	false	false	Saccharomyces cerevisiae (strain ATCC 204508 / S288c)	WW domain-containing protein WWM1	1:Experimental evidence at protein level	43.60	1.0000	0.9990	0.00000000000000	5	5	5	7	7	7	8.0735344E7	8.0735344E7	8.0735344E7			
sp|P43585|VTC2_YEAST	P43585	VTC2_YEAST	VTC2	828	false	false	Saccharomyces cerevisiae (strain ATCC 204508 / S288c)	Vacuolar transporter chaperone complex subunit 2	1:Experimental evidence at protein level	23.07	1.0000	0.9990	0.00000000000000	19	17	17	19	16	16	4.3595392E7	4.0980452E7	4.0980452E7			
sp|P43588|RPN11_YEAST	P43588	RPN11_YEAST	RPN11	306	false	false	Saccharomyces cerevisiae (strain ATCC 204508 / S288c)	Ubiquitin carboxyl-terminal hydrolase RPN11	1:Experimental evidence at protein level	29.41	1.0000	0.9990	0.00000000000000	10	10	10	11	11	11	4.8435368E7	4.8435368E7	4.8435368E7			
sp|P43590|YFH6_YEAST	P43590	YFH6_YEAST	YFR006W	535	false	false	Saccharomyces cerevisiae (strain ATCC 204508 / S288c)	Uncharacterized peptidase YFR006W	1:Experimental evidence at protein level	11.03	1.0000	0.9990	0.00000000000000	6	6	6	5	5	5	1.9211254E7	1.9211254E7	1.9211254E7	11C(57.0215),14C(57.0215),8C(57.0215),9C(57.0215)		
sp|P43593|UBP6_YEAST	P43593	UBP6_YEAST	UBP6	499	false	false	Saccharomyces cerevisiae (strain ATCC 204508 / S288c)	Ubiquitin carboxyl-terminal hydrolase 6	1:Experimental evidence at protein level	19.84	1.0000	0.9990	0.00000000000000	9	9	9	9	9	9	5.1166944E7	5.1166944E7	5.1166944E7	1C(57.0215)		
sp|P43598|IGD1_YEAST	P43598	IGD1_YEAST	IGD1	195	false	false	Saccharomyces cerevisiae (strain ATCC 204508 / S288c)	Inhibitor of glycogen debranching 1	1:Experimental evidence at protein level	12.31	1.0000	0.9990	0.00000000000000	3	3	3	2	2	2	1.2496504E7	1.2496504E7	1.2496504E7			
sp|P43603|LSB3_YEAST	P43603	LSB3_YEAST	LSB3	459	false	false	Saccharomyces cerevisiae (strain ATCC 204508 / S288c)	LAS seventeen-binding protein 3	1:Experimental evidence at protein level	27.45	1.0000	0.9990	0.00000000000000	12	7	12	15	8	15	5.100124E7	4.4467144E7	5.100124E7	6C(57.0215)		
sp|P43609|RSC8_YEAST	P43609	RSC8_YEAST	RSC8	557	false	false	Saccharomyces cerevisiae (strain ATCC 204508 / S288c)	Chromatin structure-remodeling complex protein RSC8	1:Experimental evidence at protein level	11.13	1.0000	0.9990	0.00000000000000	6	6	6	5	5	5	1.3192185E7	1.3192185E7	1.3192185E7	5C(57.0215)		
sp|P43616|DUG1_YEAST	P43616	DUG1_YEAST	DUG1	481	false	false	Saccharomyces cerevisiae (strain ATCC 204508 / S288c)	Cys-Gly metallodipeptidase DUG1	1:Experimental evidence at protein level	45.53	1.0000	0.9990	0.00000000000000	19	18	19	48	45	48	2.17783072E8	2.17783072E8	2.17783072E8	13C(57.0215),N-term(42.0106)		
sp|P43619|NADC_YEAST	P43619	NADC_YEAST	BNA6	295	false	false	Saccharomyces cerevisiae (strain ATCC 204508 / S288c)	Nicotinate-nucleotide pyrophosphorylase [carboxylating]	1:Experimental evidence at protein level	25.42	1.0000	0.9990	0.00000000000000	7	7	7	8	8	8	2.2691226E7	2.2691226E7	2.2691226E7	6C(57.0215),8C(57.0215)		
sp|P43621|COPD_YEAST	P43621	COPD_YEAST	RET2	546	false	false	Saccharomyces cerevisiae (strain ATCC 204508 / S288c)	Coatomer subunit delta	1:Experimental evidence at protein level	8.06	1.0000	0.9990	0.00000000000000	5	5	5	5	5	5	4.027248E7	4.027248E7	4.027248E7			
sp|P43639|CSK2B_YEAST	P43639	CSK2B_YEAST	CKB1	278	false	false	Saccharomyces cerevisiae (strain ATCC 204508 / S288c)	Casein kinase II subunit beta	1:Experimental evidence at protein level	12.23	1.0000	0.9990	0.00000000000000	4	4	4	4	4	4	1.3679491E7	1.3679491E7	1.3679491E7	5C(57.0215)		
sp|P45978|SCD6_YEAST	P45978	SCD6_YEAST	SCD6	349	false	false	Saccharomyces cerevisiae (strain ATCC 204508 / S288c)	Protein SCD6	1:Experimental evidence at protein level	5.44	1.0000	0.9990	0.00000000000000	3	3	3	2	2	2	2.0086668E7	2.0086668E7	2.0086668E7			
sp|P46367|ALDH4_YEAST	P46367	ALDH4_YEAST	ALD4	519	false	false	Saccharomyces cerevisiae (strain ATCC 204508 / S288c)	Potassium-activated aldehyde dehydrogenase, mitochondrial	1:Experimental evidence at protein level	51.45	1.0000	0.9990	0.00000000000000	20	20	20	48	48	48	2.09420736E8	2.09420736E8	2.09420736E8	14C(57.0215),14C(57.0215)		
sp|P46654|RSSA2_YEAST	P46654	RSSA2_YEAST	RPS0B	252	false	false	Saccharomyces cerevisiae (strain ATCC 204508 / S288c)	40S ribosomal protein S0-B	1:Experimental evidence at protein level	49.21	1.0000	0.9990	0.00000000000000	9	2	9	52	4	52	9.659127E8	5.773498E7	9.659127E8			
sp|P46655|SYEC_YEAST	P46655	SYEC_YEAST	GUS1	708	false	false	Saccharomyces cerevisiae (strain ATCC 204508 / S288c)	Glutamate--tRNA ligase, cytoplasmic	1:Experimental evidence at protein level	43.08	1.0000	0.9990	0.00000000000000	31	31	31	75	75	75	2.29133456E8	2.29133456E8	2.29133456E8	3C(57.0215),5C(57.0215),5C(57.0215),8C(57.0215)		
sp|P46669|RPA43_YEAST	P46669	RPA43_YEAST	RPA43	326	false	false	Saccharomyces cerevisiae (strain ATCC 204508 / S288c)	DNA-directed RNA polymerase I subunit RPA43	1:Experimental evidence at protein level	6.44	1.0000	0.9990	0.00000000000000	2	2	2	2	2	2	1.3609662E7	1.3609662E7	1.3609662E7			
sp|P46672|ARC1_YEAST	P46672	ARC1_YEAST	ARC1	376	false	false	Saccharomyces cerevisiae (strain ATCC 204508 / S288c)	tRNA-aminoacylation cofactor ARC1	1:Experimental evidence at protein level	42.55	1.0000	0.9990	0.00000000000000	17	17	17	31	31	31	1.4899464E8	1.4899464E8	1.4899464E8	6C(57.0215),7C(57.0215)		
sp|P46680|AIP1_YEAST	P46680	AIP1_YEAST	AIP1	615	false	false	Saccharomyces cerevisiae (strain ATCC 204508 / S288c)	Actin-interacting protein 1	1:Experimental evidence at protein level	22.11	1.0000	0.9990	0.00000000000000	12	12	12	14	14	14	4.041912E7	4.041912E7	4.041912E7	19C(57.0215),1C(57.0215),22C(57.0215),3C(57.0215),6C(57.0215)		
sp|P46683|YAR1_YEAST	P46683	YAR1_YEAST	YAR1	200	false	false	Saccharomyces cerevisiae (strain ATCC 204508 / S288c)	Ankyrin repeat-containing protein YAR1	1:Experimental evidence at protein level	15.50	1.0000	0.9990	0.00000000000000	3	3	3	3	3	3	1.2579054E7	1.2579054E7	1.2579054E7			
sp|P46956|PHO86_YEAST	P46956	PHO86_YEAST	PHO86	311	false	false	Saccharomyces cerevisiae (strain ATCC 204508 / S288c)	Inorganic phosphate transporter PHO86	1:Experimental evidence at protein level	15.11	1.0000	0.9990	0.00000000000000	5	5	5	6	6	6	4.9585016E7	4.9585016E7	4.9585016E7			
sp|P46969|RPE_YEAST	P46969	RPE_YEAST	RPE1	238	false	false	Saccharomyces cerevisiae (strain ATCC 204508 / S288c)	Ribulose-phosphate 3-epimerase	1:Experimental evidence at protein level	17.65	1.0000	0.9990	0.00000000000000	3	3	3	5	5	5	2.1777064E7	2.1777064E7	2.1777064E7	1C(57.0215)		
sp|P46971|PMT4_YEAST	P46971	PMT4_YEAST	PMT4	762	false	false	Saccharomyces cerevisiae (strain ATCC 204508 / S288c)	Dolichyl-phosphate-mannose--protein mannosyltransferase 4	1:Experimental evidence at protein level	1.44	1.0000	0.9990	0.00000000000000	5	5	5	1	1	1	1.6374427E7	1.6374427E7	1.6374427E7			
sp|P46985|MNN11_YEAST	P46985	MNN11_YEAST	MNN11	422	false	false	Saccharomyces cerevisiae (strain ATCC 204508 / S288c)	Probable alpha-1,6-mannosyltransferase MNN11	1:Experimental evidence at protein level	7.58	1.0000	0.9990	0.00000000000000	3	3	3	3	3	3	1.325723E7	1.325723E7	1.325723E7			
sp|P46989|ATG27_YEAST	P46989	ATG27_YEAST	ATG27	271	false	false	Saccharomyces cerevisiae (strain ATCC 204508 / S288c)	Autophagy-related protein 27	1:Experimental evidence at protein level	7.01	1.0000	0.9990	0.00000000000000	3	3	3	2	2	2	1.8368114E7	1.8368114E7	1.8368114E7	17C(57.0215),6C(57.0215),5C(57.0215)		
sp|P46992|YJR1_YEAST	P46992	YJR1_YEAST	YJL171C	396	false	false	Saccharomyces cerevisiae (strain ATCC 204508 / S288c)	Cell wall protein YJL171C	1:Experimental evidence at protein level	7.32	1.0000	0.9990	0.00000000000000	5	5	5	5	5	5	4.1221368E7	4.1221368E7	4.1221368E7			
sp|P47008|SFH5_YEAST	P47008	SFH5_YEAST	SFH5	294	false	false	Saccharomyces cerevisiae (strain ATCC 204508 / S288c)	Phosphatidylinositol transfer protein SFH5	1:Experimental evidence at protein level	20.07	1.0000	0.9990	0.00000000000000	5	5	5	5	5	5	2.7115082E7	2.7115082E7	2.7115082E7			
sp|P47017|LSM1_YEAST	P47017	LSM1_YEAST	LSM1	172	false	false	Saccharomyces cerevisiae (strain ATCC 204508 / S288c)	Sm-like protein LSm1	1:Experimental evidence at protein level	32.56	1.0000	0.9990	0.00000000000000	4	4	4	4	4	4	9433753.0	9433753.0	9433753.0	13C(57.0215)		
sp|P47018|MTC1_YEAST	P47018	MTC1_YEAST	MTC1	478	false	false	Saccharomyces cerevisiae (strain ATCC 204508 / S288c)	Maintenance of telomere capping protein 1	1:Experimental evidence at protein level	16.53	1.0000	0.9990	0.00000000000000	8	8	8	9	9	9	4.3386376E7	4.3386376E7	4.3386376E7			
sp|P47035|NET1_YEAST	P47035	NET1_YEAST	NET1	1189	false	false	Saccharomyces cerevisiae (strain ATCC 204508 / S288c)	Nucleolar protein NET1	1:Experimental evidence at protein level	1.68	1.0000	0.9990	0.00000000000000	3	3	3	3	3	3	6.2982288E7	6.2982288E7	6.2982288E7			
sp|P47039|BNA3_YEAST	P47039	BNA3_YEAST	BNA3	444	false	false	Saccharomyces cerevisiae (strain ATCC 204508 / S288c)	Probable kynurenine--oxoglutarate transaminase BNA3	1:Experimental evidence at protein level	7.88	1.0000	0.9990	0.00000000000000	4	4	4	3	3	3	6.467668E7	6.467668E7	6.467668E7			
sp|P47044|YJF5_YEAST	P47044	YJF5_YEAST	YJL055W	245	false	false	Saccharomyces cerevisiae (strain ATCC 204508 / S288c)	LOG family protein YJL055W	1:Experimental evidence at protein level	17.96	1.0000	0.9990	0.00000000000000	3	3	3	4	4	4	3.2519758E7	3.2519758E7	3.2519758E7			
sp|P47068|BBC1_YEAST	P47068	BBC1_YEAST	BBC1	1157	false	false	Saccharomyces cerevisiae (strain ATCC 204508 / S288c)	Myosin tail region-interacting protein MTI1	1:Experimental evidence at protein level	21.87	1.0000	0.9990	0.00000000000000	27	27	27	26	26	26	6.434698E7	6.434698E7	6.434698E7			
sp|P47075|VTC4_YEAST	P47075	VTC4_YEAST	VTC4	721	false	false	Saccharomyces cerevisiae (strain ATCC 204508 / S288c)	Vacuolar transporter chaperone complex subunit 4	1:Experimental evidence at protein level	24.83	1.0000	0.9990	0.00000000000000	22	22	22	33	33	33	8.3365232E7	8.3365232E7	8.3365232E7	8C(57.0215)		
sp|P47079|TCPQ_YEAST	P47079	TCPQ_YEAST	CCT8	568	false	false	Saccharomyces cerevisiae (strain ATCC 204508 / S288c)	T-complex protein 1 subunit theta	1:Experimental evidence at protein level	19.01	1.0000	0.9990	0.00000000000000	10	10	10	16	16	16	6.1681144E7	6.1681144E7	6.1681144E7			
sp|P47089|DENR_YEAST	P47089	DENR_YEAST	TMA22	198	false	false	Saccharomyces cerevisiae (strain ATCC 204508 / S288c)	Translation machinery-associated protein 22	1:Experimental evidence at protein level	26.26	1.0000	0.9990	0.00000000000000	4	4	4	5	5	5	3.5202052E7	3.5202052E7	3.5202052E7	15C(57.0215),5C(57.0215),8C(57.0215),5C(57.0215)		
sp|P47096|3HAO_YEAST	P47096	3HAO_YEAST	BNA1	177	false	false	Saccharomyces cerevisiae (strain ATCC 204508 / S288c)	3-hydroxyanthranilate 3,4-dioxygenase	1:Experimental evidence at protein level	15.25	1.0000	0.9990	0.00000000000000	2	2	2	2	2	2	1.3272606E7	1.3272606E7	1.3272606E7	14C(57.0215)		
sp|P47116|PTK2_YEAST	P47116	PTK2_YEAST	PTK2	818	false	false	Saccharomyces cerevisiae (strain ATCC 204508 / S288c)	Serine/threonine-protein kinase PTK2/STK2	1:Experimental evidence at protein level	4.16	1.0000	0.9990	0.00000000000000	2	2	2	2	2	2	1.3775866E7	1.3775866E7	1.3775866E7			
sp|P47117|ARP3_YEAST	P47117	ARP3_YEAST	ARP3	449	false	false	Saccharomyces cerevisiae (strain ATCC 204508 / S288c)	Actin-related protein 3	1:Experimental evidence at protein level	21.83	1.0000	0.9990	0.00000000000000	9	9	9	18	18	18	5.41672E7	5.41672E7	5.41672E7			
sp|P47119|ITPA_YEAST	P47119	ITPA_YEAST	HAM1	197	false	false	Saccharomyces cerevisiae (strain ATCC 204508 / S288c)	Inosine triphosphate pyrophosphatase	1:Experimental evidence at protein level	10.15	1.0000	0.9990	0.00000000000000	3	3	3	2	2	2	3.5362256E7	3.5362256E7	3.5362256E7			
sp|P47120|DOHH_YEAST	P47120	DOHH_YEAST	LIA1	325	false	false	Saccharomyces cerevisiae (strain ATCC 204508 / S288c)	Deoxyhypusine hydroxylase	1:Experimental evidence at protein level	19.08	1.0000	0.9990	0.00000000000000	9	9	9	8	8	8	5.742966E7	5.742966E7	5.742966E7	9C(57.0215)		
sp|P47122|GPN1_YEAST	P47122	GPN1_YEAST	NPA3	385	false	false	Saccharomyces cerevisiae (strain ATCC 204508 / S288c)	GPN-loop GTPase 1	1:Experimental evidence at protein level	10.13	1.0000	0.9990	0.00000000000000	3	3	3	3	3	3	1.8451692E7	1.8451692E7	1.8451692E7			
sp|P47133|EMC2_YEAST	P47133	EMC2_YEAST	EMC2	292	false	false	Saccharomyces cerevisiae (strain ATCC 204508 / S288c)	ER membrane protein complex subunit 2	1:Experimental evidence at protein level	6.51	1.0000	0.9990	0.00000000000000	2	2	2	2	2	2	1.1958141E7	1.1958141E7	1.1958141E7			
sp|P47135|JSN1_YEAST	P47135	JSN1_YEAST	JSN1	1091	false	false	Saccharomyces cerevisiae (strain ATCC 204508 / S288c)	Protein JSN1	1:Experimental evidence at protein level	2.57	1.0000	0.9990	0.00000000000000	3	2	3	2	1	2	7306206.0	3958403.0	7306206.0			
sp|P47143|ADK_YEAST	P47143	ADK_YEAST	ADO1	340	false	false	Saccharomyces cerevisiae (strain ATCC 204508 / S288c)	Adenosine kinase	1:Experimental evidence at protein level	33.82	1.0000	0.9990	0.00000000000000	9	8	9	21	19	21	2.18779664E8	2.18779664E8	2.18779664E8	1C(57.0215)		
sp|P47154|STE24_YEAST	P47154	STE24_YEAST	STE24	453	false	false	Saccharomyces cerevisiae (strain ATCC 204508 / S288c)	CAAX prenyl protease 1	1:Experimental evidence at protein level	19.43	1.0000	0.9990	0.00000000000000	8	8	8	9	9	9	4.1470852E7	4.1470852E7	4.1470852E7			
sp|P47160|ENT3_YEAST	P47160	ENT3_YEAST	ENT3	408	false	false	Saccharomyces cerevisiae (strain ATCC 204508 / S288c)	Epsin-3	1:Experimental evidence at protein level	8.82	1.0000	0.9990	0.00000000000000	5	5	5	4	4	4	2.51966E7	2.51966E7	2.51966E7			
sp|P47165|XPT1_YEAST	P47165	XPT1_YEAST	XPT1	209	false	false	Saccharomyces cerevisiae (strain ATCC 204508 / S288c)	Xanthine phosphoribosyltransferase 1	1:Experimental evidence at protein level	18.66	1.0000	0.9990	0.00000000000000	3	3	3	3	3	3	1.6185683E7	1.6185683E7	1.6185683E7			
sp|P47176|BCA2_YEAST	P47176	BCA2_YEAST	BAT2	376	false	false	Saccharomyces cerevisiae (strain ATCC 204508 / S288c)	Branched-chain-amino-acid aminotransferase, cytosolic	1:Experimental evidence at protein level	31.12	1.0000	0.9990	0.00000000000000	12	10	12	13	12	13	7.8961552E7	5.165456E7	7.8961552E7	1C(57.0215),8C(57.0215)		
sp|P47771|ALDH2_YEAST	P47771	ALDH2_YEAST	ALD2	506	false	false	Saccharomyces cerevisiae (strain ATCC 204508 / S288c)	Aldehyde dehydrogenase [NAD(P)+] 1	1:Experimental evidence at protein level	9.29	1.0000	0.9990	0.00000000000000	4	0	4	5	0	5	2.411652E7	0	2.411652E7			sp|P54114|ALDH3_YEAST
sp|P47912|LCF4_YEAST	P47912	LCF4_YEAST	FAA4	694	false	false	Saccharomyces cerevisiae (strain ATCC 204508 / S288c)	Long-chain-fatty-acid--CoA ligase 4	1:Experimental evidence at protein level	11.38	1.0000	0.9990	0.00000000000000	7	6	6	7	6	6	3.3641968E7	3.3641968E7	3.3641968E7	5C(57.0215)		
sp|P48015|GCST_YEAST	P48015	GCST_YEAST	GCV1	400	false	false	Saccharomyces cerevisiae (strain ATCC 204508 / S288c)	Aminomethyltransferase, mitochondrial	1:Experimental evidence at protein level	32.25	1.0000	0.9990	0.00000000000000	12	12	12	17	17	17	5.3828628E7	5.3828628E7	5.3828628E7	17C(57.0215),17C(57.0215)		
sp|P48164|RS7B_YEAST	P48164	RS7B_YEAST	RPS7B	190	false	false	Saccharomyces cerevisiae (strain ATCC 204508 / S288c)	40S ribosomal protein S7-B	1:Experimental evidence at protein level	38.95	1.0000	0.9990	0.00000000000000	8	4	8	27	8	27	4.8723872E8	9.8251768E7	4.8723872E8			
sp|P48365|GYP7_YEAST	P48365	GYP7_YEAST	GYP7	746	false	false	Saccharomyces cerevisiae (strain ATCC 204508 / S288c)	GTPase-activating protein GYP7	1:Experimental evidence at protein level	3.22	1.0000	0.9990	0.00000000000000	3	3	3	3	3	3	8896075.0	8896075.0	8896075.0			
sp|P48415|SEC16_YEAST	P48415	SEC16_YEAST	SEC16	2195	false	false	Saccharomyces cerevisiae (strain ATCC 204508 / S288c)	COPII coat assembly protein SEC16	1:Experimental evidence at protein level	2.37	1.0000	0.9990	0.00000000000000	6	6	6	5	5	5	1.5005782E7	1.5005782E7	1.5005782E7			
sp|P48439|OST3_YEAST	P48439	OST3_YEAST	OST3	350	false	false	Saccharomyces cerevisiae (strain ATCC 204508 / S288c)	Dolichyl-diphosphooligosaccharide--protein glycosyltransferase subunit 3	1:Experimental evidence at protein level	9.14	1.0000	0.9990	0.00000000000000	3	3	3	3	3	3	1.1480544E7	1.1480544E7	1.1480544E7			
sp|P48510|DSK2_YEAST	P48510	DSK2_YEAST	DSK2	373	false	false	Saccharomyces cerevisiae (strain ATCC 204508 / S288c)	Ubiquitin domain-containing protein DSK2	1:Experimental evidence at protein level	24.93	1.0000	0.9990	0.00000000000000	6	6	6	7	7	7	4.9186372E7	4.9186372E7	4.9186372E7			
sp|P48570|HOSC_YEAST	P48570	HOSC_YEAST	LYS20	428	false	false	Saccharomyces cerevisiae (strain ATCC 204508 / S288c)	Homocitrate synthase, cytosolic isozyme	1:Experimental evidence at protein level	36.92	1.0000	0.9990	0.00000000000000	16	2	2	21	2	2	1.01754592E8	1.6750182E7	1.6750182E7			
sp|P48589|RS12_YEAST	P48589	RS12_YEAST	RPS12	143	false	false	Saccharomyces cerevisiae (strain ATCC 204508 / S288c)	40S ribosomal protein S12	1:Experimental evidence at protein level	46.15	1.0000	0.9990	0.00000000000000	6	6	6	23	23	23	6.2547021E8	6.2547021E8	6.2547021E8			
sp|P48606|TBCA_YEAST	P48606	TBCA_YEAST	RBL2	106	false	false	Saccharomyces cerevisiae (strain ATCC 204508 / S288c)	Tubulin-specific chaperone A	1:Experimental evidence at protein level	18.87	1.0000	0.9990	0.00000000000000	2	2	2	2	2	2	1.9944056E7	1.9944056E7	1.9944056E7			
sp|P48813|GNP1_YEAST	P48813	GNP1_YEAST	GNP1	663	false	false	Saccharomyces cerevisiae (strain ATCC 204508 / S288c)	High-affinity glutamine permease	1:Experimental evidence at protein level	2.41	1.0000	0.9990	0.00000000000000	5	5	5	3	3	3	6.919136E7	6.919136E7	6.919136E7			
sp|P48836|VATG_YEAST	P48836	VATG_YEAST	VMA10	114	false	false	Saccharomyces cerevisiae (strain ATCC 204508 / S288c)	V-type proton ATPase subunit G	1:Experimental evidence at protein level	43.86	1.0000	0.9990	0.00000000000000	5	5	5	20	20	20	2.02499776E8	2.02499776E8	2.02499776E8			
sp|P49017|COQ5_YEAST	P49017	COQ5_YEAST	COQ5	307	false	false	Saccharomyces cerevisiae (strain ATCC 204508 / S288c)	2-methoxy-6-polyprenyl-1,4-benzoquinol methylase, mitochondrial	1:Experimental evidence at protein level	7.49	1.0000	0.9990	0.00000000000000	2	2	2	3	3	3	4676139.5	4676139.5	4676139.5			
sp|P49089|ASNS1_YEAST	P49089	ASNS1_YEAST	ASN1	572	false	false	Saccharomyces cerevisiae (strain ATCC 204508 / S288c)	Asparagine synthetase [glutamine-hydrolyzing] 1	1:Experimental evidence at protein level	34.27	1.0000	0.9990	0.00000000000000	20	14	14	52	34	34	2.50142192E8	1.37317216E8	1.37317216E8	14C(57.0215),3C(57.0215),1C(57.0215),6C(57.0215)		
sp|P49090|ASNS2_YEAST	P49090	ASNS2_YEAST	ASN2	572	false	false	Saccharomyces cerevisiae (strain ATCC 204508 / S288c)	Asparagine synthetase [glutamine-hydrolyzing] 2	1:Experimental evidence at protein level	37.94	1.0000	0.9990	0.00000000000000	18	12	18	66	48	66	4.10019712E8	3.38147776E8	4.10019712E8	1C(57.0215),6C(57.0215),3C(57.0215),5C(57.0215),7C(57.0215),7C(57.0215),7C(57.0215)		
sp|P49095|GCSP_YEAST	P49095	GCSP_YEAST	GCV2	1034	false	false	Saccharomyces cerevisiae (strain ATCC 204508 / S288c)	Glycine dehydrogenase (decarboxylating), mitochondrial	1:Experimental evidence at protein level	19.44	1.0000	0.9990	0.00000000000000	16	16	16	16	16	16	3.4485076E7	3.4485076E7	3.4485076E7	2C(57.0215),3C(57.0215),3C(57.0215),6C(57.0215),7C(57.0215)		
sp|P49166|RL37A_YEAST	P49166	RL37A_YEAST	RPL37A	88	false	false	Saccharomyces cerevisiae (strain ATCC 204508 / S288c)	60S ribosomal protein L37-A	1:Experimental evidence at protein level	47.73	1.0000	0.9990	0.00000000000000	5	3	5	19	12	19	2.07469168E8	1.09345344E8	2.07469168E8	2C(57.0215),5C(57.0215),2C(57.0215),5C(57.0215),5C(57.0215)		
sp|P49167|RL38_YEAST	P49167	RL38_YEAST	RPL38	78	false	false	Saccharomyces cerevisiae (strain ATCC 204508 / S288c)	60S ribosomal protein L38	1:Experimental evidence at protein level	41.03	1.0000	0.9990	0.00000000000000	3	3	3	25	25	25	2.61201792E8	2.61201792E8	2.61201792E8			
sp|P49334|TOM22_YEAST	P49334	TOM22_YEAST	TOM22	152	false	false	Saccharomyces cerevisiae (strain ATCC 204508 / S288c)	Mitochondrial import receptor subunit TOM22	1:Experimental evidence at protein level	29.61	1.0000	0.9990	0.00000000000000	4	4	4	5	5	5	5.3343252E7	5.3343252E7	5.3343252E7			
sp|P49435|APT1_YEAST	P49435	APT1_YEAST	APT1	187	false	false	Saccharomyces cerevisiae (strain ATCC 204508 / S288c)	Adenine phosphoribosyltransferase 1	1:Experimental evidence at protein level	20.86	1.0000	0.9990	0.00000000000000	4	4	4	7	7	7	4.0391148E7	4.0391148E7	4.0391148E7			
sp|P49723|RIR4_YEAST	P49723	RIR4_YEAST	RNR4	345	false	false	Saccharomyces cerevisiae (strain ATCC 204508 / S288c)	Ribonucleoside-diphosphate reductase small chain 2	1:Experimental evidence at protein level	36.23	1.0000	0.9990	0.00000000000000	12	12	12	42	42	42	4.81034176E8	4.81034176E8	4.81034176E8	8C(57.0215),N-term(42.0106)		
sp|P49954|NIT3_YEAST	P49954	NIT3_YEAST	NIT3	291	false	false	Saccharomyces cerevisiae (strain ATCC 204508 / S288c)	Omega-amidase NIT3	1:Experimental evidence at protein level	16.84	1.0000	0.9990	0.00000000000000	4	4	4	5	5	5	2.2503218E7	2.2503218E7	2.2503218E7	7C(57.0215)		
sp|P50085|PHB2_YEAST	P50085	PHB2_YEAST	PHB2	310	false	false	Saccharomyces cerevisiae (strain ATCC 204508 / S288c)	Prohibitin-2	1:Experimental evidence at protein level	25.16	1.0000	0.9990	0.00000000000000	7	7	7	10	10	10	2.7911016E7	2.7911016E7	2.7911016E7			
sp|P50086|PSD10_YEAST	P50086	PSD10_YEAST	NAS6	228	false	false	Saccharomyces cerevisiae (strain ATCC 204508 / S288c)	Probable 26S proteasome regulatory subunit p28	1:Experimental evidence at protein level	15.79	1.0000	0.9990	0.00000000000000	4	4	4	4	4	4	2.7756974E7	2.7756974E7	2.7756974E7	6C(57.0215)		
sp|P50094|IMDH4_YEAST	P50094	IMDH4_YEAST	IMD4	524	false	false	Saccharomyces cerevisiae (strain ATCC 204508 / S288c)	Inosine-5'-monophosphate dehydrogenase 4	1:Experimental evidence at protein level	18.70	1.0000	0.9990	0.00000000000000	7	2	2	13	2	2	1.11645152E8	1.4122552E7	1.4122552E7	4C(57.0215)		
sp|P50095|IMDH3_YEAST	P50095	IMDH3_YEAST	IMD3	523	false	false	Saccharomyces cerevisiae (strain ATCC 204508 / S288c)	Inosine-5'-monophosphate dehydrogenase 3	1:Experimental evidence at protein level	31.36	1.0000	0.9990	0.00000000000000	12	4	12	19	4	19	1.39831328E8	1.188036E8	1.39831328E8	10C(57.0215),20C(57.0215),4C(57.0215)		
sp|P50101|UBP15_YEAST	P50101	UBP15_YEAST	UBP15	1230	false	false	Saccharomyces cerevisiae (strain ATCC 204508 / S288c)	Ubiquitin carboxyl-terminal hydrolase 15	1:Experimental evidence at protein level	5.12	1.0000	0.9990	0.00000000000000	4	4	4	4	4	4	2.1233274E7	2.1233274E7	2.1233274E7			
sp|P50107|LGUL_YEAST	P50107	LGUL_YEAST	GLO1	326	false	false	Saccharomyces cerevisiae (strain ATCC 204508 / S288c)	Glyoxalase I	1:Experimental evidence at protein level	11.04	1.0000	0.9990	0.00000000000000	4	4	4	3	3	3	2.6429528E7	2.6429528E7	2.6429528E7	13C(57.0215),2C(57.0215)		
sp|P50109|PSP2_YEAST	P50109	PSP2_YEAST	PSP2	593	false	false	Saccharomyces cerevisiae (strain ATCC 204508 / S288c)	Protein PSP2	1:Experimental evidence at protein level	4.22	1.0000	0.9990	0.00000000000000	4	4	4	3	3	3	2.1619276E7	2.1619276E7	2.1619276E7			
sp|P50623|UBC9_YEAST	P50623	UBC9_YEAST	UBC9	157	false	false	Saccharomyces cerevisiae (strain ATCC 204508 / S288c)	SUMO-conjugating enzyme UBC9	1:Experimental evidence at protein level	32.48	1.0000	0.9990	0.00000000000000	3	3	3	2	2	2	1.4626168E7	1.4626168E7	1.4626168E7			
sp|P50861|RIB4_YEAST	P50861	RIB4_YEAST	RIB4	169	false	false	Saccharomyces cerevisiae (strain ATCC 204508 / S288c)	6,7-dimethyl-8-ribityllumazine synthase	1:Experimental evidence at protein level	23.67	1.0000	0.9990	0.00000000000000	5	5	5	12	12	12	1.01088296E8	1.01088296E8	1.01088296E8			
sp|P51402|RL37B_YEAST	P51402	RL37B_YEAST	RPL37B	88	false	false	Saccharomyces cerevisiae (strain ATCC 204508 / S288c)	60S ribosomal protein L37-B	1:Experimental evidence at protein level	46.59	1.0000	0.9990	0.00000000000000	5	3	3	12	5	5	1.60067136E8	3.9529552E7	3.9529552E7	2C(57.0215),5C(57.0215)		
sp|P51534|SHE4_YEAST	P51534	SHE4_YEAST	SHE4	789	false	false	Saccharomyces cerevisiae (strain ATCC 204508 / S288c)	SWI5-dependent HO expression protein 4	1:Experimental evidence at protein level	1.77	1.0000	0.9990	0.00000000000000	2	2	2	2	2	2	8079798.0	8079798.0	8079798.0			
sp|P51601|GCH1_YEAST	P51601	GCH1_YEAST	FOL2	243	false	false	Saccharomyces cerevisiae (strain ATCC 204508 / S288c)	GTP cyclohydrolase 1	1:Experimental evidence at protein level	4.53	1.0000	0.9990	0.00000000000000	2	2	2	1	1	1	3612755.0	3612755.0	3612755.0			
sp|P52286|SKP1_YEAST	P52286	SKP1_YEAST	SKP1	194	false	false	Saccharomyces cerevisiae (strain ATCC 204508 / S288c)	Suppressor of kinetochore protein 1	1:Experimental evidence at protein level	28.87	1.0000	0.9990	0.00000000000000	6	6	6	5	5	5	4.3066312E7	4.3066312E7	4.3066312E7	7C(57.0215)		
sp|P52489|KPYK2_YEAST	P52489	KPYK2_YEAST	PYK2	506	false	false	Saccharomyces cerevisiae (strain ATCC 204508 / S288c)	Pyruvate kinase 2	1:Experimental evidence at protein level	16.01	1.0000	0.9990	0.00000000000000	9	7	7	60	7	7	2.61029734E9	3.2212792E7	3.2212792E7	4C(57.0215)		
sp|P52490|UBC13_YEAST	P52490	UBC13_YEAST	UBC13	153	false	false	Saccharomyces cerevisiae (strain ATCC 204508 / S288c)	Ubiquitin-conjugating enzyme E2 13	1:Experimental evidence at protein level	11.76	1.0000	0.9990	0.00000000000000	2	2	2	3	3	3	2.6608372E7	2.6608372E7	2.6608372E7			
sp|P52553|PFD6_YEAST	P52553	PFD6_YEAST	YKE2	114	false	false	Saccharomyces cerevisiae (strain ATCC 204508 / S288c)	Prefoldin subunit 6	1:Experimental evidence at protein level	18.42	1.0000	0.9990	0.00000000000000	2	2	2	2	2	2	1.7235276E7	1.7235276E7	1.7235276E7			
sp|P52893|ALAM_YEAST	P52893	ALAM_YEAST	ALT1	592	false	false	Saccharomyces cerevisiae (strain ATCC 204508 / S288c)	Probable alanine aminotransferase, mitochondrial	1:Experimental evidence at protein level	3.89	1.0000	0.9990	0.00000000000000	3	3	3	2	2	2	1.1912712E7	1.1912712E7	1.1912712E7	6C(57.0215),8C(57.0215)		
sp|P52910|ACS2_YEAST	P52910	ACS2_YEAST	ACS2	683	false	false	Saccharomyces cerevisiae (strain ATCC 204508 / S288c)	Acetyl-coenzyme A synthetase 2	1:Experimental evidence at protein level	41.87	1.0000	0.9990	0.00000000000000	25	24	25	50	48	50	1.86439872E8	1.74674208E8	1.86439872E8	5C(57.0215),7C(57.0215)		
sp|P52917|VPS4_YEAST	P52917	VPS4_YEAST	VPS4	437	false	false	Saccharomyces cerevisiae (strain ATCC 204508 / S288c)	Vacuolar protein sorting-associated protein 4	1:Experimental evidence at protein level	11.21	1.0000	0.9990	0.00000000000000	6	6	6	5	5	5	1.4136248E7	1.4136248E7	1.4136248E7			
sp|P53008|CWH41_YEAST	P53008	CWH41_YEAST	CWH41	833	false	false	Saccharomyces cerevisiae (strain ATCC 204508 / S288c)	Mannosyl-oligosaccharide glucosidase	1:Experimental evidence at protein level	9.48	1.0000	0.9990	0.00000000000000	8	8	8	7	7	7	2.8384604E7	2.8384604E7	2.8384604E7	5C(57.0215)		
sp|P53011|SEH1_YEAST	P53011	SEH1_YEAST	SEH1	349	false	false	Saccharomyces cerevisiae (strain ATCC 204508 / S288c)	Nucleoporin SEH1	1:Experimental evidence at protein level	12.32	1.0000	0.9990	0.00000000000000	3	3	3	3	3	3	1.2561906E7	1.2561906E7	1.2561906E7			
sp|P53044|UFD1_YEAST	P53044	UFD1_YEAST	UFD1	361	false	false	Saccharomyces cerevisiae (strain ATCC 204508 / S288c)	Ubiquitin fusion degradation protein 1	1:Experimental evidence at protein level	14.13	1.0000	0.9990	0.00000000000000	5	5	5	5	5	5	1.7707372E7	1.7707372E7	1.7707372E7			
sp|P53066|YGZ2_YEAST	P53066	YGZ2_YEAST	YGL242C	181	false	false	Saccharomyces cerevisiae (strain ATCC 204508 / S288c)	Ankyrin repeat-containing protein YGL242C	1:Experimental evidence at protein level	32.60	1.0000	0.9990	0.00000000000000	4	4	4	5	5	5	3.8147416E7	3.8147416E7	3.8147416E7	11C(57.0215),12C(57.0215)		
sp|P53075|SHE10_YEAST	P53075	SHE10_YEAST	SHE10	577	false	false	Saccharomyces cerevisiae (strain ATCC 204508 / S288c)	Outer spore wall assembly protein SHE10	1:Experimental evidence at protein level	15.42	1.0000	0.9990	0.00000000000000	10	10	10	9	9	9	2.29647E7	2.29647E7	2.29647E7	5C(57.0215)		
sp|P53081|NIF3_YEAST	P53081	NIF3_YEAST	NIF3	288	false	false	Saccharomyces cerevisiae (strain ATCC 204508 / S288c)	NGG1-interacting factor 3	1:Experimental evidence at protein level	20.14	1.0000	0.9990	0.00000000000000	7	7	7	7	7	7	2.5487546E7	2.5487546E7	2.5487546E7	5C(57.0215)		
sp|P53090|ARO8_YEAST	P53090	ARO8_YEAST	ARO8	500	false	false	Saccharomyces cerevisiae (strain ATCC 204508 / S288c)	Aromatic/aminoadipate aminotransferase 1	1:Experimental evidence at protein level	39.40	1.0000	0.9990	0.00000000000000	16	16	16	29	29	29	1.83157552E8	1.83157552E8	1.83157552E8	2C(57.0215),2C(57.0215)		
sp|P53111|ARI1_YEAST	P53111	ARI1_YEAST	ARI1	347	false	false	Saccharomyces cerevisiae (strain ATCC 204508 / S288c)	NADPH-dependent aldehyde reductase ARI1	1:Experimental evidence at protein level	17.87	1.0000	0.9990	0.00000000000000	6	5	6	8	7	8	5.082178E7	5.082178E7	5.082178E7			
sp|P53131|PRP43_YEAST	P53131	PRP43_YEAST	PRP43	767	false	false	Saccharomyces cerevisiae (strain ATCC 204508 / S288c)	Pre-mRNA-splicing factor ATP-dependent RNA helicase PRP43	1:Experimental evidence at protein level	6.65	1.0000	0.9990	0.00000000000000	5	5	5	5	5	5	1.8314794E7	1.8314794E7	1.8314794E7			
sp|P53141|MLC1_YEAST	P53141	MLC1_YEAST	MLC1	149	false	false	Saccharomyces cerevisiae (strain ATCC 204508 / S288c)	Myosin light chain 1	1:Experimental evidence at protein level	38.26	1.0000	0.9990	0.00000000000000	7	7	7	17	17	17	9.785408E7	9.785408E7	9.785408E7			
sp|P53145|LSG1_YEAST	P53145	LSG1_YEAST	LSG1	640	false	false	Saccharomyces cerevisiae (strain ATCC 204508 / S288c)	Large subunit GTPase 1	1:Experimental evidence at protein level	3.91	1.0000	0.9990	0.00000000000000	3	3	3	3	3	3	8374310.0	8374310.0	8374310.0			
sp|P53154|GUP1_YEAST	P53154	GUP1_YEAST	GUP1	560	false	false	Saccharomyces cerevisiae (strain ATCC 204508 / S288c)	Membrane-bound O-acyltransferase GUP1	1:Experimental evidence at protein level	1.79	1.0000	0.9990	0.00000000000000	1	1	1	1	1	1	4953997.5	4953997.5	4953997.5			
sp|P53163|MNP1_YEAST	P53163	MNP1_YEAST	MNP1	194	false	false	Saccharomyces cerevisiae (strain ATCC 204508 / S288c)	54S ribosomal protein L12, mitochondrial	1:Experimental evidence at protein level	8.25	1.0000	0.9981	0.00000000000000	3	3	3	2	2	2	4.246382E7	4.246382E7	4.246382E7			
sp|P53183|YGD9_YEAST	P53183	YGD9_YEAST	YGL039W	348	false	false	Saccharomyces cerevisiae (strain ATCC 204508 / S288c)	Putative uncharacterized oxidoreductase YGL039W	1:Experimental evidence at protein level	14.94	1.0000	0.9990	0.00000000000000	4	3	3	4	3	3	3.1850332E7	2.1645952E7	2.1645952E7			
sp|P53184|PNC1_YEAST	P53184	PNC1_YEAST	PNC1	216	false	false	Saccharomyces cerevisiae (strain ATCC 204508 / S288c)	Nicotinamidase	1:Experimental evidence at protein level	42.13	1.0000	0.9990	0.00000000000000	8	8	8	18	18	18	1.61437568E8	1.61437568E8	1.61437568E8	16C(57.0215)		
sp|P53199|ERG26_YEAST	P53199	ERG26_YEAST	ERG26	349	false	false	Saccharomyces cerevisiae (strain ATCC 204508 / S288c)	Sterol-4-alpha-carboxylate 3-dehydrogenase ERG26, decarboxylating	1:Experimental evidence at protein level	14.33	1.0000	0.9990	0.00000000000000	6	6	6	6	6	6	5.3571076E7	5.3571076E7	5.3571076E7			
sp|P53200|EFM5_YEAST	P53200	EFM5_YEAST	EFM5	248	false	false	Saccharomyces cerevisiae (strain ATCC 204508 / S288c)	Protein-lysine N-methyltransferase EFM5	1:Experimental evidence at protein level	14.92	1.0000	0.9990	0.00000000000000	4	4	4	3	3	3	1.8419034E7	1.8419034E7	1.8419034E7			
sp|P53221|RL26B_YEAST	P53221	RL26B_YEAST	RPL26B	127	false	false	Saccharomyces cerevisiae (strain ATCC 204508 / S288c)	60S ribosomal protein L26-B	1:Experimental evidence at protein level	46.46	1.0000	0.9990	0.00000000000000	9	1	9	45	4	45	8.8160506E8	1.0482276E8	8.8160506E8			
sp|P53228|TAL2_YEAST	P53228	TAL2_YEAST	NQM1	333	false	false	Saccharomyces cerevisiae (strain ATCC 204508 / S288c)	Transaldolase NQM1	1:Experimental evidence at protein level	6.61	1.0000	0.9990	0.00000000000000	3	2	2	3	1	1	2.0279348E7	1.347457E7	1.347457E7			
sp|P53235|EIF2A_YEAST	P53235	EIF2A_YEAST	YGR054W	642	false	false	Saccharomyces cerevisiae (strain ATCC 204508 / S288c)	Eukaryotic translation initiation factor 2A	1:Experimental evidence at protein level	10.12	1.0000	0.9990	0.00000000000000	6	6	6	6	6	6	4.1026088E7	4.1026088E7	4.1026088E7	9C(57.0215)		
sp|P53252|PIL1_YEAST	P53252	PIL1_YEAST	PIL1	339	false	false	Saccharomyces cerevisiae (strain ATCC 204508 / S288c)	Sphingolipid long chain base-responsive protein PIL1	1:Experimental evidence at protein level	48.08	1.0000	0.9990	0.00000000000000	14	13	14	50	46	50	3.61823648E8	3.61823648E8	3.61823648E8			
sp|P53254|UTP22_YEAST	P53254	UTP22_YEAST	UTP22	1237	false	false	Saccharomyces cerevisiae (strain ATCC 204508 / S288c)	U3 small nucleolar RNA-associated protein 22	1:Experimental evidence at protein level	3.23	1.0000	0.9990	0.00000000000000	3	3	3	4	4	4	1.0159568E7	1.0159568E7	1.0159568E7	5C(57.0215)		
sp|P53261|PESC_YEAST	P53261	PESC_YEAST	NOP7	605	false	false	Saccharomyces cerevisiae (strain ATCC 204508 / S288c)	Pescadillo homolog	1:Experimental evidence at protein level	8.76	1.0000	0.9990	0.00000000000000	8	8	8	7	7	7	2.4724064E7	2.4724064E7	2.4724064E7			
sp|P53278|YG3A_YEAST	P53278	YG3A_YEAST	YGR130C	816	false	false	Saccharomyces cerevisiae (strain ATCC 204508 / S288c)	Uncharacterized protein YGR130C	1:Experimental evidence at protein level	7.84	1.0000	0.9990	0.00000000000000	9	9	9	7	7	7	3.0325388E7	3.0325388E7	3.0325388E7			
sp|P53281|LSB1_YEAST	P53281	LSB1_YEAST	LSB1	241	false	false	Saccharomyces cerevisiae (strain ATCC 204508 / S288c)	LAS seventeen-binding protein 1	1:Experimental evidence at protein level	12.03	1.0000	0.9990	0.00000000000000	4	4	4	3	3	3	3.1253224E7	3.1253224E7	3.1253224E7			
sp|P53295|RBG2_YEAST	P53295	RBG2_YEAST	RBG2	368	false	false	Saccharomyces cerevisiae (strain ATCC 204508 / S288c)	Ribosome-interacting GTPase 2	1:Experimental evidence at protein level	5.16	1.0000	0.9990	0.00000000000000	3	3	3	2	2	2	1.0827786E7	1.0827786E7	1.0827786E7	4C(57.0215)		
sp|P53299|TIM13_YEAST	P53299	TIM13_YEAST	TIM13	105	false	false	Saccharomyces cerevisiae (strain ATCC 204508 / S288c)	Mitochondrial import inner membrane translocase subunit TIM13	1:Experimental evidence at protein level	26.67	1.0000	0.9990	0.00000000000000	3	3	3	3	3	3	2.4436012E7	2.4436012E7	2.4436012E7	1C(57.0215),4C(57.0215),8C(57.0215),5C(57.0215)		
sp|P53301|CRH1_YEAST	P53301	CRH1_YEAST	CRH1	507	false	false	Saccharomyces cerevisiae (strain ATCC 204508 / S288c)	Probable glycosidase CRH1	1:Experimental evidence at protein level	10.45	1.0000	0.9990	0.00000000000000	7	7	7	5	5	5	6.3737168E7	6.3737168E7	6.3737168E7			
sp|P53303|ZPR1_YEAST	P53303	ZPR1_YEAST	ZPR1	486	false	false	Saccharomyces cerevisiae (strain ATCC 204508 / S288c)	Zinc finger chaperone ZPR1	1:Experimental evidence at protein level	4.53	1.0000	0.9990	0.00000000000000	2	2	2	2	2	2	1.0083682E7	1.0083682E7	1.0083682E7			
sp|P53312|SUCB_YEAST	P53312	SUCB_YEAST	LSC2	427	false	false	Saccharomyces cerevisiae (strain ATCC 204508 / S288c)	Succinate--CoA ligase [ADP-forming] subunit beta, mitochondrial	1:Experimental evidence at protein level	22.72	1.0000	0.9990	0.00000000000000	7	7	7	9	9	9	3.317894E7	3.317894E7	3.317894E7			
sp|P53315|SOL4_YEAST	P53315	SOL4_YEAST	SOL4	255	false	false	Saccharomyces cerevisiae (strain ATCC 204508 / S288c)	6-phosphogluconolactonase 4	1:Experimental evidence at protein level	9.41	1.0000	0.9985	0.00000000000000	3	3	3	3	3	3	1.7586848E7	1.7586848E7	1.7586848E7	4C(57.0215),4C(57.0215)		
sp|P53337|ERV29_YEAST	P53337	ERV29_YEAST	ERV29	310	false	false	Saccharomyces cerevisiae (strain ATCC 204508 / S288c)	ER-derived vesicles protein ERV29	1:Experimental evidence at protein level	11.61	1.0000	0.9990	0.00000000000000	4	4	4	3	3	3	6.5470104E7	6.5470104E7	6.5470104E7			
sp|P53549|PRS10_YEAST	P53549	PRS10_YEAST	RPT4	437	false	false	Saccharomyces cerevisiae (strain ATCC 204508 / S288c)	26S proteasome subunit RPT4	1:Experimental evidence at protein level	17.85	1.0000	0.9990	0.00000000000000	8	6	6	10	6	6	5.5011352E7	2.9115352E7	2.9115352E7			
sp|P53550|DCP2_YEAST	P53550	DCP2_YEAST	DCP2	970	false	false	Saccharomyces cerevisiae (strain ATCC 204508 / S288c)	m7GpppN-mRNA hydrolase	1:Experimental evidence at protein level	5.05	1.0000	0.9990	0.00000000000000	6	6	6	6	6	6	1.5738564E7	1.5738564E7	1.5738564E7			
sp|P53551|H1_YEAST	P53551	H1_YEAST	HHO1	258	false	false	Saccharomyces cerevisiae (strain ATCC 204508 / S288c)	Histone H1	1:Experimental evidence at protein level	10.47	1.0000	0.9990	0.00000000000000	5	5	5	3	3	3	2.3958768E7	2.3958768E7	2.3958768E7			
sp|P53598|SUCA_YEAST	P53598	SUCA_YEAST	LSC1	329	false	false	Saccharomyces cerevisiae (strain ATCC 204508 / S288c)	Succinate--CoA ligase [ADP-forming] subunit alpha, mitochondrial	1:Experimental evidence at protein level	17.02	1.0000	0.9990	0.00000000000000	5	5	5	6	6	6	5.0380952E7	5.0380952E7	5.0380952E7	6C(57.0215)		
sp|P53622|COPA_YEAST	P53622	COPA_YEAST	COP1	1201	false	false	Saccharomyces cerevisiae (strain ATCC 204508 / S288c)	Coatomer subunit alpha	1:Experimental evidence at protein level	25.40	1.0000	0.9990	0.00000000000000	26	26	26	35	35	35	5.0888572E7	5.0888572E7	5.0888572E7	10C(57.0215),27C(57.0215),4C(57.0215),7C(57.0215),8C(57.0215),9C(57.0215)		
sp|P53629|ARE2_YEAST	P53629	ARE2_YEAST	ARE2	642	false	false	Saccharomyces cerevisiae (strain ATCC 204508 / S288c)	Sterol O-acyltransferase 2	1:Experimental evidence at protein level	8.88	1.0000	0.9990	0.00000000000000	6	6	6	5	5	5	4.2044972E7	4.2044972E7	4.2044972E7			
sp|P53633|PRA1_YEAST	P53633	PRA1_YEAST	YIP3	176	false	false	Saccharomyces cerevisiae (strain ATCC 204508 / S288c)	Prenylated Rab acceptor 1	1:Experimental evidence at protein level	16.48	1.0000	0.9990	0.00000000000000	3	3	3	4	4	4	5.9626408E7	5.9626408E7	5.9626408E7			
sp|P53691|PPID_YEAST	P53691	PPID_YEAST	CPR6	371	false	false	Saccharomyces cerevisiae (strain ATCC 204508 / S288c)	Peptidyl-prolyl cis-trans isomerase CPR6	1:Experimental evidence at protein level	34.23	1.0000	0.9990	0.00000000000000	12	12	12	22	22	22	1.3746784E8	1.3746784E8	1.3746784E8	2C(57.0215),4C(57.0215),7C(57.0215)		
sp|P53723|YN8B_YEAST	P53723	YN8B_YEAST	YNR021W	404	false	false	Saccharomyces cerevisiae (strain ATCC 204508 / S288c)	UPF0674 endoplasmic reticulum membrane protein YNR021W	1:Experimental evidence at protein level	16.58	1.0000	0.9990	0.00000000000000	6	6	6	8	8	8	5.0797168E7	5.0797168E7	5.0797168E7	1C(57.0215)		
sp|P53730|ALG12_YEAST	P53730	ALG12_YEAST	ALG12	551	false	false	Saccharomyces cerevisiae (strain ATCC 204508 / S288c)	Dol-P-Man:Man(7)GlcNAc(2)-PP-Dol alpha-1,6-mannosyltransferase	1:Experimental evidence at protein level	5.99	1.0000	0.9990	0.00000000000000	4	4	4	4	4	4	1.8260118E7	1.8260118E7	1.8260118E7			
sp|P53731|ARPC2_YEAST	P53731	ARPC2_YEAST	ARC35	342	false	false	Saccharomyces cerevisiae (strain ATCC 204508 / S288c)	Actin-related protein 2/3 complex subunit 2	1:Experimental evidence at protein level	20.47	1.0000	0.9990	0.00000000000000	7	7	7	10	10	10	6.3725784E7	6.3725784E7	6.3725784E7			
sp|P53834|HCH1_YEAST	P53834	HCH1_YEAST	HCH1	153	false	false	Saccharomyces cerevisiae (strain ATCC 204508 / S288c)	Hsp90 co-chaperone HCH1	1:Experimental evidence at protein level	30.72	1.0000	0.9990	0.00000000000000	6	6	6	6	6	6	4.959462E7	4.959462E7	4.959462E7			
sp|P53839|GOR1_YEAST	P53839	GOR1_YEAST	GOR1	350	false	false	Saccharomyces cerevisiae (strain ATCC 204508 / S288c)	Glyoxylate reductase 1	1:Experimental evidence at protein level	12.29	1.0000	0.9990	0.00000000000000	4	4	4	4	4	4	1.6609836E7	1.6609836E7	1.6609836E7	13C(57.0215)		
sp|P53845|YIF1_YEAST	P53845	YIF1_YEAST	YIF1	314	false	false	Saccharomyces cerevisiae (strain ATCC 204508 / S288c)	Protein transport protein YIF1	1:Experimental evidence at protein level	7.32	1.0000	0.9990	0.00000000000000	2	2	2	2	2	2	6302355.0	6302355.0	6302355.0			
sp|P53849|GIS2_YEAST	P53849	GIS2_YEAST	GIS2	153	false	false	Saccharomyces cerevisiae (strain ATCC 204508 / S288c)	Zinc finger protein GIS2	1:Experimental evidence at protein level	62.09	1.0000	0.9990	0.00000000000000	9	9	9	16	16	16	1.33707592E8	1.33707592E8	1.33707592E8	1C(57.0215),4C(57.0215),1C(57.0215),4C(57.0215),2C(57.0215),5C(57.0215),2C(57.0215),5C(57.0215),2C(57.0215),5C(57.0215),2C(57.0215),5C(57.0215),3C(57.0215),8C(57.0215),8C(57.0215),8C(57.0215),8C(57.0215)		
sp|P53852|SYC_YEAST	P53852	SYC_YEAST	YNL247W	767	false	false	Saccharomyces cerevisiae (strain ATCC 204508 / S288c)	Cysteine--tRNA ligase	1:Experimental evidence at protein level	14.99	1.0000	0.9990	0.00000000000000	14	14	14	15	15	15	4.8073832E7	4.8073832E7	4.8073832E7			
sp|P53860|PDR16_YEAST	P53860	PDR16_YEAST	PDR16	351	false	false	Saccharomyces cerevisiae (strain ATCC 204508 / S288c)	Phosphatidylinositol transfer protein PDR16	1:Experimental evidence at protein level	31.34	1.0000	0.9990	0.00000000000000	11	11	11	15	15	15	3.434036E7	3.434036E7	3.434036E7			
sp|P53900|PFD4_YEAST	P53900	PFD4_YEAST	GIM3	129	false	false	Saccharomyces cerevisiae (strain ATCC 204508 / S288c)	Prefoldin subunit 4	1:Experimental evidence at protein level	20.93	1.0000	0.9990	0.00000000000000	4	4	4	3	3	3	1.9215668E7	1.9215668E7	1.9215668E7			
sp|P53912|YNN4_YEAST	P53912	YNN4_YEAST	YNL134C	376	false	false	Saccharomyces cerevisiae (strain ATCC 204508 / S288c)	Uncharacterized protein YNL134C	1:Experimental evidence at protein level	41.22	1.0000	0.9990	0.00000000000000	10	10	10	32	32	32	2.60436944E8	2.60436944E8	2.60436944E8	10C(57.0215),10C(57.0215)		
sp|P53914|NAT10_YEAST	P53914	NAT10_YEAST	KRE33	1056	false	false	Saccharomyces cerevisiae (strain ATCC 204508 / S288c)	RNA cytidine acetyltransferase	1:Experimental evidence at protein level	2.94	1.0000	0.9990	0.00000000000000	2	2	2	2	2	2	6116526.0	6116526.0	6116526.0	12C(57.0215)		
sp|P53920|NM111_YEAST	P53920	NM111_YEAST	NMA111	997	false	false	Saccharomyces cerevisiae (strain ATCC 204508 / S288c)	Pro-apoptotic serine protease NMA111	1:Experimental evidence at protein level	1.81	1.0000	0.9990	0.00000000000000	3	3	3	2	2	2	1.4900002E7	1.4900002E7	1.4900002E7			
sp|P53925|YNL5_YEAST	P53925	YNL5_YEAST	YNL115C	644	false	false	Saccharomyces cerevisiae (strain ATCC 204508 / S288c)	Uncharacterized vacuolar membrane protein YNL115C	1:Experimental evidence at protein level	3.88	1.0000	0.9990	0.00000000000000	3	3	3	2	2	2	1.4047386E7	1.4047386E7	1.4047386E7			
sp|P53929|YNK8_YEAST	P53929	YNK8_YEAST	YNL108C	270	false	false	Saccharomyces cerevisiae (strain ATCC 204508 / S288c)	Uncharacterized protein YNL108C	1:Experimental evidence at protein level	15.19	1.0000	0.9990	0.00000000000000	2	2	2	3	3	3	7927782.0	7927782.0	7927782.0			
sp|P53960|YNE0_YEAST	P53960	YNE0_YEAST	YNL040W	456	false	false	Saccharomyces cerevisiae (strain ATCC 204508 / S288c)	Putative alanyl-tRNA editing protein alaX	1:Experimental evidence at protein level	3.73	1.0000	0.9990	0.00000000000000	2	2	2	1	1	1	2334986.5	2334986.5	2334986.5			
sp|P53981|PYP1_YEAST	P53981	PYP1_YEAST	PYP1	241	false	false	Saccharomyces cerevisiae (strain ATCC 204508 / S288c)	Polyol phosphate phosphatase PYP1	1:Experimental evidence at protein level	38.59	1.0000	0.9990	0.00000000000000	8	8	8	14	14	14	1.23105432E8	1.23105432E8	1.23105432E8	11C(57.0215),17C(57.0215),2C(57.0215),6C(57.0215)		
sp|P54000|SUB1_YEAST	P54000	SUB1_YEAST	SUB1	292	false	false	Saccharomyces cerevisiae (strain ATCC 204508 / S288c)	RNA polymerase II transcriptional coactivator SUB1	1:Experimental evidence at protein level	9.25	1.0000	0.9989	0.00000000000000	3	3	3	3	3	3	1.8760984E7	1.8760984E7	1.8760984E7			
sp|P54003|SUR7_YEAST	P54003	SUR7_YEAST	SUR7	302	false	false	Saccharomyces cerevisiae (strain ATCC 204508 / S288c)	Protein SUR7	1:Experimental evidence at protein level	3.64	1.0000	0.9990	0.00000000000000	2	2	2	1	1	1	2452543.0	2452543.0	2452543.0	7C(57.0215)		
sp|P54113|PUR91_YEAST	P54113	PUR91_YEAST	ADE16	591	false	false	Saccharomyces cerevisiae (strain ATCC 204508 / S288c)	Bifunctional purine biosynthesis protein ADE16	1:Experimental evidence at protein level	38.24	1.0000	0.9990	0.00000000000000	19	13	13	38	16	16	1.73808448E8	5.8471408E7	5.8471408E7	2C(57.0215),6C(57.0215)		
sp|P54115|ALDH6_YEAST	P54115	ALDH6_YEAST	ALD6	500	false	false	Saccharomyces cerevisiae (strain ATCC 204508 / S288c)	Magnesium-activated aldehyde dehydrogenase, cytosolic	1:Experimental evidence at protein level	44.40	1.0000	0.9990	0.00000000000000	21	21	21	104	104	104	6.3368934E8	6.3368934E8	6.3368934E8	16C(57.0215),6C(57.0215),9C(57.0215)		
sp|P54783|ALO_YEAST	P54783	ALO_YEAST	ALO1	526	false	false	Saccharomyces cerevisiae (strain ATCC 204508 / S288c)	D-arabinono-1,4-lactone oxidase	1:Experimental evidence at protein level	12.74	1.0000	0.9990	0.00000000000000	7	7	7	7	7	7	4.3075684E7	4.3075684E7	4.3075684E7	10C(57.0215)		
sp|P54837|TMEDA_YEAST	P54837	TMEDA_YEAST	ERV25	211	false	false	Saccharomyces cerevisiae (strain ATCC 204508 / S288c)	Endoplasmic reticulum vesicle protein 25	1:Experimental evidence at protein level	11.85	1.0000	0.9990	0.00000000000000	4	4	4	5	5	5	3.4677088E7	3.4677088E7	3.4677088E7			
sp|P54838|DAK1_YEAST	P54838	DAK1_YEAST	DAK1	584	false	false	Saccharomyces cerevisiae (strain ATCC 204508 / S288c)	Dihydroxyacetone kinase 1	1:Experimental evidence at protein level	35.79	1.0000	0.9990	0.00000000000000	15	15	15	27	27	27	2.23849376E8	2.23849376E8	2.23849376E8	16C(57.0215),17C(57.0215),19C(57.0215)		
sp|P54839|ERG13_YEAST	P54839	ERG13_YEAST	ERG13	491	false	false	Saccharomyces cerevisiae (strain ATCC 204508 / S288c)	Hydroxymethylglutaryl-CoA synthase	1:Experimental evidence at protein level	24.85	1.0000	0.9990	0.00000000000000	13	13	13	29	29	29	1.78125984E8	1.78125984E8	1.78125984E8	10C(57.0215),12C(57.0215)		
sp|P54858|DOS2_YEAST	P54858	DOS2_YEAST	DOS2	310	false	false	Saccharomyces cerevisiae (strain ATCC 204508 / S288c)	Protein DOS2	1:Experimental evidence at protein level	10.97	1.0000	0.9990	0.00000000000000	3	3	3	3	3	3	1.0176824E7	1.0176824E7	1.0176824E7			
sp|P54860|UFD2_YEAST	P54860	UFD2_YEAST	UFD2	961	false	false	Saccharomyces cerevisiae (strain ATCC 204508 / S288c)	E4 ubiquitin-protein ligase UFD2	1:Experimental evidence at protein level	7.49	1.0000	0.9990	0.00000000000000	9	9	9	7	7	7	2.327016E7	2.327016E7	2.327016E7	10C(57.0215),11C(57.0215)		
sp|P54861|DNM1_YEAST	P54861	DNM1_YEAST	DNM1	757	false	false	Saccharomyces cerevisiae (strain ATCC 204508 / S288c)	Dynamin-related protein DNM1	1:Experimental evidence at protein level	7.93	1.0000	0.9990	0.00000000000000	6	5	5	6	5	5	1.3740005E7	1.2947616E7	1.2947616E7			
sp|P54885|PROA_YEAST	P54885	PROA_YEAST	PRO2	456	false	false	Saccharomyces cerevisiae (strain ATCC 204508 / S288c)	Gamma-glutamyl phosphate reductase	1:Experimental evidence at protein level	33.33	1.0000	0.9990	0.00000000000000	13	13	13	22	22	22	9.7312736E7	9.7312736E7	9.7312736E7	11C(57.0215),7C(57.0215)		
sp|P60010|ACT_YEAST	P60010	ACT_YEAST	ACT1	375	false	false	Saccharomyces cerevisiae (strain ATCC 204508 / S288c)	Actin	1:Experimental evidence at protein level	59.73	1.0000	0.9990	0.00000000000000	16	16	16	119	119	119	1.81176602E9	1.81176602E9	1.81176602E9	10M(15.9949),14M(15.9949),14M(15.9949),15M(15.9949),27M(15.9949),2C(57.0215),2C(57.0215),5M(15.9949),7M(15.9949),8M(15.9949)		
sp|P69771|DID2_YEAST	P69771	DID2_YEAST	DID2	204	false	false	Saccharomyces cerevisiae (strain ATCC 204508 / S288c)	Vacuolar protein-sorting-associated protein 46	1:Experimental evidence at protein level	15.20	1.0000	0.9990	0.00000000000000	3	3	3	3	3	3	1.7132026E7	1.7132026E7	1.7132026E7	10C(57.0215)		
sp|P80210|PURA_YEAST	P80210	PURA_YEAST	ADE12	433	false	false	Saccharomyces cerevisiae (strain ATCC 204508 / S288c)	Adenylosuccinate synthetase	1:Experimental evidence at protein level	25.17	1.0000	0.9990	0.00000000000000	11	11	11	34	34	34	1.42944928E8	1.42944928E8	1.42944928E8	1C(57.0215)		
sp|P80967|TOM5_YEAST	P80967	TOM5_YEAST	TOM5	50	false	false	Saccharomyces cerevisiae (strain ATCC 204508 / S288c)	Mitochondrial import receptor subunit TOM5	1:Experimental evidence at protein level	46.00	1.0000	0.9990	0.00000000000000	2	2	2	2	2	2	1.1465166E7	1.1465166E7	1.1465166E7			
sp|P87108|TIM10_YEAST	P87108	TIM10_YEAST	TIM10	93	false	false	Saccharomyces cerevisiae (strain ATCC 204508 / S288c)	Mitochondrial import inner membrane translocase subunit TIM10	1:Experimental evidence at protein level	40.86	1.0000	0.9990	0.00000000000000	4	4	4	4	4	4	3.9589032E7	3.9589032E7	3.9589032E7	1C(57.0215),5C(57.0215),5C(57.0215)		
sp|P89105|CTR9_YEAST	P89105	CTR9_YEAST	CTR9	1077	false	false	Saccharomyces cerevisiae (strain ATCC 204508 / S288c)	RNA polymerase-associated protein CTR9	1:Experimental evidence at protein level	4.18	1.0000	0.9990	0.00000000000000	4	4	4	6	6	6	4779878.5	4779878.5	4779878.5			
sp|P89886|TMA20_YEAST	P89886	TMA20_YEAST	TMA20	181	false	false	Saccharomyces cerevisiae (strain ATCC 204508 / S288c)	Translation machinery-associated protein 20	1:Experimental evidence at protein level	21.55	1.0000	0.9990	0.00000000000000	4	4	4	8	8	8	3.732962E7	3.732962E7	3.732962E7			
sp|Q00055|GPD1_YEAST	Q00055	GPD1_YEAST	GPD1	391	false	false	Saccharomyces cerevisiae (strain ATCC 204508 / S288c)	Glycerol-3-phosphate dehydrogenase [NAD(+)] 1	1:Experimental evidence at protein level	36.83	1.0000	0.9990	0.00000000000000	13	12	13	33	31	33	3.75010112E8	3.75010112E8	3.75010112E8	5C(57.0215),5C(57.0215),6C(57.0215),7C(57.0215)		
sp|Q00245|RHO3_YEAST	Q00245	RHO3_YEAST	RHO3	231	false	false	Saccharomyces cerevisiae (strain ATCC 204508 / S288c)	GTP-binding protein RHO3	1:Experimental evidence at protein level	25.11	1.0000	0.9990	0.00000000000000	6	5	6	8	7	8	2.5918248E7	2.281871E7	2.5918248E7	4C(57.0215),9C(57.0215)		
sp|Q00402|NUM1_YEAST	Q00402	NUM1_YEAST	NUM1	2748	false	false	Saccharomyces cerevisiae (strain ATCC 204508 / S288c)	Nuclear migration protein NUM1	1:Experimental evidence at protein level	3.86	1.0000	0.9990	0.00000000000000	3	3	3	2	2	2	2.6984124E7	2.6984124E7	2.6984124E7			
sp|Q00764|TPS1_YEAST	Q00764	TPS1_YEAST	TPS1	495	false	false	Saccharomyces cerevisiae (strain ATCC 204508 / S288c)	Alpha,alpha-trehalose-phosphate synthase [UDP-forming] 56 kDa subunit	1:Experimental evidence at protein level	27.47	1.0000	0.9990	0.00000000000000	11	11	11	34	34	34	2.20642496E8	2.20642496E8	2.20642496E8	13C(57.0215),5C(57.0215)		
sp|Q00772|SLT2_YEAST	Q00772	SLT2_YEAST	SLT2	484	false	false	Saccharomyces cerevisiae (strain ATCC 204508 / S288c)	Mitogen-activated protein kinase SLT2/MPK1	1:Experimental evidence at protein level	6.61	1.0000	0.9990	0.00000000000000	3	2	2	3	2	2	1.2836481E7	6531484.0	6531484.0	13C(57.0215)		
sp|Q00955|ACAC_YEAST	Q00955	ACAC_YEAST	ACC1	2233	false	false	Saccharomyces cerevisiae (strain ATCC 204508 / S288c)	Acetyl-CoA carboxylase	1:Experimental evidence at protein level	35.87	1.0000	0.9990	0.00000000000000	70	67	70	131	127	131	2.19038688E8	2.19038688E8	2.19038688E8	13C(57.0215),13C(57.0215),3C(57.0215)		
sp|Q01476|UBP2_YEAST	Q01476	UBP2_YEAST	UBP2	1272	false	false	Saccharomyces cerevisiae (strain ATCC 204508 / S288c)	Ubiquitin carboxyl-terminal hydrolase 2	1:Experimental evidence at protein level	2.59	1.0000	0.9990	0.00000000000000	2	2	2	2	2	2	6843045.0	6843045.0	6843045.0			
sp|Q01477|UBP3_YEAST	Q01477	UBP3_YEAST	UBP3	912	false	false	Saccharomyces cerevisiae (strain ATCC 204508 / S288c)	Ubiquitin carboxyl-terminal hydrolase 3	1:Experimental evidence at protein level	2.19	1.0000	0.9990	0.00000000000000	3	3	3	2	2	2	1.8449158E7	1.8449158E7	1.8449158E7			
sp|Q01532|BLH1_YEAST	Q01532	BLH1_YEAST	LAP3	483	false	false	Saccharomyces cerevisiae (strain ATCC 204508 / S288c)	Cysteine proteinase 1, mitochondrial	1:Experimental evidence at protein level	9.32	1.0000	0.9990	0.00000000000000	4	4	4	4	4	4	3.3763688E7	3.3763688E7	3.3763688E7			
sp|Q01560|NOP3_YEAST	Q01560	NOP3_YEAST	NPL3	414	false	false	Saccharomyces cerevisiae (strain ATCC 204508 / S288c)	Serine/arginine (SR)-type shuttling mRNA binding protein NPL3	1:Experimental evidence at protein level	17.15	1.0000	0.9990	0.00000000000000	8	8	8	19	19	19	1.3286448E8	1.3286448E8	1.3286448E8	6C(57.0215)		
sp|Q01662|MAP1_YEAST	Q01662	MAP1_YEAST	MAP1	387	false	false	Saccharomyces cerevisiae (strain ATCC 204508 / S288c)	Methionine aminopeptidase 1	1:Experimental evidence at protein level	18.35	1.0000	0.9990	0.00000000000000	5	5	5	10	10	10	6.2057304E7	6.2057304E7	6.2057304E7	11C(57.0215),3C(57.0215)		
sp|Q01852|TIM44_YEAST	Q01852	TIM44_YEAST	TIM44	431	false	false	Saccharomyces cerevisiae (strain ATCC 204508 / S288c)	Mitochondrial import inner membrane translocase subunit TIM44	1:Experimental evidence at protein level	17.40	1.0000	0.9990	0.00000000000000	7	7	7	11	11	11	3.102019E7	3.102019E7	3.102019E7	14C(57.0215)		
sp|Q01855|RS15_YEAST	Q01855	RS15_YEAST	RPS15	142	false	false	Saccharomyces cerevisiae (strain ATCC 204508 / S288c)	40S ribosomal protein S15	1:Experimental evidence at protein level	30.28	1.0000	0.9990	0.00000000000000	4	4	4	11	11	11	1.14140429E9	1.14140429E9	1.14140429E9			
sp|Q01939|PRS8_YEAST	Q01939	PRS8_YEAST	RPT6	405	false	false	Saccharomyces cerevisiae (strain ATCC 204508 / S288c)	26S proteasome regulatory subunit 8 homolog	1:Experimental evidence at protein level	26.91	1.0000	0.9990	0.00000000000000	11	9	11	16	12	16	6.10984E7	4.2047976E7	6.10984E7	8C(57.0215),8C(57.0215)		
sp|Q01976|ADPP_YEAST	Q01976	ADPP_YEAST	YSA1	231	false	false	Saccharomyces cerevisiae (strain ATCC 204508 / S288c)	ADP-ribose pyrophosphatase	1:Experimental evidence at protein level	16.02	1.0000	0.9990	0.00000000000000	4	4	4	5	5	5	3.4973612E7	3.4973612E7	3.4973612E7			
sp|Q02046|MTD1_YEAST	Q02046	MTD1_YEAST	MTD1	320	false	false	Saccharomyces cerevisiae (strain ATCC 204508 / S288c)	Methylenetetrahydrofolate dehydrogenase [NAD(+)]	1:Experimental evidence at protein level	27.81	1.0000	0.9990	0.00000000000000	7	7	7	10	10	10	3.3778872E7	3.3778872E7	3.3778872E7	10C(57.0215),5C(57.0215)		
sp|Q02201|OSH6_YEAST	Q02201	OSH6_YEAST	OSH6	448	false	false	Saccharomyces cerevisiae (strain ATCC 204508 / S288c)	Oxysterol-binding protein homolog 6	1:Experimental evidence at protein level	8.04	1.0000	0.9983	0.00000000000000	4	3	3	5	3	3	1.5153138E7	9049915.0	9049915.0			
sp|Q02326|RL6A_YEAST	Q02326	RL6A_YEAST	RPL6A	176	false	false	Saccharomyces cerevisiae (strain ATCC 204508 / S288c)	60S ribosomal protein L6-A	1:Experimental evidence at protein level	44.32	1.0000	0.9990	0.00000000000000	9	5	5	51	28	28	6.2521101E8	2.81104576E8	2.81104576E8			
sp|Q02486|ABF2_YEAST	Q02486	ABF2_YEAST	ABF2	183	false	false	Saccharomyces cerevisiae (strain ATCC 204508 / S288c)	ARS-binding factor 2, mitochondrial	1:Experimental evidence at protein level	25.14	1.0000	0.9990	0.00000000000000	6	6	6	6	6	6	6.0004984E7	6.0004984E7	6.0004984E7			
sp|Q02725|VTC3_YEAST	Q02725	VTC3_YEAST	VTC3	835	false	false	Saccharomyces cerevisiae (strain ATCC 204508 / S288c)	Vacuolar transporter chaperone 3 complex subunit 3	1:Experimental evidence at protein level	23.95	1.0000	0.9990	0.00000000000000	21	19	21	26	23	26	6.6713424E7	6.6713424E7	6.6713424E7	6C(57.0215)		
sp|Q02753|RL21A_YEAST	Q02753	RL21A_YEAST	RPL21A	160	false	false	Saccharomyces cerevisiae (strain ATCC 204508 / S288c)	60S ribosomal protein L21-A	1:Experimental evidence at protein level	51.25	1.0000	0.9990	0.00000000000000	8	1	8	41	8	41	7.7571149E8	2.0781358E7	7.7571149E8	1C(57.0215),1C(57.0215)		
sp|Q02776|TIM50_YEAST	Q02776	TIM50_YEAST	TIM50	476	false	false	Saccharomyces cerevisiae (strain ATCC 204508 / S288c)	Mitochondrial import inner membrane translocase subunit TIM50	1:Experimental evidence at protein level	12.82	1.0000	0.9990	0.00000000000000	7	7	7	9	9	9	3.8006456E7	3.8006456E7	3.8006456E7			
sp|Q02795|OSTD_YEAST	Q02795	OSTD_YEAST	SWP1	286	false	false	Saccharomyces cerevisiae (strain ATCC 204508 / S288c)	Dolichyl-diphosphooligosaccharide--protein glycosyltransferase subunit SWP1	1:Experimental evidence at protein level	7.69	1.0000	0.9990	0.00000000000000	2	2	2	2	2	2	2.411468E7	2.411468E7	2.411468E7			
sp|Q02821|IMA1_YEAST	Q02821	IMA1_YEAST	SRP1	542	false	false	Saccharomyces cerevisiae (strain ATCC 204508 / S288c)	Importin subunit alpha	1:Experimental evidence at protein level	18.63	1.0000	0.9990	0.00000000000000	9	9	9	11	11	11	5.0344972E7	5.0344972E7	5.0344972E7	10C(57.0215),4C(57.0215)		
sp|Q02931|UTP17_YEAST	Q02931	UTP17_YEAST	NAN1	896	false	false	Saccharomyces cerevisiae (strain ATCC 204508 / S288c)	NET1-associated nuclear protein 1	1:Experimental evidence at protein level	1.12	1.0000	0.9990	0.00000000000000	2	2	2	1	1	1	8439767.0	8439767.0	8439767.0			
sp|Q03034|FDC1_YEAST	Q03034	FDC1_YEAST	FDC1	503	false	false	Saccharomyces cerevisiae (strain ATCC 204508 / S288c)	Ferulic acid decarboxylase 1	1:Experimental evidence at protein level	5.37	1.0000	0.9990	0.00000000000000	4	4	4	3	3	3	5700353.0	5700353.0	5700353.0	17C(57.0215),1C(57.0215),5C(57.0215)		
sp|Q03048|COFI_YEAST	Q03048	COFI_YEAST	COF1	143	false	false	Saccharomyces cerevisiae (strain ATCC 204508 / S288c)	Cofilin	1:Experimental evidence at protein level	43.36	1.0000	0.9990	0.00000000000000	5	5	5	25	25	25	5.8972902E8	5.8972902E8	5.8972902E8			
sp|Q03088|SVL3_YEAST	Q03088	SVL3_YEAST	SVL3	825	false	false	Saccharomyces cerevisiae (strain ATCC 204508 / S288c)	Styryl dye vacuolar localization protein 3	1:Experimental evidence at protein level	3.76	1.0000	0.9990	0.00000000000000	3	3	3	3	3	3	1.8895786E7	1.8895786E7	1.8895786E7			
sp|Q03102|YMN1_YEAST	Q03102	YMN1_YEAST	YML131W	365	false	false	Saccharomyces cerevisiae (strain ATCC 204508 / S288c)	Uncharacterized membrane protein YML131W	1:Experimental evidence at protein level	17.53	1.0000	0.9990	0.00000000000000	5	5	5	5	5	5	1.6335156E7	1.6335156E7	1.6335156E7	18C(57.0215)		
sp|Q03103|ERO1_YEAST	Q03103	ERO1_YEAST	ERO1	563	false	false	Saccharomyces cerevisiae (strain ATCC 204508 / S288c)	Endoplasmic oxidoreductin-1	1:Experimental evidence at protein level	8.17	1.0000	0.9990	0.00000000000000	5	5	5	4	4	4	1.3134828E7	1.3134828E7	1.3134828E7	12C(57.0215),4C(57.0215),7C(57.0215)		
sp|Q03104|MSC1_YEAST	Q03104	MSC1_YEAST	MSC1	513	false	false	Saccharomyces cerevisiae (strain ATCC 204508 / S288c)	Meiotic sister chromatid recombination protein 1	1:Experimental evidence at protein level	22.03	1.0000	0.9990	0.00000000000000	10	10	10	13	13	13	5.3101572E7	5.3101572E7	5.3101572E7			
sp|Q03148|SNZ1_YEAST	Q03148	SNZ1_YEAST	SNZ1	297	false	false	Saccharomyces cerevisiae (strain ATCC 204508 / S288c)	Pyridoxal 5'-phosphate synthase subunit SNZ1	1:Experimental evidence at protein level	27.61	1.0000	0.9990	0.00000000000000	8	4	8	11	5	11	7.9123672E7	3.8840492E7	7.9123672E7	5C(57.0215)		
sp|Q03161|YMY9_YEAST	Q03161	YMY9_YEAST	YMR099C	297	false	false	Saccharomyces cerevisiae (strain ATCC 204508 / S288c)	Glucose-6-phosphate 1-epimerase	1:Experimental evidence at protein level	46.80	1.0000	0.9990	0.00000000000000	14	14	14	18	18	18	7.7805016E7	7.7805016E7	7.7805016E7	8C(57.0215),8C(57.0215)		
sp|Q03195|RLI1_YEAST	Q03195	RLI1_YEAST	RLI1	608	false	false	Saccharomyces cerevisiae (strain ATCC 204508 / S288c)	Translation initiation factor RLI1	1:Experimental evidence at protein level	26.48	1.0000	0.9990	0.00000000000000	15	15	15	18	18	18	4.228166E7	4.228166E7	4.228166E7	1C(57.0215),2C(57.0215),9C(57.0215)		
sp|Q03219|YM44_YEAST	Q03219	YM44_YEAST	YMR178W	274	false	false	Saccharomyces cerevisiae (strain ATCC 204508 / S288c)	Uncharacterized protein YMR178W	1:Experimental evidence at protein level	7.30	1.0000	0.9990	0.00000000000000	2	2	2	2	2	2	1.3479076E7	1.3479076E7	1.3479076E7	2C(57.0215)		
sp|Q03262|PGM3_YEAST	Q03262	PGM3_YEAST	PRM15	622	false	false	Saccharomyces cerevisiae (strain ATCC 204508 / S288c)	Phosphoribomutase	1:Experimental evidence at protein level	4.18	1.0000	0.9990	0.00000000000000	2	2	2	3	3	3	7625486.0	7625486.0	7625486.0			
sp|Q03280|TOM1_YEAST	Q03280	TOM1_YEAST	TOM1	3268	false	false	Saccharomyces cerevisiae (strain ATCC 204508 / S288c)	E3 ubiquitin-protein ligase TOM1	1:Experimental evidence at protein level	0.55	1.0000	0.9989	0.00000000000000	2	2	2	2	2	2	4560669.5	4560669.5	4560669.5			
sp|Q03362|YD476_YEAST	Q03362	YD476_YEAST	YDR476C	224	false	false	Saccharomyces cerevisiae (strain ATCC 204508 / S288c)	Uncharacterized protein YDR476C	1:Experimental evidence at protein level	12.95	1.0000	0.9990	0.00000000000000	2	2	2	3	3	3	1.806538E7	1.806538E7	1.806538E7	6C(57.0215)		
sp|Q03516|RSN1_YEAST	Q03516	RSN1_YEAST	RSN1	953	false	false	Saccharomyces cerevisiae (strain ATCC 204508 / S288c)	Uncharacterized protein RSN1	1:Experimental evidence at protein level	2.10	1.0000	0.9990	0.00000000000000	1	1	1	1	1	1	2650320.8	2650320.8	2650320.8			
sp|Q03529|SCS7_YEAST	Q03529	SCS7_YEAST	SCS7	384	false	false	Saccharomyces cerevisiae (strain ATCC 204508 / S288c)	Ceramide very long chain fatty acid hydroxylase SCS7	1:Experimental evidence at protein level	11.20	1.0000	0.9990	0.00000000000000	4	4	4	4	4	4	3.9548656E7	3.9548656E7	3.9548656E7	11C(57.0215)		
sp|Q03532|HAS1_YEAST	Q03532	HAS1_YEAST	HAS1	505	false	false	Saccharomyces cerevisiae (strain ATCC 204508 / S288c)	ATP-dependent RNA helicase HAS1	1:Experimental evidence at protein level	5.54	1.0000	0.9990	0.00000000000000	6	6	6	4	4	4	2.0903408E7	2.0903408E7	2.0903408E7			
sp|Q03558|OYE2_YEAST	Q03558	OYE2_YEAST	OYE2	400	false	false	Saccharomyces cerevisiae (strain ATCC 204508 / S288c)	NADPH dehydrogenase 2	1:Experimental evidence at protein level	50.00	1.0000	0.9990	0.00000000000000	17	15	17	68	60	68	4.9582672E8	4.9582672E8	4.9582672E8			
sp|Q03559|YM8V_YEAST	Q03559	YM8V_YEAST	YMR295C	197	false	false	Saccharomyces cerevisiae (strain ATCC 204508 / S288c)	Uncharacterized protein YMR295C	1:Experimental evidence at protein level	19.29	1.0000	0.9990	0.00000000000000	2	2	2	2	2	2	6411316.0	6411316.0	6411316.0			
sp|Q03629|YMH9_YEAST	Q03629	YMH9_YEAST	YML079W	201	false	false	Saccharomyces cerevisiae (strain ATCC 204508 / S288c)	Uncharacterized protein YML079W	1:Experimental evidence at protein level	20.40	1.0000	0.9990	0.00000000000000	2	2	2	2	2	2	9389707.0	9389707.0	9389707.0			
sp|Q03640|TCB3_YEAST	Q03640	TCB3_YEAST	TCB3	1545	false	false	Saccharomyces cerevisiae (strain ATCC 204508 / S288c)	Tricalbin-3	1:Experimental evidence at protein level	12.04	1.0000	0.9990	0.00000000000000	19	19	19	20	20	20	4.6179728E7	4.6179728E7	4.6179728E7	1C(57.0215)		
sp|Q03655|GAS3_YEAST	Q03655	GAS3_YEAST	GAS3	524	false	false	Saccharomyces cerevisiae (strain ATCC 204508 / S288c)	Probable 1,3-beta-glucanosyltransferase GAS3	1:Experimental evidence at protein level	9.92	1.0000	0.9990	0.00000000000000	2	2	2	2	2	2	7528361.0	7528361.0	7528361.0	27C(57.0215)		
sp|Q03667|MIX17_YEAST	Q03667	MIX17_YEAST	MIX17	156	false	false	Saccharomyces cerevisiae (strain ATCC 204508 / S288c)	Mitochondrial intermembrane space cysteine motif-containing protein MIX17	1:Experimental evidence at protein level	17.31	1.0000	0.9990	0.00000000000000	3	3	3	2	2	2	2.1959516E7	2.1959516E7	2.1959516E7	12C(57.0215),1C(57.0215),2C(57.0215)		
sp|Q03690|CLU_YEAST	Q03690	CLU_YEAST	CLU1	1277	false	false	Saccharomyces cerevisiae (strain ATCC 204508 / S288c)	Clustered mitochondria protein 1	1:Experimental evidence at protein level	24.04	1.0000	0.9990	0.00000000000000	29	29	29	36	36	36	8.815676E7	8.815676E7	8.815676E7	3C(57.0215)		
sp|Q03862|ARX1_YEAST	Q03862	ARX1_YEAST	ARX1	593	false	false	Saccharomyces cerevisiae (strain ATCC 204508 / S288c)	Probable metalloprotease ARX1	1:Experimental evidence at protein level	5.23	1.0000	0.9990	0.00000000000000	3	3	3	4	4	4	2.4791624E7	2.4791624E7	2.4791624E7			
sp|Q03940|RUVB1_YEAST	Q03940	RUVB1_YEAST	RVB1	463	false	false	Saccharomyces cerevisiae (strain ATCC 204508 / S288c)	RuvB-like protein 1	1:Experimental evidence at protein level	23.76	1.0000	0.9990	0.00000000000000	9	9	9	11	11	11	3.995544E7	3.995544E7	3.995544E7	3C(57.0215)		
sp|Q03973|HMO1_YEAST	Q03973	HMO1_YEAST	HMO1	246	false	false	Saccharomyces cerevisiae (strain ATCC 204508 / S288c)	High mobility group protein 1	1:Experimental evidence at protein level	24.80	1.0000	0.9990	0.00000000000000	6	6	6	6	6	6	6.7669272E7	6.7669272E7	6.7669272E7			
sp|Q04062|RPN9_YEAST	Q04062	RPN9_YEAST	RPN9	393	false	false	Saccharomyces cerevisiae (strain ATCC 204508 / S288c)	26S proteasome regulatory subunit RPN9	1:Experimental evidence at protein level	31.81	1.0000	0.9990	0.00000000000000	13	13	13	19	19	19	6.540084E7	6.540084E7	6.540084E7			
sp|Q04067|EIF3G_YEAST	Q04067	EIF3G_YEAST	TIF35	274	false	false	Saccharomyces cerevisiae (strain ATCC 204508 / S288c)	Eukaryotic translation initiation factor 3 subunit G	1:Experimental evidence at protein level	29.56	1.0000	0.9990	0.00000000000000	6	6	6	7	7	7	4.6098572E7	4.6098572E7	4.6098572E7	6C(57.0215)		
sp|Q04170|YD391_YEAST	Q04170	YD391_YEAST	YDR391C	232	false	false	Saccharomyces cerevisiae (strain ATCC 204508 / S288c)	Uncharacterized protein YDR391C	1:Experimental evidence at protein level	19.40	1.0000	0.9990	0.00000000000000	5	5	5	6	6	6	1.710329E7	1.710329E7	1.710329E7			
sp|Q04175|SXM1_YEAST	Q04175	SXM1_YEAST	SXM1	944	false	false	Saccharomyces cerevisiae (strain ATCC 204508 / S288c)	Importin beta SMX1	1:Experimental evidence at protein level	3.07	1.0000	0.9990	0.00000000000000	4	4	4	3	3	3	1.890577E7	1.890577E7	1.890577E7			
sp|Q04178|HPRT_YEAST	Q04178	HPRT_YEAST	HPT1	221	false	false	Saccharomyces cerevisiae (strain ATCC 204508 / S288c)	Hypoxanthine-guanine phosphoribosyltransferase	1:Experimental evidence at protein level	26.24	1.0000	0.9990	0.00000000000000	4	4	4	5	5	5	6.8114744E7	6.8114744E7	6.8114744E7	12C(57.0215)		
sp|Q04225|RRB1_YEAST	Q04225	RRB1_YEAST	RRB1	511	false	false	Saccharomyces cerevisiae (strain ATCC 204508 / S288c)	Ribosome assembly protein RRB1	1:Experimental evidence at protein level	8.02	1.0000	0.9990	0.00000000000000	5	5	5	3	3	3	1.9632316E7	1.9632316E7	1.9632316E7			
sp|Q04336|YM54_YEAST	Q04336	YM54_YEAST	YMR196W	1088	false	false	Saccharomyces cerevisiae (strain ATCC 204508 / S288c)	Uncharacterized protein YMR196W	1:Experimental evidence at protein level	7.08	1.0000	0.9990	0.00000000000000	7	7	7	8	8	8	2.7489728E7	2.7489728E7	2.7489728E7			
sp|Q04344|HNT1_YEAST	Q04344	HNT1_YEAST	HNT1	158	false	false	Saccharomyces cerevisiae (strain ATCC 204508 / S288c)	Adenosine 5'-monophosphoramidase HNT1	1:Experimental evidence at protein level	36.08	1.0000	0.9990	0.00000000000000	4	4	4	8	8	8	6.5401716E7	6.5401716E7	6.5401716E7			
sp|Q04371|ARMT1_YEAST	Q04371	ARMT1_YEAST	YMR027W	470	false	false	Saccharomyces cerevisiae (strain ATCC 204508 / S288c)	Damage-control phosphatase YMR027W	1:Experimental evidence at protein level	14.68	1.0000	0.9990	0.00000000000000	8	8	8	9	9	9	2.7358436E7	2.7358436E7	2.7358436E7			
sp|Q04373|PUF6_YEAST	Q04373	PUF6_YEAST	PUF6	656	false	false	Saccharomyces cerevisiae (strain ATCC 204508 / S288c)	Pumilio homology domain family member 6	1:Experimental evidence at protein level	4.57	1.0000	0.9990	0.00000000000000	5	5	5	3	3	3	2.5107516E7	2.5107516E7	2.5107516E7	2C(57.0215)		
sp|Q04409|EMI2_YEAST	Q04409	EMI2_YEAST	EMI2	500	false	false	Saccharomyces cerevisiae (strain ATCC 204508 / S288c)	Putative glucokinase-2	1:Experimental evidence at protein level	28.20	1.0000	0.9990	0.00000000000000	15	15	15	20	20	20	6.9559472E7	6.9559472E7	6.9559472E7	6C(57.0215),N-term(42.0106)		
sp|Q04410|GRH1_YEAST	Q04410	GRH1_YEAST	GRH1	372	false	false	Saccharomyces cerevisiae (strain ATCC 204508 / S288c)	GRASP65 homolog protein 1	1:Experimental evidence at protein level	8.60	1.0000	0.9990	0.00000000000000	3	3	3	3	3	3	1.2512746E7	1.2512746E7	1.2512746E7	3C(57.0215),9C(57.0215)		
sp|Q04438|SPG4_YEAST	Q04438	SPG4_YEAST	SPG4	115	false	false	Saccharomyces cerevisiae (strain ATCC 204508 / S288c)	Stationary phase protein 4	1:Experimental evidence at protein level	37.39	1.0000	0.9990	0.00000000000000	3	3	3	4	4	4	2.7333944E7	2.7333944E7	2.7333944E7			
sp|Q04439|MYO5_YEAST	Q04439	MYO5_YEAST	MYO5	1219	false	false	Saccharomyces cerevisiae (strain ATCC 204508 / S288c)	Myosin-5	1:Experimental evidence at protein level	4.10	1.0000	0.9990	0.00000000000000	6	5	6	4	4	4	3.4751648E7	3.096258E7	3.4751648E7			
sp|Q04458|HFD1_YEAST	Q04458	HFD1_YEAST	HFD1	532	false	false	Saccharomyces cerevisiae (strain ATCC 204508 / S288c)	Fatty aldehyde dehydrogenase HFD1	1:Experimental evidence at protein level	17.67	1.0000	0.9990	0.00000000000000	8	8	8	7	7	7	1.8878924E7	1.8878924E7	1.8878924E7	2C(57.0215)		
sp|Q04491|SEC13_YEAST	Q04491	SEC13_YEAST	SEC13	297	false	false	Saccharomyces cerevisiae (strain ATCC 204508 / S288c)	Protein transport protein SEC13	1:Experimental evidence at protein level	50.51	1.0000	0.9990	0.00000000000000	13	13	13	26	26	26	9.9512768E7	9.9512768E7	9.9512768E7	4C(57.0215),8C(57.0215)		
sp|Q04493|PFD5_YEAST	Q04493	PFD5_YEAST	GIM5	163	false	false	Saccharomyces cerevisiae (strain ATCC 204508 / S288c)	Prefoldin subunit 5	1:Experimental evidence at protein level	11.66	1.0000	0.9990	0.00000000000000	3	3	3	2	2	2	1.81981E7	1.81981E7	1.81981E7	4C(57.0215)		
sp|Q04636|POB3_YEAST	Q04636	POB3_YEAST	POB3	552	false	false	Saccharomyces cerevisiae (strain ATCC 204508 / S288c)	FACT complex subunit POB3	1:Experimental evidence at protein level	11.78	1.0000	0.9990	0.00000000000000	7	7	7	7	7	7	2.5198196E7	2.5198196E7	2.5198196E7	4C(57.0215),8C(57.0215)		
sp|Q04697|GSF2_YEAST	Q04697	GSF2_YEAST	GSF2	403	false	false	Saccharomyces cerevisiae (strain ATCC 204508 / S288c)	Glucose-signaling factor 2	1:Experimental evidence at protein level	21.84	1.0000	0.9990	0.00000000000000	11	11	11	16	16	16	6.2559376E7	6.2559376E7	6.2559376E7			
sp|Q04728|ARGJ_YEAST	Q04728	ARGJ_YEAST	ARG7	441	false	false	Saccharomyces cerevisiae (strain ATCC 204508 / S288c)	Arginine biosynthesis bifunctional protein ArgJ, mitochondrial	1:Experimental evidence at protein level	3.63	1.0000	0.9980	0.00000000000000	2	2	2	2	2	2	6530964.0	6530964.0	6530964.0			
sp|Q04767|TVP18_YEAST	Q04767	TVP18_YEAST	TVP18	167	false	false	Saccharomyces cerevisiae (strain ATCC 204508 / S288c)	Golgi apparatus membrane protein TVP18	1:Experimental evidence at protein level	14.97	1.0000	0.9990	0.00000000000000	2	2	2	2	2	2	3.4136328E7	3.4136328E7	3.4136328E7			
sp|Q04773|YMW4_YEAST	Q04773	YMW4_YEAST	YMR074C	145	false	false	Saccharomyces cerevisiae (strain ATCC 204508 / S288c)	Uncharacterized protein YMR074C	1:Experimental evidence at protein level	13.79	1.0000	0.9990	0.00000000000000	2	2	2	3	3	3	2.0764472E7	2.0764472E7	2.0764472E7			
sp|Q04792|DCE_YEAST	Q04792	DCE_YEAST	GAD1	585	false	false	Saccharomyces cerevisiae (strain ATCC 204508 / S288c)	Glutamate decarboxylase	1:Experimental evidence at protein level	3.08	1.0000	0.9990	0.00000000000000	3	3	3	2	2	2	1.8102784E7	1.8102784E7	1.8102784E7			
sp|Q04869|YM94_YEAST	Q04869	YM94_YEAST	YMR315W	349	false	false	Saccharomyces cerevisiae (strain ATCC 204508 / S288c)	Uncharacterized protein YMR315W	1:Experimental evidence at protein level	35.82	1.0000	0.9990	0.00000000000000	12	12	12	15	15	15	8.8339504E7	8.8339504E7	8.8339504E7			
sp|Q04894|ADH6_YEAST	Q04894	ADH6_YEAST	ADH6	360	false	false	Saccharomyces cerevisiae (strain ATCC 204508 / S288c)	NADP-dependent alcohol dehydrogenase 6	1:Experimental evidence at protein level	30.56	1.0000	0.9990	0.00000000000000	9	9	9	20	20	20	1.03836112E8	1.03836112E8	1.03836112E8	7C(57.0215)		
sp|Q04947|RTN1_YEAST	Q04947	RTN1_YEAST	RTN1	295	false	false	Saccharomyces cerevisiae (strain ATCC 204508 / S288c)	Reticulon-like protein 1	1:Experimental evidence at protein level	53.90	1.0000	0.9990	0.00000000000000	12	12	12	24	24	24	2.55698432E8	2.55698432E8	2.55698432E8	2C(57.0215),2C(57.0215),4C(57.0215),9C(57.0215),N-term(42.0106)		
sp|Q04969|SPC2_YEAST	Q04969	SPC2_YEAST	SPC2	178	false	false	Saccharomyces cerevisiae (strain ATCC 204508 / S288c)	Signal peptidase complex subunit 2	1:Experimental evidence at protein level	13.48	1.0000	0.9989	0.00000000000000	2	2	2	2	2	2	9973709.0	9973709.0	9973709.0			
sp|Q05016|YM71_YEAST	Q05016	YM71_YEAST	YMR226C	267	false	false	Saccharomyces cerevisiae (strain ATCC 204508 / S288c)	NADP-dependent 3-hydroxy acid dehydrogenase	1:Experimental evidence at protein level	37.45	1.0000	0.9990	0.00000000000000	8	8	8	11	11	11	7.6506752E7	7.6506752E7	7.6506752E7	10C(57.0215)		
sp|Q05022|RRP5_YEAST	Q05022	RRP5_YEAST	RRP5	1729	false	false	Saccharomyces cerevisiae (strain ATCC 204508 / S288c)	rRNA biogenesis protein RRP5	1:Experimental evidence at protein level	12.49	1.0000	0.9990	0.00000000000000	22	22	22	22	22	22	4.727142E7	4.727142E7	4.727142E7	4C(57.0215),4C(57.0215)		
sp|Q05050|EIS1_YEAST	Q05050	EIS1_YEAST	EIS1	843	false	false	Saccharomyces cerevisiae (strain ATCC 204508 / S288c)	Eisosome protein 1	1:Experimental evidence at protein level	20.88	1.0000	0.9990	0.00000000000000	22	22	22	18	18	18	9.683264E7	9.683264E7	9.683264E7	1C(57.0215)		
sp|Q05359|ERP1_YEAST	Q05359	ERP1_YEAST	ERP1	219	false	false	Saccharomyces cerevisiae (strain ATCC 204508 / S288c)	Protein ERP1	1:Experimental evidence at protein level	23.74	1.0000	0.9990	0.00000000000000	5	5	5	4	4	4	2.4200082E7	2.4200082E7	2.4200082E7	2C(57.0215)		
sp|Q05506|SYRC_YEAST	Q05506	SYRC_YEAST	YDR341C	607	false	false	Saccharomyces cerevisiae (strain ATCC 204508 / S288c)	Arginine--tRNA ligase, cytoplasmic	1:Experimental evidence at protein level	39.87	1.0000	0.9990	0.00000000000000	27	26	27	50	49	50	1.04804992E8	1.04804992E8	1.04804992E8	3C(57.0215)		
sp|Q05515|SVF1_YEAST	Q05515	SVF1_YEAST	SVF1	481	false	false	Saccharomyces cerevisiae (strain ATCC 204508 / S288c)	Survival factor 1	1:Experimental evidence at protein level	15.80	1.0000	0.9990	0.00000000000000	6	6	6	6	6	6	4.892052E7	4.892052E7	4.892052E7			
sp|Q05567|SGPL_YEAST	Q05567	SGPL_YEAST	DPL1	589	false	false	Saccharomyces cerevisiae (strain ATCC 204508 / S288c)	Sphingosine-1-phosphate lyase	1:Experimental evidence at protein level	11.21	1.0000	0.9990	0.00000000000000	8	8	8	5	5	5	1.7690526E7	1.7690526E7	1.7690526E7	2C(57.0215)		
sp|Q05584|GLO2_YEAST	Q05584	GLO2_YEAST	GLO2	274	false	false	Saccharomyces cerevisiae (strain ATCC 204508 / S288c)	Hydroxyacylglutathione hydrolase, cytoplasmic isozyme	1:Experimental evidence at protein level	9.85	1.0000	0.9990	0.00000000000000	3	3	3	3	3	3	2.3364364E7	2.3364364E7	2.3364364E7	9C(57.0215)		
sp|Q05636|RRP45_YEAST	Q05636	RRP45_YEAST	RRP45	305	false	false	Saccharomyces cerevisiae (strain ATCC 204508 / S288c)	Exosome complex component RRP45	1:Experimental evidence at protein level	8.85	1.0000	0.9979	0.00000000000000	4	4	4	3	3	3	5.9301544E7	5.9301544E7	5.9301544E7			
sp|Q05775|EIF3J_YEAST	Q05775	EIF3J_YEAST	HCR1	265	false	false	Saccharomyces cerevisiae (strain ATCC 204508 / S288c)	Eukaryotic translation initiation factor 3 subunit J	1:Experimental evidence at protein level	18.87	1.0000	0.9990	0.00000000000000	6	6	6	9	9	9	7.9929328E7	7.9929328E7	7.9929328E7			
sp|Q05785|ENT2_YEAST	Q05785	ENT2_YEAST	ENT2	613	false	false	Saccharomyces cerevisiae (strain ATCC 204508 / S288c)	Epsin-2	1:Experimental evidence at protein level	3.26	1.0000	0.9990	0.00000000000000	3	3	3	3	3	3	8285519.0	8285519.0	8285519.0			
sp|Q05788|PNPH_YEAST	Q05788	PNPH_YEAST	PNP1	311	false	false	Saccharomyces cerevisiae (strain ATCC 204508 / S288c)	Purine nucleoside phosphorylase	1:Experimental evidence at protein level	3.22	1.0000	0.9990	0.00000000000000	1	1	1	2	2	2	1.3784283E7	1.3784283E7	1.3784283E7			
sp|Q05905|HRI1_YEAST	Q05905	HRI1_YEAST	HRI1	244	false	false	Saccharomyces cerevisiae (strain ATCC 204508 / S288c)	Protein HRI1	1:Experimental evidence at protein level	28.28	1.0000	0.9990	0.00000000000000	8	8	8	14	14	14	9.1128912E7	9.1128912E7	9.1128912E7			
sp|Q05911|PUR8_YEAST	Q05911	PUR8_YEAST	ADE13	482	false	false	Saccharomyces cerevisiae (strain ATCC 204508 / S288c)	Adenylosuccinate lyase	1:Experimental evidence at protein level	41.29	1.0000	0.9990	0.00000000000000	18	18	18	39	39	39	2.20406128E8	2.20406128E8	2.20406128E8			
sp|Q05933|ARPC3_YEAST	Q05933	ARPC3_YEAST	ARC18	178	false	false	Saccharomyces cerevisiae (strain ATCC 204508 / S288c)	Actin-related protein 2/3 complex subunit 3	1:Experimental evidence at protein level	25.28	1.0000	0.9990	0.00000000000000	4	4	4	4	4	4	4.8398624E7	4.8398624E7	4.8398624E7			
sp|Q06010|STE23_YEAST	Q06010	STE23_YEAST	STE23	1027	false	false	Saccharomyces cerevisiae (strain ATCC 204508 / S288c)	A-factor-processing enzyme	1:Experimental evidence at protein level	4.58	1.0000	0.9989	0.00000000000000	5	5	5	6	6	6	1.3676519E7	1.3676519E7	1.3676519E7			
sp|Q06103|RPN7_YEAST	Q06103	RPN7_YEAST	RPN7	429	false	false	Saccharomyces cerevisiae (strain ATCC 204508 / S288c)	26S proteasome regulatory subunit RPN7	1:Experimental evidence at protein level	23.31	1.0000	0.9990	0.00000000000000	10	10	10	11	11	11	6.4291244E7	6.4291244E7	6.4291244E7	10C(57.0215),3C(57.0215)		
sp|Q06142|IMB1_YEAST	Q06142	IMB1_YEAST	KAP95	861	false	false	Saccharomyces cerevisiae (strain ATCC 204508 / S288c)	Importin subunit beta-1	1:Experimental evidence at protein level	1.74	1.0000	0.9990	0.00000000000000	3	3	3	2	2	2	1.0811798E7	1.0811798E7	1.0811798E7			
sp|Q06144|ORM2_YEAST	Q06144	ORM2_YEAST	ORM2	216	false	false	Saccharomyces cerevisiae (strain ATCC 204508 / S288c)	Protein ORM2	1:Experimental evidence at protein level	20.83	1.0000	0.9990	0.00000000000000	3	2	3	7	3	7	3.00786E7	1.9085212E7	3.00786E7			
sp|Q06146|YL257_YEAST	Q06146	YL257_YEAST	YLR257W	321	false	false	Saccharomyces cerevisiae (strain ATCC 204508 / S288c)	Uncharacterized protein YLR257W	1:Experimental evidence at protein level	17.13	1.0000	0.9990	0.00000000000000	6	6	6	6	6	6	3.101656E7	3.101656E7	3.101656E7			
sp|Q06151|DCPS_YEAST	Q06151	DCPS_YEAST	DCS1	350	false	false	Saccharomyces cerevisiae (strain ATCC 204508 / S288c)	m7GpppX diphosphatase	1:Experimental evidence at protein level	36.57	1.0000	0.9990	0.00000000000000	12	11	12	17	16	17	2.01495488E8	2.01495488E8	2.01495488E8	6C(57.0215)		
sp|Q06177|TMA10_YEAST	Q06177	TMA10_YEAST	TMA10	86	false	false	Saccharomyces cerevisiae (strain ATCC 204508 / S288c)	Translation machinery-associated protein 10	1:Experimental evidence at protein level	52.33	1.0000	0.9990	0.00000000000000	3	3	3	10	10	10	1.55750816E8	1.55750816E8	1.55750816E8			
sp|Q06205|FKBP4_YEAST	Q06205	FKBP4_YEAST	FPR4	392	false	false	Saccharomyces cerevisiae (strain ATCC 204508 / S288c)	FK506-binding protein 4	1:Experimental evidence at protein level	8.16	1.0000	0.9990	0.00000000000000	3	3	3	2	2	2	1.5497183E7	1.5497183E7	1.5497183E7			
sp|Q06252|YL179_YEAST	Q06252	YL179_YEAST	YLR179C	201	false	false	Saccharomyces cerevisiae (strain ATCC 204508 / S288c)	Uncharacterized protein YLR179C	1:Experimental evidence at protein level	36.82	1.0000	0.9990	0.00000000000000	7	7	7	14	14	14	8.8882008E7	8.8882008E7	8.8882008E7	5C(57.0215),6C(57.0215),6C(57.0215)		
sp|Q06287|NEP1_YEAST	Q06287	NEP1_YEAST	EMG1	252	false	false	Saccharomyces cerevisiae (strain ATCC 204508 / S288c)	Ribosomal RNA small subunit methyltransferase NEP1	1:Experimental evidence at protein level	4.37	1.0000	0.9990	0.00000000000000	2	2	2	1	1	1	4715358.5	4715358.5	4715358.5			
sp|Q06336|GGA1_YEAST	Q06336	GGA1_YEAST	GGA1	557	false	false	Saccharomyces cerevisiae (strain ATCC 204508 / S288c)	ADP-ribosylation factor-binding protein GGA1	1:Experimental evidence at protein level	8.98	1.0000	0.9990	0.00000000000000	3	3	3	4	4	4	1.5822662E7	1.5822662E7	1.5822662E7			
sp|Q06385|VPS74_YEAST	Q06385	VPS74_YEAST	VPS74	345	false	false	Saccharomyces cerevisiae (strain ATCC 204508 / S288c)	Vacuolar protein sorting-associated protein 74	1:Experimental evidence at protein level	4.93	1.0000	0.9990	0.00000000000000	2	2	2	2	2	2	1.763576E7	1.763576E7	1.763576E7			
sp|Q06406|LSM6_YEAST	Q06406	LSM6_YEAST	LSM6	86	false	false	Saccharomyces cerevisiae (strain ATCC 204508 / S288c)	U6 snRNA-associated Sm-like protein LSm6	1:Experimental evidence at protein level	20.93	1.0000	0.9990	0.00000000000000	2	2	2	4	4	4	2.3338924E7	2.3338924E7	2.3338924E7			
sp|Q06440|CORO_YEAST	Q06440	CORO_YEAST	CRN1	651	false	false	Saccharomyces cerevisiae (strain ATCC 204508 / S288c)	Coronin-like protein	1:Experimental evidence at protein level	12.44	1.0000	0.9990	0.00000000000000	8	8	8	6	6	6	3.0485252E7	3.0485252E7	3.0485252E7			
sp|Q06449|PIN3_YEAST	Q06449	PIN3_YEAST	PIN3	215	false	false	Saccharomyces cerevisiae (strain ATCC 204508 / S288c)	[PSI+] inducibility protein 3	1:Experimental evidence at protein level	4.65	1.0000	0.9990	0.00000000000000	2	2	2	1	1	1	4.1482536E7	4.1482536E7	4.1482536E7			
sp|Q06489|MTNA_YEAST	Q06489	MTNA_YEAST	MRI1	411	false	false	Saccharomyces cerevisiae (strain ATCC 204508 / S288c)	Methylthioribose-1-phosphate isomerase	1:Experimental evidence at protein level	15.57	1.0000	0.9990	0.00000000000000	5	5	5	5	5	5	2.6866748E7	2.6866748E7	2.6866748E7			
sp|Q06494|PLR1_YEAST	Q06494	PLR1_YEAST	YPR127W	345	false	false	Saccharomyces cerevisiae (strain ATCC 204508 / S288c)	Putative pyridoxal reductase	1:Experimental evidence at protein level	12.17	1.0000	0.9990	0.00000000000000	4	4	4	4	4	4	2.149305E7	2.149305E7	2.149305E7			
sp|Q06505|IWS1_YEAST	Q06505	IWS1_YEAST	SPN1	410	false	false	Saccharomyces cerevisiae (strain ATCC 204508 / S288c)	Transcription factor SPN1	1:Experimental evidence at protein level	9.02	1.0000	0.9990	0.00000000000000	4	4	4	3	3	3	4.2097532E7	4.2097532E7	4.2097532E7			
sp|Q06523|YP148_YEAST	Q06523	YP148_YEAST	YPR148C	435	false	false	Saccharomyces cerevisiae (strain ATCC 204508 / S288c)	Uncharacterized protein YPR148C	1:Experimental evidence at protein level	11.26	1.0000	0.9990	0.00000000000000	6	6	6	4	4	4	2.6999158E7	2.6999158E7	2.6999158E7	2C(57.0215),5C(57.0215),7C(57.0215)		
sp|Q06625|GDE_YEAST	Q06625	GDE_YEAST	GDB1	1536	false	false	Saccharomyces cerevisiae (strain ATCC 204508 / S288c)	Glycogen debranching enzyme	1:Experimental evidence at protein level	10.22	1.0000	0.9990	0.00000000000000	16	16	16	16	16	16	2.03987984E8	2.03987984E8	2.03987984E8	14C(57.0215),8C(57.0215),8C(57.0215)		
sp|Q06685|VIP1_YEAST	Q06685	VIP1_YEAST	VIP1	1146	false	false	Saccharomyces cerevisiae (strain ATCC 204508 / S288c)	Inositol hexakisphosphate and diphosphoinositol-pentakisphosphate kinase	1:Experimental evidence at protein level	8.38	1.0000	0.9990	0.00000000000000	16	16	16	9	9	9	2.7659944E7	2.7659944E7	2.7659944E7	2C(57.0215),5C(57.0215),5C(57.0215),7C(57.0215)		
sp|Q06705|CSR1_YEAST	Q06705	CSR1_YEAST	CSR1	408	false	false	Saccharomyces cerevisiae (strain ATCC 204508 / S288c)	Phosphatidylinositol transfer protein CSR1	1:Experimental evidence at protein level	6.86	1.0000	0.9990	0.00000000000000	3	3	3	2	2	2	1.491634E7	1.491634E7	1.491634E7			
sp|Q06706|ELP1_YEAST	Q06706	ELP1_YEAST	IKI3	1349	false	false	Saccharomyces cerevisiae (strain ATCC 204508 / S288c)	Elongator complex protein 1	1:Experimental evidence at protein level	3.78	1.0000	0.9990	0.00000000000000	6	6	6	5	5	5	1.02630104E8	1.02630104E8	1.02630104E8			
sp|Q06839|YP097_YEAST	Q06839	YP097_YEAST	YPR097W	1073	false	false	Saccharomyces cerevisiae (strain ATCC 204508 / S288c)	PX domain-containing protein YPR097W	1:Experimental evidence at protein level	2.05	1.0000	0.9990	0.00000000000000	2	2	2	2	2	2	2.24992E7	2.24992E7	2.24992E7			
sp|Q07451|YET3_YEAST	Q07451	YET3_YEAST	YET3	203	false	false	Saccharomyces cerevisiae (strain ATCC 204508 / S288c)	Endoplasmic reticulum transmembrane protein 3	1:Experimental evidence at protein level	10.34	1.0000	0.9990	0.00000000000000	3	3	3	6	6	6	8.6918976E7	8.6918976E7	8.6918976E7			
sp|Q07478|SUB2_YEAST	Q07478	SUB2_YEAST	SUB2	446	false	false	Saccharomyces cerevisiae (strain ATCC 204508 / S288c)	ATP-dependent RNA helicase SUB2	1:Experimental evidence at protein level	44.17	1.0000	0.9990	0.00000000000000	15	15	15	44	44	44	1.76312016E8	1.76312016E8	1.76312016E8	29C(57.0215),5C(57.0215),29C(57.0215),5C(57.0215),2C(57.0215),7C(57.0215)		
sp|Q07505|DLHH_YEAST	Q07505	DLHH_YEAST	YDL086W	273	false	false	Saccharomyces cerevisiae (strain ATCC 204508 / S288c)	Putative carboxymethylenebutenolidase	1:Experimental evidence at protein level	24.91	1.0000	0.9990	0.00000000000000	6	6	6	6	6	6	2.1863664E7	2.1863664E7	2.1863664E7	17C(57.0215),2C(57.0215),3C(57.0215)		
sp|Q07551|KAR_YEAST	Q07551	KAR_YEAST	YDL124W	312	false	false	Saccharomyces cerevisiae (strain ATCC 204508 / S288c)	NADPH-dependent alpha-keto amide reductase	1:Experimental evidence at protein level	57.69	1.0000	0.9990	0.00000000000000	15	15	15	40	40	40	2.00885856E8	2.00885856E8	2.00885856E8	2C(57.0215)		
sp|Q07648|DTD_YEAST	Q07648	DTD_YEAST	DTD1	150	false	false	Saccharomyces cerevisiae (strain ATCC 204508 / S288c)	D-aminoacyl-tRNA deacylase	1:Experimental evidence at protein level	12.00	1.0000	0.9990	0.00000000000000	3	3	3	3	3	3	1.9328562E7	1.9328562E7	1.9328562E7			
sp|Q07653|HBT1_YEAST	Q07653	HBT1_YEAST	HBT1	1046	false	false	Saccharomyces cerevisiae (strain ATCC 204508 / S288c)	Protein HBT1	1:Experimental evidence at protein level	0.96	1.0000	0.9990	0.00000000000000	2	2	2	1	1	1	6060624.0	6060624.0	6060624.0			
sp|Q07657|SHS1_YEAST	Q07657	SHS1_YEAST	SHS1	551	false	false	Saccharomyces cerevisiae (strain ATCC 204508 / S288c)	Seventh homolog of septin 1	1:Experimental evidence at protein level	6.72	1.0000	0.9990	0.00000000000000	5	5	5	4	4	4	1.7466016E7	1.7466016E7	1.7466016E7			
sp|Q07807|PUF3_YEAST	Q07807	PUF3_YEAST	PUF3	879	false	false	Saccharomyces cerevisiae (strain ATCC 204508 / S288c)	mRNA-binding protein PUF3	1:Experimental evidence at protein level	6.26	1.0000	0.9990	0.00000000000000	5	5	5	6	6	6	3.1806756E7	3.1806756E7	3.1806756E7			
sp|Q07825|FRA1_YEAST	Q07825	FRA1_YEAST	FRA1	749	false	false	Saccharomyces cerevisiae (strain ATCC 204508 / S288c)	Putative Xaa-Pro aminopeptidase FRA1	1:Experimental evidence at protein level	10.01	1.0000	0.9990	0.00000000000000	8	8	8	8	8	8	1.740492E7	1.740492E7	1.740492E7			
sp|Q07878|VPS13_YEAST	Q07878	VPS13_YEAST	VPS13	3144	false	false	Saccharomyces cerevisiae (strain ATCC 204508 / S288c)	Intermembrane lipid transfer protein VPS13	1:Experimental evidence at protein level	2.61	1.0000	0.9990	0.00000000000000	7	7	7	5	5	5	1.4726194E7	1.4726194E7	1.4726194E7			
sp|Q08162|RRP44_YEAST	Q08162	RRP44_YEAST	DIS3	1001	false	false	Saccharomyces cerevisiae (strain ATCC 204508 / S288c)	Exosome complex exonuclease DIS3	1:Experimental evidence at protein level	1.20	1.0000	0.9990	0.00000000000000	3	3	3	1	1	1	2.0365982E7	2.0365982E7	2.0365982E7	4C(57.0215)		
sp|Q08179|MDM38_YEAST	Q08179	MDM38_YEAST	MDM38	573	false	false	Saccharomyces cerevisiae (strain ATCC 204508 / S288c)	Mitochondrial distribution and morphology protein 38	1:Experimental evidence at protein level	8.20	1.0000	0.9990	0.00000000000000	5	5	5	5	5	5	1.7182468E7	1.7182468E7	1.7182468E7			
sp|Q08193|GAS5_YEAST	Q08193	GAS5_YEAST	GAS5	484	false	false	Saccharomyces cerevisiae (strain ATCC 204508 / S288c)	1,3-beta-glucanosyltransferase GAS5	1:Experimental evidence at protein level	10.54	1.0000	0.9990	0.00000000000000	4	4	4	5	5	5	3.98754E7	3.98754E7	3.98754E7	13C(57.0215),13C(57.0215),9C(57.0215)		
sp|Q08220|GSHB_YEAST	Q08220	GSHB_YEAST	GSH2	491	false	false	Saccharomyces cerevisiae (strain ATCC 204508 / S288c)	Glutathione synthetase GSH2	1:Experimental evidence at protein level	14.87	1.0000	0.9990	0.00000000000000	8	8	8	8	8	8	2.8391852E7	2.8391852E7	2.8391852E7			
sp|Q08225|DPP3_YEAST	Q08225	DPP3_YEAST	YOL057W	711	false	false	Saccharomyces cerevisiae (strain ATCC 204508 / S288c)	Probable dipeptidyl peptidase 3	1:Experimental evidence at protein level	8.44	1.0000	0.9990	0.00000000000000	5	5	5	5	5	5	1.8397084E7	1.8397084E7	1.8397084E7	11C(57.0215)		
sp|Q08245|ZEO1_YEAST	Q08245	ZEO1_YEAST	ZEO1	113	false	false	Saccharomyces cerevisiae (strain ATCC 204508 / S288c)	Protein ZEO1	1:Experimental evidence at protein level	40.71	1.0000	0.9990	0.00000000000000	5	5	5	26	26	26	7.0146963E8	7.0146963E8	7.0146963E8			
sp|Q08299|ENB1_YEAST	Q08299	ENB1_YEAST	ENB1	606	false	false	Saccharomyces cerevisiae (strain ATCC 204508 / S288c)	Siderophore iron transporter ENB1	1:Experimental evidence at protein level	4.46	1.0000	0.9990	0.00000000000000	3	3	3	4	4	4	2.2080282E7	2.2080282E7	2.2080282E7	4C(57.0215)		
sp|Q08412|CUE5_YEAST	Q08412	CUE5_YEAST	CUE5	411	false	false	Saccharomyces cerevisiae (strain ATCC 204508 / S288c)	Ubiquitin-binding protein CUE5	1:Experimental evidence at protein level	21.90	1.0000	0.9990	0.00000000000000	10	10	10	9	9	9	3.3268E7	3.3268E7	3.3268E7			
sp|Q08421|ETT1_YEAST	Q08421	ETT1_YEAST	ETT1	412	false	false	Saccharomyces cerevisiae (strain ATCC 204508 / S288c)	Enhancer of translation termination 1	1:Experimental evidence at protein level	21.60	1.0000	0.9990	0.00000000000000	9	9	9	11	11	11	3.8537376E7	3.8537376E7	3.8537376E7			
sp|Q08601|MCA1_YEAST	Q08601	MCA1_YEAST	MCA1	432	false	false	Saccharomyces cerevisiae (strain ATCC 204508 / S288c)	Metacaspase-1	1:Experimental evidence at protein level	14.12	1.0000	0.9990	0.00000000000000	7	7	7	8	8	8	4.5462776E7	4.5462776E7	4.5462776E7	8C(57.0215),8C(57.0215)		
sp|Q08641|AB140_YEAST	Q08641	AB140_YEAST	ABP140	628	false	false	Saccharomyces cerevisiae (strain ATCC 204508 / S288c)	tRNA(Thr) (cytosine(32)-N(3))-methyltransferase	1:Experimental evidence at protein level	3.03	1.0000	0.9988	0.00000000000000	3	3	3	2	2	2	8786941.0	8786941.0	8786941.0			
sp|Q08647|PUS7_YEAST	Q08647	PUS7_YEAST	PUS7	676	false	false	Saccharomyces cerevisiae (strain ATCC 204508 / S288c)	Multisubstrate pseudouridine synthase 7	1:Experimental evidence at protein level	4.59	1.0000	0.9990	0.00000000000000	2	2	2	2	2	2	7643182.0	7643182.0	7643182.0			
sp|Q08686|THTR_YEAST	Q08686	THTR_YEAST	TUM1	304	false	false	Saccharomyces cerevisiae (strain ATCC 204508 / S288c)	Thiosulfate sulfurtransferase TUM1	1:Experimental evidence at protein level	16.45	1.0000	0.9990	0.00000000000000	4	4	4	6	6	6	1.6790938E7	1.6790938E7	1.6790938E7			
sp|Q08723|RPN8_YEAST	Q08723	RPN8_YEAST	RPN8	338	false	false	Saccharomyces cerevisiae (strain ATCC 204508 / S288c)	26S proteasome regulatory subunit RPN8	1:Experimental evidence at protein level	38.46	1.0000	0.9990	0.00000000000000	10	10	10	10	10	10	5.3494704E7	5.3494704E7	5.3494704E7	19C(57.0215),1C(57.0215)		
sp|Q08732|HRK1_YEAST	Q08732	HRK1_YEAST	HRK1	759	false	false	Saccharomyces cerevisiae (strain ATCC 204508 / S288c)	Serine/threonine-protein kinase HRK1	1:Experimental evidence at protein level	3.69	1.0000	0.9990	0.00000000000000	2	2	2	2	2	2	0	0	0	3C(57.0215)		
sp|Q08742|RDL2_YEAST	Q08742	RDL2_YEAST	RDL2	149	false	false	Saccharomyces cerevisiae (strain ATCC 204508 / S288c)	Thiosulfate sulfurtransferase RDL2, mitochondrial	1:Experimental evidence at protein level	11.41	1.0000	0.9990	0.00000000000000	2	2	2	2	2	2	1.2487698E7	1.2487698E7	1.2487698E7			
sp|Q08745|RS10A_YEAST	Q08745	RS10A_YEAST	RPS10A	105	false	false	Saccharomyces cerevisiae (strain ATCC 204508 / S288c)	40S ribosomal protein S10-A	1:Experimental evidence at protein level	52.38	1.0000	0.9990	0.00000000000000	5	1	5	32	4	32	4.72660864E8	1.30728016E8	4.72660864E8			
sp|Q08826|SNX3_YEAST	Q08826	SNX3_YEAST	SNX3	162	false	false	Saccharomyces cerevisiae (strain ATCC 204508 / S288c)	Sorting nexin-3	1:Experimental evidence at protein level	18.52	1.0000	0.9990	0.00000000000000	3	3	3	2	2	2	1.4411618E7	1.4411618E7	1.4411618E7			
sp|Q08925|MRN1_YEAST	Q08925	MRN1_YEAST	MRN1	612	false	false	Saccharomyces cerevisiae (strain ATCC 204508 / S288c)	RNA-binding protein MRN1	1:Experimental evidence at protein level	3.27	1.0000	0.9990	0.00000000000000	2	2	2	2	2	2	7767700.5	7767700.5	7767700.5	5C(57.0215)		
sp|Q08962|NIP7_YEAST	Q08962	NIP7_YEAST	NIP7	181	false	false	Saccharomyces cerevisiae (strain ATCC 204508 / S288c)	60S ribosome subunit biogenesis protein NIP7	1:Experimental evidence at protein level	11.05	1.0000	0.9990	0.00000000000000	3	3	3	3	3	3	1.7993926E7	1.7993926E7	1.7993926E7			
sp|Q08971|YP225_YEAST	Q08971	YP225_YEAST	YPL225W	146	false	false	Saccharomyces cerevisiae (strain ATCC 204508 / S288c)	Protein PBDC1 homolog	1:Experimental evidence at protein level	37.67	1.0000	0.9990	0.00000000000000	6	6	6	9	9	9	1.04098224E8	1.04098224E8	1.04098224E8			
sp|Q08972|NEW1_YEAST	Q08972	NEW1_YEAST	NEW1	1196	false	false	Saccharomyces cerevisiae (strain ATCC 204508 / S288c)	[NU+] prion formation protein 1	1:Experimental evidence at protein level	18.65	1.0000	0.9990	0.00000000000000	21	21	21	23	23	23	6.467904E7	6.467904E7	6.467904E7	10C(57.0215),4C(57.0215),2C(57.0215)		
sp|Q08977|CUB1_YEAST	Q08977	CUB1_YEAST	CUB1	551	false	false	Saccharomyces cerevisiae (strain ATCC 204508 / S288c)	Cu(2+) suppressing and bleomycin sensitive protein 1	1:Experimental evidence at protein level	27.04	1.0000	0.9990	0.00000000000000	13	13	13	17	17	17	4.1540788E7	4.1540788E7	4.1540788E7	12C(57.0215)		
sp|Q08985|SAM4_YEAST	Q08985	SAM4_YEAST	SAM4	325	false	false	Saccharomyces cerevisiae (strain ATCC 204508 / S288c)	Homocysteine S-methyltransferase 2	1:Experimental evidence at protein level	21.85	1.0000	0.9990	0.00000000000000	8	5	8	7	4	7	2.8903348E7	2.1630404E7	2.8903348E7			
sp|Q10740|LKHA4_YEAST	Q10740	LKHA4_YEAST	LAP2	671	false	false	Saccharomyces cerevisiae (strain ATCC 204508 / S288c)	Leucine aminopeptidase 2	1:Experimental evidence at protein level	20.27	1.0000	0.9990	0.00000000000000	15	15	15	12	12	12	2.9706386E7	2.9706386E7	2.9706386E7	1C(57.0215),2C(57.0215),5C(57.0215)		
sp|Q12008|PMG2_YEAST	Q12008	PMG2_YEAST	GPM2	311	false	false	Saccharomyces cerevisiae (strain ATCC 204508 / S288c)	Phosphoglycerate mutase 2	1:Experimental evidence at protein level	13.50	1.0000	0.9990	0.00000000000000	4	3	4	4	3	4	2.0201222E7	1.9606604E7	2.0201222E7			
sp|Q12017|PLP2_YEAST	Q12017	PLP2_YEAST	PLP2	286	false	false	Saccharomyces cerevisiae (strain ATCC 204508 / S288c)	Phosducin-like protein 2	1:Experimental evidence at protein level	10.84	1.0000	0.9990	0.00000000000000	3	3	3	3	3	3	9667120.0	9667120.0	9667120.0			
sp|Q12018|CDC53_YEAST	Q12018	CDC53_YEAST	CDC53	815	false	false	Saccharomyces cerevisiae (strain ATCC 204508 / S288c)	Cell division control protein 53	1:Experimental evidence at protein level	6.13	1.0000	0.9990	0.00000000000000	7	7	7	5	5	5	6.4282628E7	6.4282628E7	6.4282628E7			
sp|Q12024|YTM1_YEAST	Q12024	YTM1_YEAST	YTM1	460	false	false	Saccharomyces cerevisiae (strain ATCC 204508 / S288c)	Ribosome biogenesis protein YTM1	1:Experimental evidence at protein level	4.35	1.0000	0.9990	0.00000000000000	3	3	3	2	2	2	1.1530474E7	1.1530474E7	1.1530474E7			
sp|Q12028|AP1G1_YEAST	Q12028	AP1G1_YEAST	APL4	832	false	false	Saccharomyces cerevisiae (strain ATCC 204508 / S288c)	AP-1 complex subunit gamma-1	1:Experimental evidence at protein level	3.61	1.0000	0.9990	0.00000000000000	3	3	3	3	3	3	1.309384E7	1.309384E7	1.309384E7			
sp|Q12029|FSF1_YEAST	Q12029	FSF1_YEAST	FSF1	327	false	false	Saccharomyces cerevisiae (strain ATCC 204508 / S288c)	Sideroflexin FSF1	1:Experimental evidence at protein level	2.45	1.0000	0.9990	0.00000000000000	2	2	2	1	1	1	6456413.0	6456413.0	6456413.0			
sp|Q12032|AIM41_YEAST	Q12032	AIM41_YEAST	AIM41	185	false	false	Saccharomyces cerevisiae (strain ATCC 204508 / S288c)	Altered inheritance of mitochondria protein 41, mitochondrial	1:Experimental evidence at protein level	25.41	1.0000	0.9990	0.00000000000000	4	4	4	4	4	4	1.4778323E7	1.4778323E7	1.4778323E7			
sp|Q12044|RCN2_YEAST	Q12044	RCN2_YEAST	RCN2	265	false	false	Saccharomyces cerevisiae (strain ATCC 204508 / S288c)	Regulator of calcineurin 2	1:Experimental evidence at protein level	38.49	1.0000	0.9990	0.00000000000000	9	9	9	10	10	10	6.303604E7	6.303604E7	6.303604E7			
sp|Q12068|GRE2_YEAST	Q12068	GRE2_YEAST	GRE2	342	false	false	Saccharomyces cerevisiae (strain ATCC 204508 / S288c)	NADPH-dependent methylglyoxal reductase GRE2	1:Experimental evidence at protein level	25.73	1.0000	0.9990	0.00000000000000	8	8	8	11	11	11	4.486598E7	4.486598E7	4.486598E7	10C(57.0215),17C(57.0215),26C(57.0215)		
sp|Q12074|SPEE_YEAST	Q12074	SPEE_YEAST	SPE3	293	false	false	Saccharomyces cerevisiae (strain ATCC 204508 / S288c)	Spermidine synthase SPE3	1:Experimental evidence at protein level	44.03	1.0000	0.9990	0.00000000000000	8	8	8	15	15	15	1.11192864E8	1.11192864E8	1.11192864E8	N-term(42.0106)		
sp|Q12109|SYWC_YEAST	Q12109	SYWC_YEAST	WRS1	432	false	false	Saccharomyces cerevisiae (strain ATCC 204508 / S288c)	Tryptophan--tRNA ligase, cytoplasmic	1:Experimental evidence at protein level	20.37	1.0000	0.9990	0.00000000000000	11	11	11	12	12	12	5.0900468E7	5.0900468E7	5.0900468E7	10C(57.0215)		
sp|Q12114|CHS5_YEAST	Q12114	CHS5_YEAST	CHS5	671	false	false	Saccharomyces cerevisiae (strain ATCC 204508 / S288c)	Chitin biosynthesis protein CHS5	1:Experimental evidence at protein level	8.64	1.0000	0.9990	0.00000000000000	3	3	3	3	3	3	2.364271E7	2.364271E7	2.364271E7	11C(57.0215)		
sp|Q12117|MRH1_YEAST	Q12117	MRH1_YEAST	MRH1	320	false	false	Saccharomyces cerevisiae (strain ATCC 204508 / S288c)	Protein MRH1	1:Experimental evidence at protein level	17.19	1.0000	0.9990	0.00000000000000	5	2	5	19	9	19	2.75742528E8	1.47397856E8	2.75742528E8			
sp|Q12118|SGT2_YEAST	Q12118	SGT2_YEAST	SGT2	346	false	false	Saccharomyces cerevisiae (strain ATCC 204508 / S288c)	Small glutamine-rich tetratricopeptide repeat-containing protein 2	1:Experimental evidence at protein level	47.11	1.0000	0.9990	0.00000000000000	13	13	13	25	25	25	2.07280112E8	2.07280112E8	2.07280112E8			
sp|Q12122|HOSM_YEAST	Q12122	HOSM_YEAST	LYS21	440	false	false	Saccharomyces cerevisiae (strain ATCC 204508 / S288c)	Homocitrate synthase, mitochondrial	1:Experimental evidence at protein level	42.73	1.0000	0.9990	0.00000000000000	18	4	18	23	4	23	1.01754592E8	2.4598224E7	1.01754592E8	2C(57.0215),6C(57.0215),9C(57.0215)		
sp|Q12123|DCS2_YEAST	Q12123	DCS2_YEAST	DCS2	353	false	false	Saccharomyces cerevisiae (strain ATCC 204508 / S288c)	Inactive diphosphatase DCS2	1:Experimental evidence at protein level	19.26	1.0000	0.9990	0.00000000000000	9	8	8	7	6	6	2.9875646E7	2.9875646E7	2.9875646E7			
sp|Q12125|GET4_YEAST	Q12125	GET4_YEAST	GET4	312	false	false	Saccharomyces cerevisiae (strain ATCC 204508 / S288c)	Golgi to ER traffic protein 4	1:Experimental evidence at protein level	19.23	1.0000	0.9990	0.00000000000000	5	5	5	6	6	6	2.8479322E7	2.8479322E7	2.8479322E7			
sp|Q12154|GET3_YEAST	Q12154	GET3_YEAST	GET3	354	false	false	Saccharomyces cerevisiae (strain ATCC 204508 / S288c)	ATPase GET3	1:Experimental evidence at protein level	33.33	1.0000	0.9990	0.00000000000000	12	12	12	20	20	20	1.05721568E8	1.05721568E8	1.05721568E8	4C(57.0215)		
sp|Q12159|YRA1_YEAST	Q12159	YRA1_YEAST	YRA1	226	false	false	Saccharomyces cerevisiae (strain ATCC 204508 / S288c)	RNA annealing protein YRA1	1:Experimental evidence at protein level	35.40	1.0000	0.9990	0.00000000000000	8	8	8	12	12	12	1.0402104E8	1.0402104E8	1.0402104E8			
sp|Q12164|POM33_YEAST	Q12164	POM33_YEAST	POM33	279	false	false	Saccharomyces cerevisiae (strain ATCC 204508 / S288c)	Pore membrane protein of 33 kDa	1:Experimental evidence at protein level	20.43	1.0000	0.9990	0.00000000000000	5	4	5	7	6	7	5.9886408E7	5.9886408E7	5.9886408E7			
sp|Q12178|FCY1_YEAST	Q12178	FCY1_YEAST	FCY1	158	false	false	Saccharomyces cerevisiae (strain ATCC 204508 / S288c)	Cytosine deaminase	1:Experimental evidence at protein level	24.05	1.0000	0.9990	0.00000000000000	3	3	3	4	4	4	4.097666E7	4.097666E7	4.097666E7	15C(57.0215),1C(57.0215)		
sp|Q12191|BUG1_YEAST	Q12191	BUG1_YEAST	BUG1	341	false	false	Saccharomyces cerevisiae (strain ATCC 204508 / S288c)	Binder of USO1 and GRH1 protein 1	1:Experimental evidence at protein level	5.57	1.0000	0.9990	0.00000000000000	3	3	3	2	2	2	9659498.0	9659498.0	9659498.0			
sp|Q12230|LSP1_YEAST	Q12230	LSP1_YEAST	LSP1	341	false	false	Saccharomyces cerevisiae (strain ATCC 204508 / S288c)	Sphingolipid long chain base-responsive protein LSP1	1:Experimental evidence at protein level	36.07	1.0000	0.9990	0.00000000000000	12	11	11	29	25	25	1.6966016E8	1.6966016E8	1.6966016E8			
sp|Q12250|RPN5_YEAST	Q12250	RPN5_YEAST	RPN5	445	false	false	Saccharomyces cerevisiae (strain ATCC 204508 / S288c)	26S proteasome regulatory subunit RPN5	1:Experimental evidence at protein level	22.92	1.0000	0.9990	0.00000000000000	11	11	11	15	15	15	5.7371068E7	5.7371068E7	5.7371068E7	9C(57.0215)		
sp|Q12265|KPR5_YEAST	Q12265	KPR5_YEAST	PRS5	496	false	false	Saccharomyces cerevisiae (strain ATCC 204508 / S288c)	Ribose-phosphate pyrophosphokinase 5	1:Experimental evidence at protein level	3.63	1.0000	0.9990	0.00000000000000	4	4	4	2	2	2	2.5154752E7	2.5154752E7	2.5154752E7			
sp|Q12270|RBD2_YEAST	Q12270	RBD2_YEAST	RBD2	262	false	false	Saccharomyces cerevisiae (strain ATCC 204508 / S288c)	Rhomboid protein 2	1:Experimental evidence at protein level	5.34	1.0000	0.9990	0.00000000000000	4	4	4	2	2	2	2.3425112E7	2.3425112E7	2.3425112E7			
sp|Q12271|INP53_YEAST	Q12271	INP53_YEAST	INP53	1107	false	false	Saccharomyces cerevisiae (strain ATCC 204508 / S288c)	Polyphosphatidylinositol phosphatase INP53	1:Experimental evidence at protein level	1.63	1.0000	0.9990	0.00000000000000	2	2	2	2	2	2	5631315.0	5631315.0	5631315.0			
sp|Q12285|MDY2_YEAST	Q12285	MDY2_YEAST	MDY2	212	false	false	Saccharomyces cerevisiae (strain ATCC 204508 / S288c)	Ubiquitin-like protein MDY2	1:Experimental evidence at protein level	25.00	1.0000	0.9990	0.00000000000000	4	4	4	5	5	5	2.9633978E7	2.9633978E7	2.9633978E7			
sp|Q12296|MAM3_YEAST	Q12296	MAM3_YEAST	MAM3	706	false	false	Saccharomyces cerevisiae (strain ATCC 204508 / S288c)	Protein MAM3	1:Experimental evidence at protein level	1.27	1.0000	0.9990	0.00000000000000	2	2	2	1	1	1	4514354.0	4514354.0	4514354.0			
sp|Q12305|RDL1_YEAST	Q12305	RDL1_YEAST	RDL1	139	false	false	Saccharomyces cerevisiae (strain ATCC 204508 / S288c)	Thiosulfate:glutathione sulfurtransferase	1:Experimental evidence at protein level	45.32	1.0000	0.9990	0.00000000000000	4	4	4	6	6	6	6.56774E7	6.56774E7	6.56774E7			
sp|Q12306|SMT3_YEAST	Q12306	SMT3_YEAST	SMT3	101	false	false	Saccharomyces cerevisiae (strain ATCC 204508 / S288c)	Ubiquitin-like protein SMT3	1:Experimental evidence at protein level	39.60	1.0000	0.9990	0.00000000000000	3	3	3	8	8	8	2.26443952E8	2.26443952E8	2.26443952E8			
sp|Q12314|SFM1_YEAST	Q12314	SFM1_YEAST	SFM1	213	false	false	Saccharomyces cerevisiae (strain ATCC 204508 / S288c)	Protein arginine N-methyltransferase SFM1	1:Experimental evidence at protein level	24.88	1.0000	0.9990	0.00000000000000	6	6	6	6	6	6	3.0010992E7	3.0010992E7	3.0010992E7	2C(57.0215)		
sp|Q12329|HSP42_YEAST	Q12329	HSP42_YEAST	HSP42	375	false	false	Saccharomyces cerevisiae (strain ATCC 204508 / S288c)	Heat shock protein 42	1:Experimental evidence at protein level	23.20	1.0000	0.9990	0.00000000000000	6	6	6	8	8	8	9.1803816E7	9.1803816E7	9.1803816E7			
sp|Q12335|PST2_YEAST	Q12335	PST2_YEAST	PST2	198	false	false	Saccharomyces cerevisiae (strain ATCC 204508 / S288c)	Protoplast secreted protein 2	1:Experimental evidence at protein level	39.39	1.0000	0.9990	0.00000000000000	5	5	5	19	19	19	3.10001568E8	3.10001568E8	3.10001568E8			
sp|Q12344|GYP5_YEAST	Q12344	GYP5_YEAST	GYP5	894	false	false	Saccharomyces cerevisiae (strain ATCC 204508 / S288c)	GTPase-activating protein GYP5	1:Experimental evidence at protein level	2.35	1.0000	0.9990	0.00000000000000	2	2	2	1	1	1	3214142.5	3214142.5	3214142.5	14C(57.0215)		
sp|Q12363|WTM1_YEAST	Q12363	WTM1_YEAST	WTM1	437	false	false	Saccharomyces cerevisiae (strain ATCC 204508 / S288c)	Transcriptional modulator WTM1	1:Experimental evidence at protein level	48.05	1.0000	0.9990	0.00000000000000	18	18	18	68	68	68	4.15790016E8	4.15790016E8	4.15790016E8	10C(57.0215)		
sp|Q12377|RPN6_YEAST	Q12377	RPN6_YEAST	RPN6	434	false	false	Saccharomyces cerevisiae (strain ATCC 204508 / S288c)	26S proteasome regulatory subunit RPN6	1:Experimental evidence at protein level	21.89	1.0000	0.9990	0.00000000000000	10	10	10	10	10	10	6.4220504E7	6.4220504E7	6.4220504E7	7C(57.0215)		
sp|Q12402|YOP1_YEAST	Q12402	YOP1_YEAST	YOP1	180	false	false	Saccharomyces cerevisiae (strain ATCC 204508 / S288c)	Protein YOP1	1:Experimental evidence at protein level	13.33	1.0000	0.9990	0.00000000000000	3	3	3	5	5	5	1.33831904E8	1.33831904E8	1.33831904E8			
sp|Q12406|ARP7_YEAST	Q12406	ARP7_YEAST	ARP7	477	false	false	Saccharomyces cerevisiae (strain ATCC 204508 / S288c)	Actin-related protein 7	1:Experimental evidence at protein level	9.01	1.0000	0.9990	0.00000000000000	4	4	4	5	5	5	7865691.0	7865691.0	7865691.0	13C(57.0215)		
sp|Q12434|GDIR_YEAST	Q12434	GDIR_YEAST	RDI1	202	false	false	Saccharomyces cerevisiae (strain ATCC 204508 / S288c)	Rho GDP-dissociation inhibitor	1:Experimental evidence at protein level	31.68	1.0000	0.9990	0.00000000000000	5	5	5	5	5	5	2.3548996E7	2.3548996E7	2.3548996E7			
sp|Q12443|RTN2_YEAST	Q12443	RTN2_YEAST	RTN2	393	false	false	Saccharomyces cerevisiae (strain ATCC 204508 / S288c)	Reticulon-like protein 2	1:Experimental evidence at protein level	20.61	1.0000	0.9990	0.00000000000000	7	7	7	8	8	8	3.6568024E7	3.6568024E7	3.6568024E7			
sp|Q12447|PAA1_YEAST	Q12447	PAA1_YEAST	PAA1	191	false	false	Saccharomyces cerevisiae (strain ATCC 204508 / S288c)	Polyamine N-acetyltransferase 1	1:Experimental evidence at protein level	40.84	1.0000	0.9990	0.00000000000000	7	7	7	20	20	20	8.3664176E7	8.3664176E7	8.3664176E7	4C(57.0215),8C(57.0215)		
sp|Q12449|AHA1_YEAST	Q12449	AHA1_YEAST	AHA1	350	false	false	Saccharomyces cerevisiae (strain ATCC 204508 / S288c)	Hsp90 co-chaperone AHA1	1:Experimental evidence at protein level	28.00	1.0000	0.9990	0.00000000000000	11	11	11	13	13	13	7.5171736E7	7.5171736E7	7.5171736E7	9C(57.0215)		
sp|Q12452|ERG27_YEAST	Q12452	ERG27_YEAST	ERG27	347	false	false	Saccharomyces cerevisiae (strain ATCC 204508 / S288c)	3-keto-steroid reductase ERG27	1:Experimental evidence at protein level	19.02	1.0000	0.9990	0.00000000000000	7	7	7	10	10	10	4.9199652E7	4.9199652E7	4.9199652E7			
sp|Q12458|YPR1_YEAST	Q12458	YPR1_YEAST	YPR1	312	false	false	Saccharomyces cerevisiae (strain ATCC 204508 / S288c)	Putative reductase 1	1:Experimental evidence at protein level	20.83	1.0000	0.9990	0.00000000000000	7	6	7	8	6	8	5.1349424E7	4.9094288E7	5.1349424E7	23C(57.0215),8C(57.0215)		
sp|Q12460|NOP56_YEAST	Q12460	NOP56_YEAST	NOP56	504	false	false	Saccharomyces cerevisiae (strain ATCC 204508 / S288c)	Nucleolar protein 56	1:Experimental evidence at protein level	31.94	1.0000	0.9990	0.00000000000000	14	14	14	20	20	20	2.65502496E8	2.65502496E8	2.65502496E8	7C(57.0215)		
sp|Q12462|PEX11_YEAST	Q12462	PEX11_YEAST	PEX11	236	false	false	Saccharomyces cerevisiae (strain ATCC 204508 / S288c)	Peroxisomal membrane protein PMP27	1:Experimental evidence at protein level	25.42	1.0000	0.9990	0.00000000000000	6	6	6	6	6	6	1.9247258E7	1.9247258E7	1.9247258E7			
sp|Q12464|RUVB2_YEAST	Q12464	RUVB2_YEAST	RVB2	471	false	false	Saccharomyces cerevisiae (strain ATCC 204508 / S288c)	RuvB-like protein 2	1:Experimental evidence at protein level	19.96	1.0000	0.9990	0.00000000000000	11	11	11	9	9	9	5.5705592E7	5.5705592E7	5.5705592E7	4C(57.0215)		
sp|Q12466|TCB1_YEAST	Q12466	TCB1_YEAST	TCB1	1186	false	false	Saccharomyces cerevisiae (strain ATCC 204508 / S288c)	Tricalbin-1	1:Experimental evidence at protein level	5.06	1.0000	0.9990	0.00000000000000	7	7	7	6	6	6	2.6442122E7	2.6442122E7	2.6442122E7			
sp|Q12480|ETFA_YEAST	Q12480	ETFA_YEAST	AIM45	344	false	false	Saccharomyces cerevisiae (strain ATCC 204508 / S288c)	Probable electron transfer flavoprotein subunit alpha, mitochondrial	1:Experimental evidence at protein level	6.10	1.0000	0.9990	0.00000000000000	3	3	3	3	3	3	1.0847212E7	1.0847212E7	1.0847212E7			
sp|Q12496|YO098_YEAST	Q12496	YO098_YEAST	YOL098C	1037	false	false	Saccharomyces cerevisiae (strain ATCC 204508 / S288c)	Uncharacterized protein YOL098C	1:Experimental evidence at protein level	6.65	1.0000	0.9990	0.00000000000000	9	9	9	7	7	7	1.4051026E7	1.4051026E7	1.4051026E7	15C(57.0215),16C(57.0215),1C(57.0215),6C(57.0215)		
sp|Q12497|FMP16_YEAST	Q12497	FMP16_YEAST	FMP16	93	false	false	Saccharomyces cerevisiae (strain ATCC 204508 / S288c)	Protein FMP16, mitochondrial	1:Experimental evidence at protein level	21.51	1.0000	0.9990	0.00000000000000	2	2	2	2	2	2	1.2850098E7	1.2850098E7	1.2850098E7			
sp|Q12499|NOP58_YEAST	Q12499	NOP58_YEAST	NOP58	511	false	false	Saccharomyces cerevisiae (strain ATCC 204508 / S288c)	Nucleolar protein 58	1:Experimental evidence at protein level	28.96	1.0000	0.9990	0.00000000000000	15	15	15	18	18	18	6.7804352E7	6.7804352E7	6.7804352E7			
sp|Q12513|TMA17_YEAST	Q12513	TMA17_YEAST	TMA17	150	false	false	Saccharomyces cerevisiae (strain ATCC 204508 / S288c)	Translation machinery-associated protein 17	1:Experimental evidence at protein level	34.00	1.0000	0.9990	0.00000000000000	5	5	5	7	7	7	6.1612892E7	6.1612892E7	6.1612892E7			
sp|Q12514|NOT5_YEAST	Q12514	NOT5_YEAST	NOT5	560	false	false	Saccharomyces cerevisiae (strain ATCC 204508 / S288c)	General negative regulator of transcription subunit 5	1:Experimental evidence at protein level	9.11	1.0000	0.9990	0.00000000000000	3	3	3	4	4	4	1.0153981E7	1.0153981E7	1.0153981E7			
sp|Q12515|PAR32_YEAST	Q12515	PAR32_YEAST	PAR32	295	false	false	Saccharomyces cerevisiae (strain ATCC 204508 / S288c)	Protein PAR32	1:Experimental evidence at protein level	20.34	1.0000	0.9990	0.00000000000000	5	5	5	8	8	8	4.3070664E7	4.3070664E7	4.3070664E7			
sp|Q12522|IF6_YEAST	Q12522	IF6_YEAST	TIF6	245	false	false	Saccharomyces cerevisiae (strain ATCC 204508 / S288c)	Eukaryotic translation initiation factor 6	1:Experimental evidence at protein level	6.94	1.0000	0.9990	0.00000000000000	2	2	2	2	2	2	4.8277744E7	4.8277744E7	4.8277744E7			
sp|Q12532|RQC2_YEAST	Q12532	RQC2_YEAST	RQC2	1038	false	false	Saccharomyces cerevisiae (strain ATCC 204508 / S288c)	Ribosome quality control complex subunit 2	1:Experimental evidence at protein level	3.08	1.0000	0.9990	0.00000000000000	5	5	5	4	4	4	2.549787E7	2.549787E7	2.549787E7			
sp|Q12672|RL21B_YEAST	Q12672	RL21B_YEAST	RPL21B	160	false	false	Saccharomyces cerevisiae (strain ATCC 204508 / S288c)	60S ribosomal protein L21-B	1:Experimental evidence at protein level	51.25	1.0000	0.9990	0.00000000000000	8	1	1	37	4	4	7.7571149E8	1.317744E7	1.317744E7			
sp|Q12680|GLT1_YEAST	Q12680	GLT1_YEAST	GLT1	2145	false	false	Saccharomyces cerevisiae (strain ATCC 204508 / S288c)	Glutamate synthase [NADH]	1:Experimental evidence at protein level	11.52	1.0000	0.9990	0.00000000000000	25	25	25	30	30	30	4.2600028E7	4.2600028E7	4.2600028E7			
sp|Q12692|H2AZ_YEAST	Q12692	H2AZ_YEAST	HTZ1	134	false	false	Saccharomyces cerevisiae (strain ATCC 204508 / S288c)	Histone H2A.Z	1:Experimental evidence at protein level	19.40	1.0000	0.9990	0.00000000000000	3	2	2	10	2	2	1.84091088E8	2.4290132E7	2.4290132E7			
sp|Q12746|PGA3_YEAST	Q12746	PGA3_YEAST	PGA3	312	false	false	Saccharomyces cerevisiae (strain ATCC 204508 / S288c)	Plasma membrane-associated coenzyme Q6 reductase PGA3	1:Experimental evidence at protein level	31.41	1.0000	0.9990	0.00000000000000	8	8	8	8	8	8	4.0692792E7	4.0692792E7	4.0692792E7	4C(57.0215)		
sp|Q3E754|RS21B_YEAST	Q3E754	RS21B_YEAST	RPS21B	87	false	false	Saccharomyces cerevisiae (strain ATCC 204508 / S288c)	40S ribosomal protein S21-B	1:Experimental evidence at protein level	75.86	1.0000	0.9990	0.00000000000000	7	1	7	45	2	45	7.132953E8	2721964.8	7.132953E8			
sp|Q3E764|TMA7_YEAST	Q3E764	TMA7_YEAST	TMA7	64	false	false	Saccharomyces cerevisiae (strain ATCC 204508 / S288c)	Translation machinery-associated protein 7	1:Experimental evidence at protein level	37.50	1.0000	0.9990	0.00000000000000	2	2	2	4	4	4	5.1686532E7	5.1686532E7	5.1686532E7			
sp|Q3E795|YL361_YEAST	Q3E795	YL361_YEAST	YLR361C-A	98	false	false	Saccharomyces cerevisiae (strain ATCC 204508 / S288c)	Uncharacterized protein YLR361C-A	1:Experimental evidence at protein level	27.55	1.0000	0.9990	0.00000000000000	2	2	2	3	3	3	9284510.0	9284510.0	9284510.0			
sp|Q3E841|YN034_YEAST	Q3E841	YN034_YEAST	YNR034W-A	98	false	false	Saccharomyces cerevisiae (strain ATCC 204508 / S288c)	Uncharacterized protein YNR034W-A	1:Experimental evidence at protein level	36.73	1.0000	0.9990	0.00000000000000	3	3	3	9	9	9	3.8974948E7	3.8974948E7	3.8974948E7			
sp|Q6Q560|ISD11_YEAST	Q6Q560	ISD11_YEAST	ISD11	94	false	false	Saccharomyces cerevisiae (strain ATCC 204508 / S288c)	Protein ISD11	1:Experimental evidence at protein level	21.28	1.0000	0.9990	0.00000000000000	2	2	2	2	2	2	1.6835456E7	1.6835456E7	1.6835456E7			
sp|Q86ZR7|YKD3A_YEAST	Q86ZR7	YKD3A_YEAST	YKL033W-A	236	false	false	Saccharomyces cerevisiae (strain ATCC 204508 / S288c)	Probable pseudouridine-5'-phosphatase YKL033W-A	1:Experimental evidence at protein level	30.08	1.0000	0.9990	0.00000000000000	7	7	7	12	12	12	2.6977522E7	2.6977522E7	2.6977522E7	7C(57.0215),N-term(42.0106)		
sp|Q96VH5|MIC10_YEAST	Q96VH5	MIC10_YEAST	MIC10	97	false	false	Saccharomyces cerevisiae (strain ATCC 204508 / S288c)	MICOS complex subunit MIC10	1:Experimental evidence at protein level	21.65	1.0000	0.9989	0.00000000000000	2	2	2	2	2	2	8500321.0	8500321.0	8500321.0	N-term(42.0106)		
sp|Q99190|TECR_YEAST	Q99190	TECR_YEAST	TSC13	310	false	false	Saccharomyces cerevisiae (strain ATCC 204508 / S288c)	Very-long-chain enoyl-CoA reductase	1:Experimental evidence at protein level	10.65	1.0000	0.9990	0.00000000000000	4	4	4	6	6	6	3.6673496E7	3.6673496E7	3.6673496E7			
sp|Q99257|MEX67_YEAST	Q99257	MEX67_YEAST	MEX67	599	false	false	Saccharomyces cerevisiae (strain ATCC 204508 / S288c)	mRNA export factor MEX67	1:Experimental evidence at protein level	5.68	1.0000	0.9990	0.00000000000000	3	3	3	3	3	3	8868684.0	8868684.0	8868684.0			
sp|Q99258|RIB3_YEAST	Q99258	RIB3_YEAST	RIB3	208	false	false	Saccharomyces cerevisiae (strain ATCC 204508 / S288c)	3,4-dihydroxy-2-butanone 4-phosphate synthase	1:Experimental evidence at protein level	40.87	1.0000	0.9990	0.00000000000000	10	10	10	19	19	19	6.5190664E7	6.5190664E7	6.5190664E7	10C(57.0215),10C(57.0215),4C(57.0215),5C(57.0215),7C(57.0215)		
sp|Q99287|SEY1_YEAST	Q99287	SEY1_YEAST	SEY1	776	false	false	Saccharomyces cerevisiae (strain ATCC 204508 / S288c)	Protein SEY1	1:Experimental evidence at protein level	1.16	1.0000	0.9990	0.00000000000000	2	2	2	1	1	1	3493214.0	3493214.0	3493214.0			
sp|Q99321|DDP1_YEAST	Q99321	DDP1_YEAST	DDP1	188	false	false	Saccharomyces cerevisiae (strain ATCC 204508 / S288c)	Diphosphoinositol polyphosphate phosphohydrolase DDP1	1:Experimental evidence at protein level	30.32	1.0000	0.9990	0.00000000000000	6	6	6	5	5	5	3.2103452E7	3.2103452E7	3.2103452E7	5C(57.0215),7C(57.0215)		
sp|Q99383|HRP1_YEAST	Q99383	HRP1_YEAST	HRP1	534	false	false	Saccharomyces cerevisiae (strain ATCC 204508 / S288c)	Nuclear polyadenylated RNA-binding protein 4	1:Experimental evidence at protein level	10.49	1.0000	0.9990	0.00000000000000	7	7	7	9	9	9	3.9984352E7	3.9984352E7	3.9984352E7			
sp|Q9P305|IGO2_YEAST	Q9P305	IGO2_YEAST	IGO2	131	false	false	Saccharomyces cerevisiae (strain ATCC 204508 / S288c)	mRNA stability protein IGO2	1:Experimental evidence at protein level	22.14	1.0000	0.9990	0.00000000000000	4	4	4	4	4	4	3.6875124E7	3.6875124E7	3.6875124E7			
sp|O13297|CET1_YEAST	O13297	CET1_YEAST	CET1	549	false	false	Saccharomyces cerevisiae (strain ATCC 204508 / S288c)	mRNA-capping enzyme subunit beta	1:Experimental evidence at protein level	3.83	0.9999	0.9990	0.00000000000000	2	2	2	3	3	3	5300554.5	5300554.5	5300554.5			
sp|P00427|COX6_YEAST	P00427	COX6_YEAST	COX6	148	false	false	Saccharomyces cerevisiae (strain ATCC 204508 / S288c)	Cytochrome c oxidase subunit 6, mitochondrial	1:Experimental evidence at protein level	10.81	0.9999	0.9990	0.00000000000000	2	2	2	3	3	3	1.0964978E7	1.0964978E7	1.0964978E7			
sp|P25372|TRX3_YEAST	P25372	TRX3_YEAST	TRX3	127	false	false	Saccharomyces cerevisiae (strain ATCC 204508 / S288c)	Thioredoxin-3, mitochondrial	1:Experimental evidence at protein level	14.96	0.9999	0.9990	0.00000000000000	2	2	2	2	2	2	2.0342744E7	2.0342744E7	2.0342744E7			
sp|P30657|PSB7_YEAST	P30657	PSB7_YEAST	PRE4	266	false	false	Saccharomyces cerevisiae (strain ATCC 204508 / S288c)	Proteasome subunit beta type-7	1:Experimental evidence at protein level	6.39	0.9999	0.9990	0.00000000000000	2	2	2	3	3	3	2.745489E7	2.745489E7	2.745489E7			
sp|P32447|ASF1_YEAST	P32447	ASF1_YEAST	ASF1	279	false	false	Saccharomyces cerevisiae (strain ATCC 204508 / S288c)	Histone chaperone ASF1	1:Experimental evidence at protein level	2.87	0.9999	0.9987	0.00000000000000	1	1	1	1	1	1	4182471.5	4182471.5	4182471.5			
sp|P32462|ERG24_YEAST	P32462	ERG24_YEAST	ERG24	438	false	false	Saccharomyces cerevisiae (strain ATCC 204508 / S288c)	Delta(14)-sterol reductase ERG24	1:Experimental evidence at protein level	3.20	0.9999	0.9980	0.00000000000000	2	2	2	2	2	2	1.5648816E7	1.5648816E7	1.5648816E7			
sp|P32608|RTG2_YEAST	P32608	RTG2_YEAST	RTG2	588	false	false	Saccharomyces cerevisiae (strain ATCC 204508 / S288c)	Retrograde regulation protein 2	1:Experimental evidence at protein level	1.36	0.9999	0.9972	0.00060459492140	3	3	3	1	1	1	1.0752874E7	1.0752874E7	1.0752874E7			
sp|P32860|NFU1_YEAST	P32860	NFU1_YEAST	NFU1	256	false	false	Saccharomyces cerevisiae (strain ATCC 204508 / S288c)	NifU-like protein, mitochondrial	1:Experimental evidence at protein level	7.42	0.9999	0.9990	0.00000000000000	2	2	2	2	2	2	5207013.0	5207013.0	5207013.0			
sp|P32892|DRS1_YEAST	P32892	DRS1_YEAST	DRS1	752	false	false	Saccharomyces cerevisiae (strain ATCC 204508 / S288c)	ATP-dependent RNA helicase DRS1	1:Experimental evidence at protein level	2.66	0.9999	0.9990	0.00000000000000	2	2	2	2	2	2	2500916.5	2500916.5	2500916.5			
sp|P33442|RS3A1_YEAST	P33442	RS3A1_YEAST	RPS1A	255	false	false	Saccharomyces cerevisiae (strain ATCC 204508 / S288c)	40S ribosomal protein S1-A	1:Experimental evidence at protein level	49.02	0.9999	0.9990	0.00000000000000	14	1	1	63	4	4	7.9866886E8	1.54475008E8	1.54475008E8			
sp|P34162|MED20_YEAST	P34162	MED20_YEAST	SRB2	210	false	false	Saccharomyces cerevisiae (strain ATCC 204508 / S288c)	Mediator of RNA polymerase II transcription subunit 20	1:Experimental evidence at protein level	9.05	0.9999	0.9990	0.00000000000000	3	3	3	2	2	2	4369248.0	4369248.0	4369248.0			
sp|P35179|SC61G_YEAST	P35179	SC61G_YEAST	SSS1	80	false	false	Saccharomyces cerevisiae (strain ATCC 204508 / S288c)	Protein transport protein SSS1	1:Experimental evidence at protein level	22.50	0.9999	0.9990	0.00000000000000	2	2	2	7	7	7	2.27628512E8	2.27628512E8	2.27628512E8			
sp|P35194|UTP20_YEAST	P35194	UTP20_YEAST	UTP20	2493	false	false	Saccharomyces cerevisiae (strain ATCC 204508 / S288c)	U3 small nucleolar RNA-associated protein 20	1:Experimental evidence at protein level	0.48	0.9999	0.9990	0.00000000000000	2	2	2	1	1	1	940886.7	940886.7	940886.7			
sp|P36040|POC2_YEAST	P36040	POC2_YEAST	ADD66	267	false	false	Saccharomyces cerevisiae (strain ATCC 204508 / S288c)	Proteasome assembly chaperone 2	1:Experimental evidence at protein level	7.87	0.9999	0.9990	0.00000000000000	1	1	1	1	1	1	4313134.5	4313134.5	4313134.5			
sp|P36088|FRMSR_YEAST	P36088	FRMSR_YEAST	YKL069W	180	false	false	Saccharomyces cerevisiae (strain ATCC 204508 / S288c)	Free methionine-R-sulfoxide reductase	1:Experimental evidence at protein level	16.67	0.9999	0.9990	0.00000000000000	2	2	2	3	3	3	8898639.0	8898639.0	8898639.0	3C(57.0215),3C(57.0215),9C(57.0215)		
sp|P38217|IMB2_YEAST	P38217	IMB2_YEAST	KAP104	918	false	false	Saccharomyces cerevisiae (strain ATCC 204508 / S288c)	Importin subunit beta-2	1:Experimental evidence at protein level	2.29	0.9999	0.9990	0.00000000000000	2	2	2	2	2	2	7648944.0	7648944.0	7648944.0			
sp|P38248|ECM33_YEAST	P38248	ECM33_YEAST	ECM33	429	false	false	Saccharomyces cerevisiae (strain ATCC 204508 / S288c)	Cell wall protein ECM33	1:Experimental evidence at protein level	3.96	0.9999	0.9990	0.00000000000000	2	2	2	4	4	4	1.64592544E8	1.64592544E8	1.64592544E8			
sp|P38631|FKS1_YEAST	P38631	FKS1_YEAST	FKS1	1876	false	false	Saccharomyces cerevisiae (strain ATCC 204508 / S288c)	1,3-beta-glucan synthase component FKS1	1:Experimental evidence at protein level	7.41	0.9999	0.9990	0.00000000000000	14	1	1	12	1	1	3.7349108E7	4498632.0	4498632.0			
sp|P39551|PRM9_YEAST	P39551	PRM9_YEAST	PRM9	298	false	false	Saccharomyces cerevisiae (strain ATCC 204508 / S288c)	Pheromone-regulated membrane protein 9	1:Experimental evidence at protein level	6.04	0.9999	0.9987	0.00000000000000	2	0	2	2	0	2	1467289.9	0	1467289.9			sp|P53174|PRM8_YEAST
sp|P39742|SEC72_YEAST	P39742	SEC72_YEAST	SEC72	193	false	false	Saccharomyces cerevisiae (strain ATCC 204508 / S288c)	Translocation protein SEC72	1:Experimental evidence at protein level	5.18	0.9999	0.9990	0.00000000000000	2	2	2	2	2	2	2.6504666E7	2.6504666E7	2.6504666E7			
sp|P40046|VTC1_YEAST	P40046	VTC1_YEAST	VTC1	129	false	false	Saccharomyces cerevisiae (strain ATCC 204508 / S288c)	Vacuolar transporter chaperone complex subunit 1	1:Experimental evidence at protein level	11.63	0.9999	0.9990	0.00000000000000	2	2	2	3	3	3	4.987254E7	4.987254E7	4.987254E7	N-term(42.0106)		
sp|P40477|NU159_YEAST	P40477	NU159_YEAST	NUP159	1460	false	false	Saccharomyces cerevisiae (strain ATCC 204508 / S288c)	Nucleoporin NUP159	1:Experimental evidence at protein level	0.62	0.9999	0.9987	0.00000000000000	2	2	2	1	1	1	3652890.5	3652890.5	3652890.5			
sp|P41895|T2FA_YEAST	P41895	T2FA_YEAST	TFG1	735	false	false	Saccharomyces cerevisiae (strain ATCC 204508 / S288c)	Transcription initiation factor IIF subunit alpha	1:Experimental evidence at protein level	1.63	0.9999	0.9990	0.00000000000000	2	2	2	1	1	1	9298690.0	9298690.0	9298690.0			
sp|P42838|LEM3_YEAST	P42838	LEM3_YEAST	LEM3	414	false	false	Saccharomyces cerevisiae (strain ATCC 204508 / S288c)	Alkylphosphocholine resistance protein LEM3	1:Experimental evidence at protein level	2.66	0.9999	0.9990	0.00000000000000	2	2	2	1	1	1	7869391.0	7869391.0	7869391.0			
sp|P42938|TDA10_YEAST	P42938	TDA10_YEAST	TDA10	290	false	false	Saccharomyces cerevisiae (strain ATCC 204508 / S288c)	Probable ATP-dependent kinase TDA10	1:Experimental evidence at protein level	5.86	0.9999	0.9989	0.00000000000000	2	2	2	2	2	2	7653511.0	7653511.0	7653511.0			
sp|P43321|SMD3_YEAST	P43321	SMD3_YEAST	SMD3	101	false	false	Saccharomyces cerevisiae (strain ATCC 204508 / S288c)	Small nuclear ribonucleoprotein Sm D3	1:Experimental evidence at protein level	28.71	0.9999	0.9990	0.00000000000000	2	2	2	2	2	2	3011553.8	3011553.8	3011553.8			
sp|P48837|NUP57_YEAST	P48837	NUP57_YEAST	NUP57	541	false	false	Saccharomyces cerevisiae (strain ATCC 204508 / S288c)	Nucleoporin NUP57	1:Experimental evidence at protein level	3.33	0.9999	0.9990	0.00000000000000	2	2	2	2	2	2	6109184.5	6109184.5	6109184.5			
sp|P49626|RL4B_YEAST	P49626	RL4B_YEAST	RPL4B	362	false	false	Saccharomyces cerevisiae (strain ATCC 204508 / S288c)	60S ribosomal protein L4-B	1:Experimental evidence at protein level	39.23	0.9999	0.9990	0.00000000000000	12	1	1	47	2	2	1.00198227E9	4.6704256E7	4.6704256E7			
sp|P50108|MNN10_YEAST	P50108	MNN10_YEAST	MNN10	393	false	false	Saccharomyces cerevisiae (strain ATCC 204508 / S288c)	Probable alpha-1,6-mannosyltransferase MNN10	1:Experimental evidence at protein level	4.58	0.9999	0.9990	0.00000000000000	2	2	2	3	3	3	6098595.0	6098595.0	6098595.0			
sp|P53136|NSA1_YEAST	P53136	NSA1_YEAST	NSA1	463	false	false	Saccharomyces cerevisiae (strain ATCC 204508 / S288c)	Ribosome biogenesis protein NSA1	1:Experimental evidence at protein level	4.75	0.9999	0.9989	0.00000000000000	2	2	2	2	2	2	4187612.0	4187612.0	4187612.0	9C(57.0215)		
sp|P53897|IGO1_YEAST	P53897	IGO1_YEAST	IGO1	168	false	false	Saccharomyces cerevisiae (strain ATCC 204508 / S288c)	mRNA stability protein IGO1	1:Experimental evidence at protein level	4.17	0.9999	0.9990	0.00000000000000	2	2	2	1	1	1	1.0061898E7	1.0061898E7	1.0061898E7			
sp|P54964|ORN_YEAST	P54964	ORN_YEAST	REX2	269	false	false	Saccharomyces cerevisiae (strain ATCC 204508 / S288c)	Oligoribonuclease, mitochondrial	1:Experimental evidence at protein level	2.97	0.9999	0.9990	0.00000000000000	2	2	2	1	1	1	8328110.5	8328110.5	8328110.5			
sp|Q00816|REG1_YEAST	Q00816	REG1_YEAST	REG1	1014	false	false	Saccharomyces cerevisiae (strain ATCC 204508 / S288c)	Resistance to glucose repression protein 1	1:Experimental evidence at protein level	1.58	0.9999	0.9989	0.00000000000000	2	2	2	3	3	3	3307655.8	3307655.8	3307655.8			
sp|Q01080|RPA49_YEAST	Q01080	RPA49_YEAST	RPA49	415	false	false	Saccharomyces cerevisiae (strain ATCC 204508 / S288c)	DNA-directed RNA polymerase I subunit RPA49	1:Experimental evidence at protein level	4.34	0.9999	0.9990	0.00000000000000	2	2	2	2	2	2	1.0438537E7	1.0438537E7	1.0438537E7			
sp|Q02892|NOG1_YEAST	Q02892	NOG1_YEAST	NOG1	647	false	false	Saccharomyces cerevisiae (strain ATCC 204508 / S288c)	Nucleolar GTP-binding protein 1	1:Experimental evidence at protein level	1.39	0.9999	0.9990	0.00000000000000	2	2	2	1	1	1	4915218.0	4915218.0	4915218.0			
sp|Q03124|RSC9_YEAST	Q03124	RSC9_YEAST	RSC9	581	false	false	Saccharomyces cerevisiae (strain ATCC 204508 / S288c)	Chromatin structure-remodeling complex subunit RSC9	1:Experimental evidence at protein level	3.10	0.9999	0.9990	0.00000000000000	2	2	2	2	2	2	4658500.5	4658500.5	4658500.5			
sp|Q04304|YMY0_YEAST	Q04304	YMY0_YEAST	YMR090W	227	false	false	Saccharomyces cerevisiae (strain ATCC 204508 / S288c)	UPF0659 protein YMR090W	1:Experimental evidence at protein level	8.81	0.9999	0.9990	0.00000000000000	2	2	2	2	2	2	1.2366162E7	1.2366162E7	1.2366162E7			
sp|Q06697|CDC73_YEAST	Q06697	CDC73_YEAST	CDC73	393	false	false	Saccharomyces cerevisiae (strain ATCC 204508 / S288c)	Cell division control protein 73	1:Experimental evidence at protein level	4.83	0.9999	0.9990	0.00000000000000	2	2	2	2	2	2	2413210.5	2413210.5	2413210.5			
sp|Q06833|NVJ2_YEAST	Q06833	NVJ2_YEAST	NVJ2	770	false	false	Saccharomyces cerevisiae (strain ATCC 204508 / S288c)	Nucleus-vacuole junction protein 2	1:Experimental evidence at protein level	4.29	0.9999	0.9990	0.00000000000000	3	3	3	3	3	3	2733760.5	2733760.5	2733760.5			
sp|Q07541|EXP1_YEAST	Q07541	EXP1_YEAST	EXP1	149	false	false	Saccharomyces cerevisiae (strain ATCC 204508 / S288c)	ER export of PMA1 protein 1	1:Experimental evidence at protein level	5.37	0.9999	0.9985	0.00000000000000	1	1	1	2	2	2	9545874.0	9545874.0	9545874.0			
sp|Q12091|DAP1_YEAST	Q12091	DAP1_YEAST	DAP1	152	false	false	Saccharomyces cerevisiae (strain ATCC 204508 / S288c)	Damage response protein 1	1:Experimental evidence at protein level	17.76	0.9999	0.9990	0.00000000000000	2	2	2	2	2	2	7131543.0	7131543.0	7131543.0			
sp|Q12324|YVC1_YEAST	Q12324	YVC1_YEAST	YVC1	675	false	false	Saccharomyces cerevisiae (strain ATCC 204508 / S288c)	Calcium channel YVC1	1:Experimental evidence at protein level	1.33	0.9999	0.9990	0.00000000000000	1	1	1	1	1	1	3892552.0	3892552.0	3892552.0	8C(57.0215)		
sp|Q12404|MPD1_YEAST	Q12404	MPD1_YEAST	MPD1	318	false	false	Saccharomyces cerevisiae (strain ATCC 204508 / S288c)	Protein disulfide-isomerase MPD1	1:Experimental evidence at protein level	2.83	0.9999	0.9990	0.00000000000000	1	1	1	2	2	2	2026296.9	2026296.9	2026296.9			
sp|P11633|NHP6B_YEAST	P11633	NHP6B_YEAST	NHP6B	99	false	false	Saccharomyces cerevisiae (strain ATCC 204508 / S288c)	Non-histone chromosomal protein 6B	1:Experimental evidence at protein level	20.20	0.9998	0.9990	0.00000000000000	2	2	2	2	2	2	4.1837088E7	4.1837088E7	4.1837088E7			
sp|P22214|SEC22_YEAST	P22214	SEC22_YEAST	SEC22	214	false	false	Saccharomyces cerevisiae (strain ATCC 204508 / S288c)	Protein transport protein SEC22	1:Experimental evidence at protein level	14.02	0.9998	0.9990	0.00000000000000	2	2	2	3	3	3	4732933.0	4732933.0	4732933.0	7C(57.0215)		
sp|P25654|YCY0_YEAST	P25654	YCY0_YEAST	YCR090C	182	false	false	Saccharomyces cerevisiae (strain ATCC 204508 / S288c)	UPF0587 protein YCR090C	1:Experimental evidence at protein level	10.44	0.9998	0.9990	0.00000000000000	2	2	2	2	2	2	4923716.0	4923716.0	4923716.0			
sp|P28273|OPLA_YEAST	P28273	OPLA_YEAST	OXP1	1286	false	false	Saccharomyces cerevisiae (strain ATCC 204508 / S288c)	5-oxoprolinase	1:Experimental evidence at protein level	0.70	0.9998	0.9990	0.00000000000000	2	2	2	1	1	1	3247476.5	3247476.5	3247476.5	13C(57.0215),1C(57.0215)		
sp|P32796|CACP_YEAST	P32796	CACP_YEAST	CAT2	670	false	false	Saccharomyces cerevisiae (strain ATCC 204508 / S288c)	Carnitine O-acetyltransferase, mitochondrial	1:Experimental evidence at protein level	2.69	0.9998	0.9987	0.00000000000000	2	2	2	2	2	2	2272784.0	2272784.0	2272784.0			
sp|P38428|CUE1_YEAST	P38428	CUE1_YEAST	CUE1	203	false	false	Saccharomyces cerevisiae (strain ATCC 204508 / S288c)	Coupling of ubiquitin conjugation to ER degradation protein 1	1:Experimental evidence at protein level	8.87	0.9998	0.9990	0.00000000000000	2	2	2	2	2	2	1.3922286E7	1.3922286E7	1.3922286E7	4C(57.0215)		
sp|P40348|RFC2_YEAST	P40348	RFC2_YEAST	RFC2	353	false	false	Saccharomyces cerevisiae (strain ATCC 204508 / S288c)	Replication factor C subunit 2	1:Experimental evidence at protein level	4.82	0.9998	0.9988	0.00000000000000	2	2	2	2	2	2	3718901.0	3718901.0	3718901.0			
sp|P40368|NUP82_YEAST	P40368	NUP82_YEAST	NUP82	713	false	false	Saccharomyces cerevisiae (strain ATCC 204508 / S288c)	Nucleoporin NUP82	1:Experimental evidence at protein level	2.66	0.9998	0.9986	0.00000000000000	2	2	2	2	2	2	1.8523444E7	1.8523444E7	1.8523444E7			
sp|P40422|RPAB4_YEAST	P40422	RPAB4_YEAST	RPC10	70	false	false	Saccharomyces cerevisiae (strain ATCC 204508 / S288c)	DNA-directed RNA polymerases I, II, and III subunit RPABC4	1:Experimental evidence at protein level	22.86	0.9998	0.9990	0.00000000000000	2	2	2	2	2	2	2.2369412E7	2.2369412E7	2.2369412E7	3C(57.0215),6C(57.0215)		
sp|P40548|SNL1_YEAST	P40548	SNL1_YEAST	SNL1	159	false	false	Saccharomyces cerevisiae (strain ATCC 204508 / S288c)	HSP70 co-chaperone SNL1	1:Experimental evidence at protein level	16.35	0.9998	0.9990	0.00000000000000	2	2	2	3	3	3	7529426.0	7529426.0	7529426.0	N-term(42.0106)		
sp|P40564|DJP1_YEAST	P40564	DJP1_YEAST	DJP1	432	false	false	Saccharomyces cerevisiae (strain ATCC 204508 / S288c)	DnaJ-like protein 1	1:Experimental evidence at protein level	6.02	0.9998	0.9988	0.00000000000000	3	3	3	2	2	2	6267727.0	6267727.0	6267727.0			
sp|P48363|PFD3_YEAST	P48363	PFD3_YEAST	PAC10	199	false	false	Saccharomyces cerevisiae (strain ATCC 204508 / S288c)	Prefoldin subunit 3	1:Experimental evidence at protein level	9.05	0.9998	0.9990	0.00000000000000	2	2	2	3	3	3	1.378197E7	1.378197E7	1.378197E7			
sp|P53250|TWF1_YEAST	P53250	TWF1_YEAST	TWF1	332	false	false	Saccharomyces cerevisiae (strain ATCC 204508 / S288c)	Twinfilin-1	1:Experimental evidence at protein level	6.63	0.9998	0.9990	0.00000000000000	2	2	2	2	2	2	1.5851308E7	1.5851308E7	1.5851308E7			
sp|P53905|LSM7_YEAST	P53905	LSM7_YEAST	LSM7	115	false	false	Saccharomyces cerevisiae (strain ATCC 204508 / S288c)	U6 snRNA-associated Sm-like protein LSm7	1:Experimental evidence at protein level	12.17	0.9998	0.9986	0.00000000000000	2	2	2	3	3	3	2.119946E7	2.119946E7	2.119946E7			
sp|Q04182|PDR15_YEAST	Q04182	PDR15_YEAST	PDR15	1529	false	false	Saccharomyces cerevisiae (strain ATCC 204508 / S288c)	ATP-dependent permease PDR15	1:Experimental evidence at protein level	4.97	0.9998	0.9990	0.00000000000000	9	0	0	9	0	0	1.21268088E8	0	0			
sp|Q06991|PUN1_YEAST	Q06991	PUN1_YEAST	PUN1	263	false	false	Saccharomyces cerevisiae (strain ATCC 204508 / S288c)	Protein PUN1	1:Experimental evidence at protein level	9.51	0.9998	0.9990	0.00000000000000	2	2	2	4	4	4	2.1079092E7	2.1079092E7	2.1079092E7			
sp|Q08235|BRX1_YEAST	Q08235	BRX1_YEAST	BRX1	291	false	false	Saccharomyces cerevisiae (strain ATCC 204508 / S288c)	Ribosome biogenesis protein BRX1	1:Experimental evidence at protein level	9.62	0.9998	0.9990	0.00000000000000	3	3	3	3	3	3	1.68999E7	1.68999E7	1.68999E7			
sp|Q12078|SMF3_YEAST	Q12078	SMF3_YEAST	SMF3	473	false	false	Saccharomyces cerevisiae (strain ATCC 204508 / S288c)	Iron transporter SMF3	1:Experimental evidence at protein level	4.02	0.9998	0.9990	0.00000000000000	2	2	2	2	2	2	1.085159E7	1.085159E7	1.085159E7			
sp|Q12213|RL7B_YEAST	Q12213	RL7B_YEAST	RPL7B	244	false	false	Saccharomyces cerevisiae (strain ATCC 204508 / S288c)	60S ribosomal protein L7-B	1:Experimental evidence at protein level	47.95	0.9998	0.9990	0.00000000000000	11	1	1	49	3	3	1.04674586E9	6.6922188E7	6.6922188E7			
sp|Q99186|AP2M_YEAST	Q99186	AP2M_YEAST	APM4	491	false	false	Saccharomyces cerevisiae (strain ATCC 204508 / S288c)	AP-2 complex subunit mu	1:Experimental evidence at protein level	4.28	0.9998	0.9990	0.00000000000000	2	2	2	2	2	2	2430835.2	2430835.2	2430835.2	11C(57.0215)		
sp|P25582|SPB1_YEAST	P25582	SPB1_YEAST	SPB1	841	false	false	Saccharomyces cerevisiae (strain ATCC 204508 / S288c)	27S pre-rRNA (guanosine(2922)-2'-O)-methyltransferase	1:Experimental evidence at protein level	1.19	0.9997	0.9980	0.00000000000000	2	2	2	1	1	1	4453810.5	4453810.5	4453810.5			
sp|P38333|ENP1_YEAST	P38333	ENP1_YEAST	ENP1	483	false	false	Saccharomyces cerevisiae (strain ATCC 204508 / S288c)	Essential nuclear protein 1	1:Experimental evidence at protein level	2.48	0.9997	0.9990	0.00000000000000	2	2	2	1	1	1	6841557.5	6841557.5	6841557.5			
sp|P38837|NSG1_YEAST	P38837	NSG1_YEAST	NSG1	291	false	false	Saccharomyces cerevisiae (strain ATCC 204508 / S288c)	Protein NSG1	1:Experimental evidence at protein level	3.44	0.9997	0.9990	0.00000000000000	2	2	2	1	1	1	6.5971856E7	6.5971856E7	6.5971856E7			
sp|P39990|SNU13_YEAST	P39990	SNU13_YEAST	SNU13	126	false	false	Saccharomyces cerevisiae (strain ATCC 204508 / S288c)	13 kDa ribonucleoprotein-associated protein	1:Experimental evidence at protein level	13.49	0.9997	0.9990	0.00000000000000	2	2	2	4	4	4	7.958576E7	7.958576E7	7.958576E7			
sp|P53265|YG2W_YEAST	P53265	YG2W_YEAST	YGR111W	400	false	false	Saccharomyces cerevisiae (strain ATCC 204508 / S288c)	Uncharacterized protein YGR111W	1:Experimental evidence at protein level	2.75	0.9997	0.9990	0.00000000000000	2	2	2	1	1	1	5.0676144E7	5.0676144E7	5.0676144E7	2C(57.0215)		
sp|Q04602|VBA4_YEAST	Q04602	VBA4_YEAST	VBA4	768	false	false	Saccharomyces cerevisiae (strain ATCC 204508 / S288c)	Vacuolar basic amino acid transporter 4	1:Experimental evidence at protein level	1.43	0.9997	0.9989	0.00000000000000	1	1	1	1	1	1	0	0	0			
sp|Q12199|TIP41_YEAST	Q12199	TIP41_YEAST	TIP41	356	false	false	Saccharomyces cerevisiae (strain ATCC 204508 / S288c)	Type 2A phosphatase activator TIP41	1:Experimental evidence at protein level	10.11	0.9997	0.9972	0.00060459492140	2	2	2	2	2	2	5350145.0	5350145.0	5350145.0			
sp|P33202|UFD4_YEAST	P33202	UFD4_YEAST	UFD4	1483	false	false	Saccharomyces cerevisiae (strain ATCC 204508 / S288c)	Ubiquitin fusion degradation protein 4	1:Experimental evidence at protein level	1.75	0.9996	0.9976	0.00060459492140	3	3	3	3	3	3	1.3774098E7	1.3774098E7	1.3774098E7			
sp|P38915|SPT8_YEAST	P38915	SPT8_YEAST	SPT8	602	false	false	Saccharomyces cerevisiae (strain ATCC 204508 / S288c)	Transcription factor SPT8	1:Experimental evidence at protein level	1.99	0.9996	0.9984	0.00000000000000	1	1	1	1	1	1	0	0	0	10C(57.0215)		
sp|P40070|LSM4_YEAST	P40070	LSM4_YEAST	LSM4	187	false	false	Saccharomyces cerevisiae (strain ATCC 204508 / S288c)	U6 snRNA-associated Sm-like protein LSm4	1:Experimental evidence at protein level	8.02	0.9996	0.9976	0.00060459492140	2	2	2	2	2	2	2.4264092E7	2.4264092E7	2.4264092E7			
sp|P47104|RAV1_YEAST	P47104	RAV1_YEAST	RAV1	1357	false	false	Saccharomyces cerevisiae (strain ATCC 204508 / S288c)	Regulator of V-ATPase in vacuolar membrane protein 1	1:Experimental evidence at protein level	1.18	0.9996	0.9964	0.00120409391933	2	2	2	2	2	2	1.28236E7	1.28236E7	1.28236E7	2C(57.0215)		
sp|P53152|MMS2_YEAST	P53152	MMS2_YEAST	MMS2	137	false	false	Saccharomyces cerevisiae (strain ATCC 204508 / S288c)	Ubiquitin-conjugating enzyme variant MMS2	1:Experimental evidence at protein level	20.44	0.9996	0.9990	0.00000000000000	2	2	2	3	3	3	2.5070118E7	2.5070118E7	2.5070118E7	5C(57.0215)		
sp|Q07688|YPD1_YEAST	Q07688	YPD1_YEAST	YPD1	167	false	false	Saccharomyces cerevisiae (strain ATCC 204508 / S288c)	Phosphorelay intermediate protein YPD1	1:Experimental evidence at protein level	10.18	0.9996	0.9990	0.00000000000000	2	2	2	2	2	2	5770803.0	5770803.0	5770803.0	5C(57.0215)		
sp|Q12276|HER1_YEAST	Q12276	HER1_YEAST	HER1	1246	false	false	Saccharomyces cerevisiae (strain ATCC 204508 / S288c)	HMG2-induced ER-remodeling protein 1	1:Experimental evidence at protein level	1.52	0.9996	0.9980	0.00000000000000	2	1	2	2	1	2	2015209.8	0	2015209.8			
sp|Q12486|YOR31_YEAST	Q12486	YOR31_YEAST	YOR131C	218	false	false	Saccharomyces cerevisiae (strain ATCC 204508 / S288c)	Uncharacterized hydrolase YOR131C	1:Experimental evidence at protein level	3.21	0.9996	0.9990	0.00000000000000	2	2	2	1	1	1	2.8919252E7	2.8919252E7	2.8919252E7			
sp|P16370|RPB3_YEAST	P16370	RPB3_YEAST	RPB3	318	false	false	Saccharomyces cerevisiae (strain ATCC 204508 / S288c)	DNA-directed RNA polymerase II subunit RPB3	1:Experimental evidence at protein level	5.03	0.9995	0.9989	0.00000000000000	2	2	2	2	2	2	3.8998744E7	3.8998744E7	3.8998744E7	8C(57.0215)		
sp|P27466|KCC1_YEAST	P27466	KCC1_YEAST	CMK1	446	false	false	Saccharomyces cerevisiae (strain ATCC 204508 / S288c)	Calcium/calmodulin-dependent protein kinase I	1:Experimental evidence at protein level	6.28	0.9995	0.9984	0.00000000000000	2	2	2	2	2	2	3792782.2	3792782.2	3792782.2	15C(57.0215)		
sp|P32266|MGM1_YEAST	P32266	MGM1_YEAST	MGM1	881	false	false	Saccharomyces cerevisiae (strain ATCC 204508 / S288c)	Dynamin-like GTPase MGM1, mitochondrial	1:Experimental evidence at protein level	1.36	0.9995	0.9990	0.00000000000000	1	1	1	1	1	1	0	0	0			
sp|P35184|SQT1_YEAST	P35184	SQT1_YEAST	SQT1	431	false	false	Saccharomyces cerevisiae (strain ATCC 204508 / S288c)	Ribosome assembly protein SQT1	1:Experimental evidence at protein level	1.62	0.9995	0.9990	0.00000000000000	1	1	1	1	1	1	2587819.5	2587819.5	2587819.5			
sp|P38340|NTM1_YEAST	P38340	NTM1_YEAST	TAE1	232	false	false	Saccharomyces cerevisiae (strain ATCC 204508 / S288c)	Alpha N-terminal protein methyltransferase 1	1:Experimental evidence at protein level	12.50	0.9995	0.9977	0.00000000000000	2	2	2	3	3	3	5479287.5	5479287.5	5479287.5			
sp|P39704|ERP2_YEAST	P39704	ERP2_YEAST	ERP2	215	false	false	Saccharomyces cerevisiae (strain ATCC 204508 / S288c)	Protein ERP2	1:Experimental evidence at protein level	15.35	0.9995	0.9990	0.00000000000000	2	2	2	4	4	4	4.774796E7	4.774796E7	4.774796E7			
sp|P40959|MVP1_YEAST	P40959	MVP1_YEAST	MVP1	511	false	false	Saccharomyces cerevisiae (strain ATCC 204508 / S288c)	Sorting nexin MVP1	1:Experimental evidence at protein level	1.37	0.9995	0.9983	0.00000000000000	1	1	1	1	1	1	2498107.8	2498107.8	2498107.8			
sp|P54005|DIA1_YEAST	P54005	DIA1_YEAST	DIA1	336	false	false	Saccharomyces cerevisiae (strain ATCC 204508 / S288c)	Protein DIA1	1:Experimental evidence at protein level	4.17	0.9995	0.9970	0.00060459492140	2	2	2	3	3	3	1.219497E7	1.219497E7	1.219497E7			
sp|Q03786|GNTK_YEAST	Q03786	GNTK_YEAST	YDR248C	193	false	false	Saccharomyces cerevisiae (strain ATCC 204508 / S288c)	Probable gluconokinase	1:Experimental evidence at protein level	7.77	0.9995	0.9978	0.00000000000000	1	1	1	1	1	1	6323414.0	6323414.0	6323414.0			
sp|P38109|ATG42_YEAST	P38109	ATG42_YEAST	ATG42	508	false	false	Saccharomyces cerevisiae (strain ATCC 204508 / S288c)	Vacuolar serine-type carboxypeptidase ATG42	1:Experimental evidence at protein level	3.54	0.9994	0.9976	0.00060459492140	2	2	2	2	2	2	1.8176128E7	1.8176128E7	1.8176128E7			
sp|P47124|HOC1_YEAST	P47124	HOC1_YEAST	HOC1	396	false	false	Saccharomyces cerevisiae (strain ATCC 204508 / S288c)	Putative glycosyltransferase HOC1	1:Experimental evidence at protein level	4.04	0.9994	0.9990	0.00000000000000	2	2	2	2	2	2	5763309.0	5763309.0	5763309.0			
sp|P0C0V8|RS21A_YEAST	P0C0V8	RS21A_YEAST	RPS21A	87	false	false	Saccharomyces cerevisiae (strain ATCC 204508 / S288c)	40S ribosomal protein S21-A	1:Experimental evidence at protein level	75.86	0.9993	0.9990	0.00000000000000	7	1	1	45	2	2	7.132953E8	2209430.8	2209430.8			
sp|P22133|MDHC_YEAST	P22133	MDHC_YEAST	MDH2	377	false	false	Saccharomyces cerevisiae (strain ATCC 204508 / S288c)	Malate dehydrogenase, cytoplasmic	1:Experimental evidence at protein level	3.71	0.9993	0.9990	0.00000000000000	2	2	2	1	1	1	1.6048991E7	1.6048991E7	1.6048991E7			
sp|P23833|SCO1_YEAST	P23833	SCO1_YEAST	SCO1	295	false	false	Saccharomyces cerevisiae (strain ATCC 204508 / S288c)	Protein SCO1, mitochondrial	1:Experimental evidence at protein level	9.49	0.9993	0.9990	0.00000000000000	3	3	3	2	2	2	6326490.5	6326490.5	6326490.5			
sp|P32916|SRPR_YEAST	P32916	SRPR_YEAST	SRP101	621	false	false	Saccharomyces cerevisiae (strain ATCC 204508 / S288c)	Signal recognition particle receptor subunit alpha homolog	1:Experimental evidence at protein level	1.29	0.9993	0.9968	0.00060459492140	2	2	2	1	1	1	1.0175282E7	1.0175282E7	1.0175282E7			
sp|P36105|RL14A_YEAST	P36105	RL14A_YEAST	RPL14A	138	false	false	Saccharomyces cerevisiae (strain ATCC 204508 / S288c)	60S ribosomal protein L14-A	1:Experimental evidence at protein level	25.36	0.9993	0.9990	0.00000000000000	4	1	4	20	5	20	3.84066016E8	1.23165368E8	3.84066016E8	7C(57.0215)		
sp|P38630|RFC1_YEAST	P38630	RFC1_YEAST	RFC1	861	false	false	Saccharomyces cerevisiae (strain ATCC 204508 / S288c)	Replication factor C subunit 1	1:Experimental evidence at protein level	1.05	0.9993	0.9990	0.00000000000000	2	2	2	1	1	1	3289748.2	3289748.2	3289748.2			
sp|P42935|ELP2_YEAST	P42935	ELP2_YEAST	ELP2	788	false	false	Saccharomyces cerevisiae (strain ATCC 204508 / S288c)	Elongator complex protein 2	1:Experimental evidence at protein level	2.41	0.9993	0.9989	0.00000000000000	2	2	2	2	2	2	3830240.5	3830240.5	3830240.5			
sp|P46990|RL17B_YEAST	P46990	RL17B_YEAST	RPL17B	184	false	false	Saccharomyces cerevisiae (strain ATCC 204508 / S288c)	60S ribosomal protein L17-B	1:Experimental evidence at protein level	41.85	0.9993	0.9990	0.00000000000000	6	1	1	34	5	5	7.1497101E8	1.77374192E8	1.77374192E8			
sp|P53946|ARP5_YEAST	P53946	ARP5_YEAST	ARP5	755	false	false	Saccharomyces cerevisiae (strain ATCC 204508 / S288c)	Actin-related protein 5	1:Experimental evidence at protein level	2.52	0.9993	0.9990	0.00000000000000	2	2	2	2	2	2	0	0	0			
sp|P09620|KEX1_YEAST	P09620	KEX1_YEAST	KEX1	729	false	false	Saccharomyces cerevisiae (strain ATCC 204508 / S288c)	Pheromone-processing carboxypeptidase KEX1	1:Experimental evidence at protein level	0.96	0.9992	0.9990	0.00000000000000	2	2	2	1	1	1	7526626.0	7526626.0	7526626.0			
sp|P38828|LSM12_YEAST	P38828	LSM12_YEAST	LSM12	187	false	false	Saccharomyces cerevisiae (strain ATCC 204508 / S288c)	Protein LSM12	1:Experimental evidence at protein level	10.70	0.9992	0.9990	0.00000000000000	2	2	2	2	2	2	9535775.0	9535775.0	9535775.0			
sp|P0CX70|YD15A_YEAST	P0CX70	YD15A_YEAST	TY1A-DR6	440	false	false	Saccharomyces cerevisiae (strain ATCC 204508 / S288c)	Transposon Ty1-DR6 Gag polyprotein	2:Experimental evidence at transcript level	39.77	0.9991	0.9990	0.00000000000000	14	0	2	35	0	2	2.35903824E8	0	1.744127E7	N-term(42.0106),18C(57.0215)		sp|P0CX71|YE11A_YEAST, sp|P0CX72|YL12A_YEAST, sp|P0CX73|YP11A_YEAST
sp|P32774|T2AG_YEAST	P32774	T2AG_YEAST	TOA2	122	false	false	Saccharomyces cerevisiae (strain ATCC 204508 / S288c)	Transcription initiation factor IIA subunit 2	1:Experimental evidence at protein level	14.75	0.9991	0.9990	0.00000000000000	2	2	2	2	2	2	7571808.5	7571808.5	7571808.5	2C(57.0215)		
sp|P38620|KPR2_YEAST	P38620	KPR2_YEAST	PRS2	318	false	false	Saccharomyces cerevisiae (strain ATCC 204508 / S288c)	Ribose-phosphate pyrophosphokinase 2	1:Experimental evidence at protein level	6.29	0.9991	0.9990	0.00000000000000	2	2	2	2	2	2	5726301.5	5726301.5	5726301.5			
sp|P14747|PP2B2_YEAST	P14747	PP2B2_YEAST	CMP2	604	false	false	Saccharomyces cerevisiae (strain ATCC 204508 / S288c)	Serine/threonine-protein phosphatase 2B catalytic subunit A2	1:Experimental evidence at protein level	2.81	0.9990	0.9990	0.00000000000000	2	2	2	2	2	2	2.91763264E8	2.91763264E8	2.91763264E8			
sp|P32264|PROB_YEAST	P32264	PROB_YEAST	PRO1	428	false	false	Saccharomyces cerevisiae (strain ATCC 204508 / S288c)	Glutamate 5-kinase	1:Experimental evidence at protein level	3.74	0.9990	0.9990	0.00000000000000	2	1	2	2	1	2	9569176.0	5218374.5	9569176.0			
sp|P32621|GDA1_YEAST	P32621	GDA1_YEAST	GDA1	518	false	false	Saccharomyces cerevisiae (strain ATCC 204508 / S288c)	Guanosine-diphosphatase	1:Experimental evidence at protein level	5.98	0.9990	0.9990	0.00000000000000	2	2	2	2	2	2	6877793.0	6877793.0	6877793.0			
sp|P32643|TMT1_YEAST	P32643	TMT1_YEAST	TMT1	299	false	false	Saccharomyces cerevisiae (strain ATCC 204508 / S288c)	Trans-aconitate 3-methyltransferase	1:Experimental evidence at protein level	3.01	0.9990	0.9990	0.00000000000000	1	1	1	1	1	1	722671.75	722671.75	722671.75			
sp|P35191|MDJ1_YEAST	P35191	MDJ1_YEAST	MDJ1	511	false	false	Saccharomyces cerevisiae (strain ATCC 204508 / S288c)	DnaJ homolog 1, mitochondrial	1:Experimental evidence at protein level	3.13	0.9990	0.9990	0.00000000000000	1	1	1	3	3	3	1510155.5	1510155.5	1510155.5			
sp|Q00711|SDHA_YEAST	Q00711	SDHA_YEAST	SDH1	640	false	false	Saccharomyces cerevisiae (strain ATCC 204508 / S288c)	Succinate dehydrogenase [ubiquinone] flavoprotein subunit, mitochondrial	1:Experimental evidence at protein level	4.06	0.9990	0.9990	0.00000000000000	2	2	2	2	2	2	2002031.6	2002031.6	2002031.6			
sp|Q03254|FCP1_YEAST	Q03254	FCP1_YEAST	FCP1	732	false	false	Saccharomyces cerevisiae (strain ATCC 204508 / S288c)	RNA polymerase II subunit A C-terminal domain phosphatase	1:Experimental evidence at protein level	3.42	0.9990	0.9986	0.00000000000000	2	2	2	2	2	2	5516184.5	5516184.5	5516184.5			
sp|Q03834|MSH6_YEAST	Q03834	MSH6_YEAST	MSH6	1242	false	false	Saccharomyces cerevisiae (strain ATCC 204508 / S288c)	DNA mismatch repair protein MSH6	1:Experimental evidence at protein level	1.45	0.9990	0.9988	0.00000000000000	2	2	2	2	2	2	854399.1	854399.1	854399.1			
sp|Q04964|SML1_YEAST	Q04964	SML1_YEAST	SML1	104	false	false	Saccharomyces cerevisiae (strain ATCC 204508 / S288c)	Ribonucleotide reductase inhibitor protein SML1	1:Experimental evidence at protein level	6.73	0.9990	0.9990	0.00000000000000	2	2	2	1	1	1	8328765.0	8328765.0	8328765.0	1C(57.0215)		
sp|Q08959|PGC1_YEAST	Q08959	PGC1_YEAST	PGC1	321	false	false	Saccharomyces cerevisiae (strain ATCC 204508 / S288c)	Phosphatidylglycerol phospholipase C	1:Experimental evidence at protein level	4.05	0.9990	0.9990	0.00000000000000	1	1	1	1	1	1	3347788.8	3347788.8	3347788.8	8C(57.0215)		
sp|Q12166|LEU9_YEAST	Q12166	LEU9_YEAST	LEU9	604	false	false	Saccharomyces cerevisiae (strain ATCC 204508 / S288c)	2-isopropylmalate synthase 2, mitochondrial	1:Experimental evidence at protein level	12.09	0.9990	0.9946	0.00351699882767	9	1	1	11	0	0	7.4507728E7	1551409.5	1551409.5			
sp|P06244|KAPA_YEAST	P06244	KAPA_YEAST	TPK1	397	false	false	Saccharomyces cerevisiae (strain ATCC 204508 / S288c)	cAMP-dependent protein kinase type 1	1:Experimental evidence at protein level	5.04	0.9989	0.9990	0.00000000000000	3	1	1	2	1	1	1.5691636E7	4203819.0	4203819.0			
sp|P38820|UBA4_YEAST	P38820	UBA4_YEAST	UBA4	440	false	false	Saccharomyces cerevisiae (strain ATCC 204508 / S288c)	Adenylyltransferase and sulfurtransferase UBA4	1:Experimental evidence at protein level	3.18	0.9989	0.9943	0.00351699882767	2	2	2	2	2	2	8566923.0	8566923.0	8566923.0			
sp|P46964|OST2_YEAST	P46964	OST2_YEAST	OST2	130	false	false	Saccharomyces cerevisiae (strain ATCC 204508 / S288c)	Dolichyl-diphosphooligosaccharide--protein glycosyltransferase subunit OST2	1:Experimental evidence at protein level	13.08	0.9989	0.9990	0.00000000000000	1	1	1	1	1	1	1638704.2	1638704.2	1638704.2			
sp|Q06704|IMH1_YEAST	Q06704	IMH1_YEAST	IMH1	911	false	false	Saccharomyces cerevisiae (strain ATCC 204508 / S288c)	Golgin IMH1	1:Experimental evidence at protein level	1.76	0.9989	0.9990	0.00000000000000	2	2	2	2	2	2	4009403.5	4009403.5	4009403.5			
sp|P40527|ATC7_YEAST	P40527	ATC7_YEAST	NEO1	1151	false	false	Saccharomyces cerevisiae (strain ATCC 204508 / S288c)	Probable phospholipid-transporting ATPase NEO1	1:Experimental evidence at protein level	0.70	0.9988	0.9948	0.00298151460942	1	1	1	1	1	1	0	0	0			
sp|P53889|FMP41_YEAST	P53889	FMP41_YEAST	FMP41	259	false	false	Saccharomyces cerevisiae (strain ATCC 204508 / S288c)	Uncharacterized mitochondrial hydrolase FMP41	1:Experimental evidence at protein level	3.09	0.9988	0.9983	0.00000000000000	1	1	1	1	1	1	6182569.5	6182569.5	6182569.5			
sp|Q3E833|PCC1_YEAST	Q3E833	PCC1_YEAST	PCC1	88	false	false	Saccharomyces cerevisiae (strain ATCC 204508 / S288c)	EKC/KEOPS complex subunit PCC1	1:Experimental evidence at protein level	31.82	0.9988	0.9990	0.00000000000000	2	2	2	2	2	2	3517337.0	3517337.0	3517337.0			
sp|P09950|HEM1_YEAST	P09950	HEM1_YEAST	HEM1	548	false	false	Saccharomyces cerevisiae (strain ATCC 204508 / S288c)	5-aminolevulinate synthase, mitochondrial	1:Experimental evidence at protein level	3.28	0.9987	0.9990	0.00000000000000	2	2	2	2	2	2	7444730.0	7444730.0	7444730.0			
sp|P32843|YME2_YEAST	P32843	YME2_YEAST	YME2	850	false	false	Saccharomyces cerevisiae (strain ATCC 204508 / S288c)	Mitochondrial escape protein 2	1:Experimental evidence at protein level	0.94	0.9987	0.9990	0.00000000000000	2	2	2	1	1	1	1076723.2	1076723.2	1076723.2			
sp|Q03774|TRM82_YEAST	Q03774	TRM82_YEAST	TRM82	444	false	false	Saccharomyces cerevisiae (strain ATCC 204508 / S288c)	tRNA (guanine-N(7)-)-methyltransferase non-catalytic subunit TRM82	1:Experimental evidence at protein level	3.60	0.9987	0.9978	0.00000000000000	2	2	2	2	2	2	2685306.0	2685306.0	2685306.0			
sp|P09440|C1TM_YEAST	P09440	C1TM_YEAST	MIS1	975	false	false	Saccharomyces cerevisiae (strain ATCC 204508 / S288c)	C-1-tetrahydrofolate synthase, mitochondrial	1:Experimental evidence at protein level	4.82	0.9986	0.9786	0.00901408450704	7	2	2	13	2	2	1.46768992E8	5235763.0	5235763.0			
sp|P53078|SDT1_YEAST	P53078	SDT1_YEAST	SDT1	280	false	false	Saccharomyces cerevisiae (strain ATCC 204508 / S288c)	Suppressor of disruption of TFIIS	1:Experimental evidence at protein level	6.79	0.9986	0.9990	0.00000000000000	1	1	1	1	1	1	2508818.2	2508818.2	2508818.2			
sp|Q02196|KAPS_YEAST	Q02196	KAPS_YEAST	MET14	202	false	false	Saccharomyces cerevisiae (strain ATCC 204508 / S288c)	Adenylyl-sulfate kinase	1:Experimental evidence at protein level	9.90	0.9986	0.9990	0.00000000000000	2	2	2	2	2	2	1.2960562E7	1.2960562E7	1.2960562E7			
sp|Q08920|NCBP2_YEAST	Q08920	NCBP2_YEAST	CBC2	208	false	false	Saccharomyces cerevisiae (strain ATCC 204508 / S288c)	Nuclear cap-binding protein subunit 2	1:Experimental evidence at protein level	8.17	0.9986	0.9990	0.00000000000000	2	2	2	2	2	2	1.345581E7	1.345581E7	1.345581E7			
sp|P12754|EI2BD_YEAST	P12754	EI2BD_YEAST	GCD2	651	false	false	Saccharomyces cerevisiae (strain ATCC 204508 / S288c)	Translation initiation factor eIF-2B subunit delta	1:Experimental evidence at protein level	1.23	0.9985	0.9990	0.00000000000000	2	2	2	2	2	2	2281472.8	2281472.8	2281472.8			
sp|P22579|SIN3_YEAST	P22579	SIN3_YEAST	SIN3	1536	false	false	Saccharomyces cerevisiae (strain ATCC 204508 / S288c)	Transcriptional regulatory protein SIN3	1:Experimental evidence at protein level	1.37	0.9985	0.9895	0.00403458213256	2	2	2	2	2	2	3381181.8	3381181.8	3381181.8			
sp|P32832|RSC7_YEAST	P32832	RSC7_YEAST	NPL6	435	false	false	Saccharomyces cerevisiae (strain ATCC 204508 / S288c)	Chromatin structure-remodeling complex subunit RSC7	1:Experimental evidence at protein level	4.60	0.9985	0.9990	0.00000000000000	2	2	2	2	2	2	8090740.0	8090740.0	8090740.0			
sp|P40533|TED1_YEAST	P40533	TED1_YEAST	TED1	473	false	false	Saccharomyces cerevisiae (strain ATCC 204508 / S288c)	Protein TED1	1:Experimental evidence at protein level	3.38	0.9985	0.9990	0.00000000000000	2	2	2	2	2	2	9226879.0	9226879.0	9226879.0			
sp|P54780|RL15B_YEAST	P54780	RL15B_YEAST	RPL15B	204	false	false	Saccharomyces cerevisiae (strain ATCC 204508 / S288c)	60S ribosomal protein L15-B	1:Experimental evidence at protein level	34.31	0.9985	0.9978	0.00000000000000	7	1	1	22	1	1	5.7906342E8	1.2194242E7	1.2194242E7	5C(57.0215)		
sp|P20435|RPAB2_YEAST	P20435	RPAB2_YEAST	RPO26	155	false	false	Saccharomyces cerevisiae (strain ATCC 204508 / S288c)	DNA-directed RNA polymerases I, II, and III subunit RPABC2	1:Experimental evidence at protein level	16.77	0.9983	0.9990	0.00000000000000	2	2	2	2	2	2	2.5442752E7	2.5442752E7	2.5442752E7			
sp|P46682|AP3B_YEAST	P46682	AP3B_YEAST	APL6	809	false	false	Saccharomyces cerevisiae (strain ATCC 204508 / S288c)	AP-3 complex subunit beta	1:Experimental evidence at protein level	2.10	0.9983	0.9939	0.00351699882767	2	2	2	2	2	2	5915665.5	5915665.5	5915665.5	2C(57.0215)		
sp|P53064|RTF1_YEAST	P53064	RTF1_YEAST	RTF1	558	false	false	Saccharomyces cerevisiae (strain ATCC 204508 / S288c)	RNA polymerase-associated protein RTF1	1:Experimental evidence at protein level	3.23	0.9983	0.9977	0.00000000000000	2	2	2	2	2	2	6197656.0	6197656.0	6197656.0			
sp|Q99288|DET1_YEAST	Q99288	DET1_YEAST	DET1	334	false	false	Saccharomyces cerevisiae (strain ATCC 204508 / S288c)	Broad-range acid phosphatase DET1	1:Experimental evidence at protein level	4.49	0.9983	0.9990	0.00000000000000	1	1	1	1	1	1	2972764.0	2972764.0	2972764.0			
sp|P40088|FTR1_YEAST	P40088	FTR1_YEAST	FTR1	404	false	false	Saccharomyces cerevisiae (strain ATCC 204508 / S288c)	Plasma membrane iron permease	1:Experimental evidence at protein level	4.21	0.9982	0.9964	0.00120409391933	2	2	2	2	2	2	1.3344836E7	1.3344836E7	1.3344836E7			
sp|P10507|MPPB_YEAST	P10507	MPPB_YEAST	MAS1	462	false	false	Saccharomyces cerevisiae (strain ATCC 204508 / S288c)	Mitochondrial-processing peptidase subunit beta	1:Experimental evidence at protein level	4.33	0.9979	0.9990	0.00000000000000	2	2	2	2	2	2	5218560.5	5218560.5	5218560.5			
sp|P41896|T2FB_YEAST	P41896	T2FB_YEAST	TFG2	400	false	false	Saccharomyces cerevisiae (strain ATCC 204508 / S288c)	Transcription initiation factor IIF subunit beta	1:Experimental evidence at protein level	7.75	0.9978	0.9990	0.00000000000000	2	2	2	2	2	2	2498350.5	2498350.5	2498350.5			
sp|P53721|RCF2_YEAST	P53721	RCF2_YEAST	RCF2	224	false	false	Saccharomyces cerevisiae (strain ATCC 204508 / S288c)	Respiratory supercomplex factor 2, mitochondrial	1:Experimental evidence at protein level	4.02	0.9978	0.9961	0.00179533213645	2	2	2	2	2	2	5590824.5	5590824.5	5590824.5			
sp|Q92331|VPS5_YEAST	Q92331	VPS5_YEAST	VPS5	675	false	false	Saccharomyces cerevisiae (strain ATCC 204508 / S288c)	Vacuolar protein sorting-associated protein 5	1:Experimental evidence at protein level	2.37	0.9978	0.9960	0.00179533213645	2	2	2	2	2	2	2076972.0	2076972.0	2076972.0			
sp|P32597|STH1_YEAST	P32597	STH1_YEAST	STH1	1359	false	false	Saccharomyces cerevisiae (strain ATCC 204508 / S288c)	Nuclear protein STH1/NPS1	1:Experimental evidence at protein level	1.69	0.9976	0.9990	0.00000000000000	3	3	3	3	3	3	5913328.5	5913328.5	5913328.5			
sp|P35182|PP2C1_YEAST	P35182	PP2C1_YEAST	PTC1	281	false	false	Saccharomyces cerevisiae (strain ATCC 204508 / S288c)	Protein phosphatase 2C homolog 1	1:Experimental evidence at protein level	2.49	0.9976	0.9990	0.00000000000000	1	1	1	1	1	1	1.4846312E7	1.4846312E7	1.4846312E7			
sp|P40506|PPCS_YEAST	P40506	PPCS_YEAST	CAB2	365	false	false	Saccharomyces cerevisiae (strain ATCC 204508 / S288c)	Phosphopantothenate--cysteine ligase CAB2	1:Experimental evidence at protein level	2.74	0.9976	0.9990	0.00000000000000	1	1	1	1	1	1	5400116.5	5400116.5	5400116.5			
sp|Q04660|ERB1_YEAST	Q04660	ERB1_YEAST	ERB1	807	false	false	Saccharomyces cerevisiae (strain ATCC 204508 / S288c)	Ribosome biogenesis protein ERB1	1:Experimental evidence at protein level	0.87	0.9976	0.9990	0.00000000000000	2	2	2	1	1	1	7343503.5	7343503.5	7343503.5			
sp|Q06624|RHC31_YEAST	Q06624	RHC31_YEAST	AOS1	347	false	false	Saccharomyces cerevisiae (strain ATCC 204508 / S288c)	DNA damage tolerance protein RHC31	1:Experimental evidence at protein level	6.34	0.9976	0.9990	0.00000000000000	2	2	2	2	2	2	1.4002581E7	1.4002581E7	1.4002581E7			
sp|P46957|DPOD2_YEAST	P46957	DPOD2_YEAST	POL31	487	false	false	Saccharomyces cerevisiae (strain ATCC 204508 / S288c)	DNA polymerase delta small subunit	1:Experimental evidence at protein level	3.49	0.9975	0.9976	0.00060459492140	2	2	2	2	2	2	2.0080592E7	2.0080592E7	2.0080592E7			
sp|P32794|AFG2_YEAST	P32794	AFG2_YEAST	AFG2	780	false	false	Saccharomyces cerevisiae (strain ATCC 204508 / S288c)	ATPase family gene 2 protein	1:Experimental evidence at protein level	3.08	0.9973	0.9990	0.00000000000000	2	2	2	2	2	2	3190057.5	3190057.5	3190057.5			
sp|P61830|H3_YEAST	P61830	H3_YEAST	HHT1	136	false	false	Saccharomyces cerevisiae (strain ATCC 204508 / S288c)	Histone H3	1:Experimental evidence at protein level	6.62	0.9973	0.9989	0.00000000000000	1	1	1	1	1	1	1.5105374E7	1.5105374E7	1.5105374E7			
sp|Q04651|ERV41_YEAST	Q04651	ERV41_YEAST	ERV41	352	false	false	Saccharomyces cerevisiae (strain ATCC 204508 / S288c)	ER-derived vesicles protein ERV41	1:Experimental evidence at protein level	3.98	0.9973	0.9944	0.00351699882767	2	2	2	2	2	2	4653452.0	4653452.0	4653452.0			
sp|P06367|RS14A_YEAST	P06367	RS14A_YEAST	RPS14A	137	false	false	Saccharomyces cerevisiae (strain ATCC 204508 / S288c)	40S ribosomal protein S14-A	1:Experimental evidence at protein level	65.69	0.9972	0.9960	0.00179533213645	7	1	1	25	2	2	7.4668282E8	1.906784E7	1.906784E7	N-term(42.0106),N-term(42.0106)		
sp|P40157|VID27_YEAST	P40157	VID27_YEAST	VID27	782	false	false	Saccharomyces cerevisiae (strain ATCC 204508 / S288c)	Vacuolar import and degradation protein 27	1:Experimental evidence at protein level	1.53	0.9972	0.9990	0.00000000000000	2	2	2	1	1	1	2.8796306E7	2.8796306E7	2.8796306E7			
sp|P53868|ALG9_YEAST	P53868	ALG9_YEAST	ALG9	555	false	false	Saccharomyces cerevisiae (strain ATCC 204508 / S288c)	Alpha-1,2-mannosyltransferase ALG9	1:Experimental evidence at protein level	2.52	0.9972	0.9990	0.00000000000000	1	1	1	1	1	1	3210383.8	3210383.8	3210383.8			
sp|P40363|SFGH_YEAST	P40363	SFGH_YEAST	YJL068C	299	false	false	Saccharomyces cerevisiae (strain ATCC 204508 / S288c)	S-formylglutathione hydrolase	1:Experimental evidence at protein level	3.01	0.9970	0.9989	0.00000000000000	2	2	2	1	1	1	8909554.0	8909554.0	8909554.0			
sp|Q06179|FMP27_YEAST	Q06179	FMP27_YEAST	FMP27	2628	false	false	Saccharomyces cerevisiae (strain ATCC 204508 / S288c)	Protein FMP27, mitochondrial	1:Experimental evidence at protein level	0.34	0.9968	0.9981	0.00000000000000	3	3	3	1	1	1	1.6235836E7	1.6235836E7	1.6235836E7			
sp|P36041|EAP1_YEAST	P36041	EAP1_YEAST	EAP1	632	false	false	Saccharomyces cerevisiae (strain ATCC 204508 / S288c)	Protein EAP1	1:Experimental evidence at protein level	6.80	0.9961	0.9990	0.00000000000000	2	2	2	3	3	3	4638575.5	4638575.5	4638575.5			
sp|Q99247|DUF1_YEAST	Q99247	DUF1_YEAST	DUF1	1116	false	false	Saccharomyces cerevisiae (strain ATCC 204508 / S288c)	DUB-associated factor 1	1:Experimental evidence at protein level	3.76	0.9961	0.9990	0.00000000000000	2	2	2	2	2	2	1572121.2	1572121.2	1572121.2	18C(57.0215),9C(57.0215)		
sp|P53953|SFB2_YEAST	P53953	SFB2_YEAST	SFB2	876	false	false	Saccharomyces cerevisiae (strain ATCC 204508 / S288c)	SED5-binding protein 2	1:Experimental evidence at protein level	1.71	0.9957	0.9990	0.00000000000000	2	2	2	1	1	1	1824369.5	1824369.5	1824369.5			
sp|Q12189|RPIA_YEAST	Q12189	RPIA_YEAST	RKI1	258	false	false	Saccharomyces cerevisiae (strain ATCC 204508 / S288c)	Ribose-5-phosphate isomerase	1:Experimental evidence at protein level	8.14	0.9947	0.9976	0.00060459492140	2	2	2	2	2	2	1.8294632E7	1.8294632E7	1.8294632E7			
sp|P05745|RL36A_YEAST	P05745	RL36A_YEAST	RPL36A	100	false	false	Saccharomyces cerevisiae (strain ATCC 204508 / S288c)	60S ribosomal protein L36-A	1:Experimental evidence at protein level	40.00	0.9946	0.9990	0.00000000000000	4	1	1	21	2	2	5.8990752E8	5.2901672E7	5.2901672E7			
sp|P06245|KAPB_YEAST	P06245	KAPB_YEAST	TPK2	380	false	false	Saccharomyces cerevisiae (strain ATCC 204508 / S288c)	cAMP-dependent protein kinase type 2	1:Experimental evidence at protein level	6.58	0.9946	0.9990	0.00000000000000	3	1	1	4	3	3	1.5655363E7	4167545.8	4167545.8			
sp|P0CH08|RL40A_YEAST	P0CH08	RL40A_YEAST	RPL40A	128	false	false	Saccharomyces cerevisiae (strain ATCC 204508 / S288c)	Ubiquitin-60S ribosomal protein L40	1:Experimental evidence at protein level	28.91	0.9946	0.9990	0.00000000000000	4	0	1	37	0	3	6.6785485E8	0	1.6182504E8	1C(57.0215)		sp|P0CH09|RL40B_YEAST
sp|P31109|SNC1_YEAST	P31109	SNC1_YEAST	SNC1	117	false	false	Saccharomyces cerevisiae (strain ATCC 204508 / S288c)	Synaptobrevin homolog 1	1:Experimental evidence at protein level	27.35	0.9946	0.9990	0.00000000000000	2	1	1	2	1	1	2.8673626E7	1.2646006E7	1.2646006E7	N-term(42.0106)		
sp|P38079|YRO2_YEAST	P38079	YRO2_YEAST	YRO2	344	false	false	Saccharomyces cerevisiae (strain ATCC 204508 / S288c)	Protein YRO2	1:Experimental evidence at protein level	14.53	0.9946	0.9990	0.00000000000000	4	1	1	14	4	4	1.77769056E8	1.9290234E7	1.9290234E7			
sp|P38754|RL14B_YEAST	P38754	RL14B_YEAST	RPL14B	138	false	false	Saccharomyces cerevisiae (strain ATCC 204508 / S288c)	60S ribosomal protein L14-B	1:Experimental evidence at protein level	25.36	0.9946	0.9990	0.00000000000000	4	1	1	18	3	3	3.1230752E8	5.0159568E7	5.0159568E7	7C(57.0215)		
sp|P46681|DLD2_YEAST	P46681	DLD2_YEAST	DLD2	530	false	false	Saccharomyces cerevisiae (strain ATCC 204508 / S288c)	D-2-hydroxyglutarate--pyruvate transhydrogenase DLD2	1:Experimental evidence at protein level	3.40	0.9946	0.9990	0.00000000000000	2	1	1	3	1	1	2.1766212E7	1779244.2	1779244.2			
sp|Q01574|ACS1_YEAST	Q01574	ACS1_YEAST	ACS1	713	false	false	Saccharomyces cerevisiae (strain ATCC 204508 / S288c)	Acetyl-coenzyme A synthetase 1	1:Experimental evidence at protein level	4.49	0.9946	0.9990	0.00000000000000	2	1	1	3	1	1	6.7204576E7	5918674.0	5918674.0			
sp|P19211|IF5A2_YEAST	P19211	IF5A2_YEAST	ANB1	157	false	false	Saccharomyces cerevisiae (strain ATCC 204508 / S288c)	Eukaryotic translation initiation factor 5A-2	1:Experimental evidence at protein level	15.29	0.9945	0.9990	0.00000000000000	2	1	1	2	1	1	1.552121E7	5136501.0	5136501.0			
sp|P32769|HBS1_YEAST	P32769	HBS1_YEAST	HBS1	611	false	false	Saccharomyces cerevisiae (strain ATCC 204508 / S288c)	Elongation factor 1 alpha-like protein	1:Experimental evidence at protein level	2.45	0.9945	0.9990	0.00000000000000	2	1	1	2	1	1	9343092.0	4753645.0	4753645.0			
sp|Q12451|OSH2_YEAST	Q12451	OSH2_YEAST	OSH2	1283	false	false	Saccharomyces cerevisiae (strain ATCC 204508 / S288c)	Oxysterol-binding protein homolog 2	1:Experimental evidence at protein level	1.48	0.9929	0.9842	0.00568504832291	2	2	2	2	2	2	4939986.5	4939986.5	4939986.5			
sp|P38615|RIM11_YEAST	P38615	RIM11_YEAST	RIM11	370	false	false	Saccharomyces cerevisiae (strain ATCC 204508 / S288c)	Serine/threonine-protein kinase RIM11/MSD1	1:Experimental evidence at protein level	5.95	0.9928	0.9987	0.00000000000000	2	1	1	2	2	2	1.0050193E7	1595314.9	1595314.9			
sp|Q06344|ESF1_YEAST	Q06344	ESF1_YEAST	ESF1	628	false	false	Saccharomyces cerevisiae (strain ATCC 204508 / S288c)	Pre-rRNA-processing protein ESF1	1:Experimental evidence at protein level	3.98	0.9923	0.9982	0.00000000000000	2	2	2	2	2	2	4195660.5	4195660.5	4195660.5			
sp|P38816|TRXB2_YEAST	P38816	TRXB2_YEAST	TRR2	342	false	false	Saccharomyces cerevisiae (strain ATCC 204508 / S288c)	Thioredoxin reductase 2, mitochondrial	1:Experimental evidence at protein level	5.56	0.9913	0.9984	0.00000000000000	1	0	0	4	0	0	1.6376629E7	0	0			
sp|Q06493|YLH47_YEAST	Q06493	YLH47_YEAST	YLH47	454	false	false	Saccharomyces cerevisiae (strain ATCC 204508 / S288c)	LETM1 domain-containing protein YLH47, mitochondrial	1:Experimental evidence at protein level	3.30	0.9892	0.9901	0.00403458213256	2	2	2	2	2	2	7583054.0	7583054.0	7583054.0			
sp|P38182|ATG8_YEAST	P38182	ATG8_YEAST	ATG8	117	false	false	Saccharomyces cerevisiae (strain ATCC 204508 / S288c)	Autophagy-related protein 8	1:Experimental evidence at protein level	5.98	0.9888	0.9852	0.00514579759863	1	1	1	1	1	1	3930244.2	3930244.2	3930244.2			
sp|P14922|CYC8_YEAST	P14922	CYC8_YEAST	CYC8	966	false	false	Saccharomyces cerevisiae (strain ATCC 204508 / S288c)	General transcriptional corepressor CYC8	1:Experimental evidence at protein level	2.69	0.9881	0.9815	0.00620767494357	2	2	2	2	2	2	6370740.5	6370740.5	6370740.5			
sp|P19658|EXO70_YEAST	P19658	EXO70_YEAST	EXO70	623	false	false	Saccharomyces cerevisiae (strain ATCC 204508 / S288c)	Exocyst complex component EXO70	1:Experimental evidence at protein level	2.57	0.9878	0.9968	0.00060459492140	2	2	2	2	2	2	2008212.9	2008212.9	2008212.9			
sp|P52918|MSN5_YEAST	P52918	MSN5_YEAST	MSN5	1224	false	false	Saccharomyces cerevisiae (strain ATCC 204508 / S288c)	Protein MSN5	1:Experimental evidence at protein level	1.31	0.9839	0.9929	0.00351699882767	2	1	2	2	1	2	5269012.0	0	5269012.0			
sp|Q06630|MHR1_YEAST	Q06630	MHR1_YEAST	MHR1	226	false	false	Saccharomyces cerevisiae (strain ATCC 204508 / S288c)	Mitochondrial homologous recombination protein 1	1:Experimental evidence at protein level	3.98	0.9800	0.9949	0.00298151460942	1	1	1	3	3	3	0	0	0	N-term(42.0106),N-term(42.0106)		
sp|P32467|HXT4_YEAST	P32467	HXT4_YEAST	HXT4	576	false	false	Saccharomyces cerevisiae (strain ATCC 204508 / S288c)	Low-affinity glucose transporter HXT4	1:Experimental evidence at protein level	4.34	0.9777	0.9958	0.00179533213645	3	1	1	5	1	1	3.2357352E7	3366787.8	3366787.8			
sp|P46784|RS10B_YEAST	P46784	RS10B_YEAST	RPS10B	105	false	false	Saccharomyces cerevisiae (strain ATCC 204508 / S288c)	40S ribosomal protein S10-B	1:Experimental evidence at protein level	52.38	0.9708	0.9945	0.00351699882767	5	1	1	29	1	1	3.72221824E8	2.7003564E7	2.7003564E7			
sp|P21826|MLS2_YEAST	P21826	MLS2_YEAST	DAL7	554	false	false	Saccharomyces cerevisiae (strain ATCC 204508 / S288c)	Malate synthase 2	1:Experimental evidence at protein level	1.81	0.9698	0.9943	0.00351699882767	1	1	1	1	1	1	5.326064E7	5.326064E7	5.326064E7			
contam_sp|P68871|HBB_HUMAN	P68871	HBB_HUMAN	HBB	147	false	true	Homo sapiens	Hemoglobin subunit beta	1:Experimental evidence at protein level	8.84	0.9674	0.9990	0.00000000000000	1	1	1	1	1	1	9895801.0	9895801.0	9895801.0			
sp|O13547|CCW14_YEAST	O13547	CCW14_YEAST	CCW14	238	false	false	Saccharomyces cerevisiae (strain ATCC 204508 / S288c)	Covalently-linked cell wall protein 14	1:Experimental evidence at protein level	9.66	0.9674	0.9990	0.00000000000000	1	1	1	1	1	1	3.6989136E7	3.6989136E7	3.6989136E7	13C(57.0215),15C(57.0215),5C(57.0215)		
sp|O94742|SEM1_YEAST	O94742	SEM1_YEAST	SEM1	89	false	false	Saccharomyces cerevisiae (strain ATCC 204508 / S288c)	26S proteasome complex subunit SEM1	1:Experimental evidence at protein level	25.84	0.9674	0.9990	0.00000000000000	1	1	1	1	1	1	8283865.0	8283865.0	8283865.0			
sp|P00127|QCR6_YEAST	P00127	QCR6_YEAST	QCR6	147	false	false	Saccharomyces cerevisiae (strain ATCC 204508 / S288c)	Cytochrome b-c1 complex subunit 6, mitochondrial	1:Experimental evidence at protein level	9.52	0.9674	0.9990	0.00000000000000	1	1	1	1	1	1	1.0977214E7	1.0977214E7	1.0977214E7			
sp|P01094|IPA3_YEAST	P01094	IPA3_YEAST	PAI3	68	false	false	Saccharomyces cerevisiae (strain ATCC 204508 / S288c)	Protease A inhibitor 3	1:Experimental evidence at protein level	13.24	0.9674	0.9990	0.00000000000000	1	1	1	1	1	1	1.0102237E7	1.0102237E7	1.0102237E7			
sp|P04819|DNLI1_YEAST	P04819	DNLI1_YEAST	CDC9	755	false	false	Saccharomyces cerevisiae (strain ATCC 204508 / S288c)	DNA ligase 1	1:Experimental evidence at protein level	2.12	0.9674	0.9990	0.00000000000000	1	1	1	2	2	2	1847747.6	1847747.6	1847747.6			
sp|P06102|NOT3_YEAST	P06102	NOT3_YEAST	NOT3	836	false	false	Saccharomyces cerevisiae (strain ATCC 204508 / S288c)	General negative regulator of transcription subunit 3	1:Experimental evidence at protein level	1.67	0.9674	0.9990	0.00000000000000	1	1	1	1	1	1	3251974.5	3251974.5	3251974.5			
sp|P07285|TRPD_YEAST	P07285	TRPD_YEAST	TRP4	380	false	false	Saccharomyces cerevisiae (strain ATCC 204508 / S288c)	Anthranilate phosphoribosyltransferase	1:Experimental evidence at protein level	2.37	0.9674	0.9990	0.00000000000000	1	1	1	1	1	1	1828250.2	1828250.2	1828250.2			
sp|P0CX33|RS30A_YEAST	P0CX33	RS30A_YEAST	RPS30A	63	false	false	Saccharomyces cerevisiae (strain ATCC 204508 / S288c)	40S ribosomal protein S30-A	1:Experimental evidence at protein level	15.87	0.9674	0.9990	0.00000000000000	1	0	1	7	0	7	1.85859984E8	0	1.85859984E8			sp|P0CX34|RS30B_YEAST
sp|P0CX80|MTCU1_YEAST	P0CX80	MTCU1_YEAST	CUP1-1	61	false	false	Saccharomyces cerevisiae (strain ATCC 204508 / S288c)	Copper metallothionein 1-1	1:Experimental evidence at protein level	31.15	0.9674	0.9990	0.00000000000000	1	0	1	1	0	1	3891116.8	0	3891116.8	14C(57.0215),16C(57.0215),2C(57.0215),4C(57.0215),8C(57.0215)		sp|P0CX81|MTCU2_YEAST
sp|P16661|ALG1_YEAST	P16661	ALG1_YEAST	ALG1	449	false	false	Saccharomyces cerevisiae (strain ATCC 204508 / S288c)	Chitobiosyldiphosphodolichol beta-mannosyltransferase	1:Experimental evidence at protein level	4.68	0.9674	0.9990	0.00000000000000	1	1	1	1	1	1	2959911.5	2959911.5	2959911.5	1C(57.0215)		
sp|P20434|RPAB1_YEAST	P20434	RPAB1_YEAST	RPB5	215	false	false	Saccharomyces cerevisiae (strain ATCC 204508 / S288c)	DNA-directed RNA polymerases I, II, and III subunit RPABC1	1:Experimental evidence at protein level	5.12	0.9674	0.9990	0.00000000000000	1	1	1	1	1	1	5649826.0	5649826.0	5649826.0			
sp|P21269|CCA1_YEAST	P21269	CCA1_YEAST	CCA1	546	false	false	Saccharomyces cerevisiae (strain ATCC 204508 / S288c)	CCA tRNA nucleotidyltransferase, mitochondrial	1:Experimental evidence at protein level	3.30	0.9674	0.9990	0.00000000000000	1	1	1	1	1	1	4381557.0	4381557.0	4381557.0			
sp|P21306|ATP5E_YEAST	P21306	ATP5E_YEAST	ATP15	62	false	false	Saccharomyces cerevisiae (strain ATCC 204508 / S288c)	ATP synthase subunit epsilon, mitochondrial	1:Experimental evidence at protein level	20.97	0.9674	0.9990	0.00000000000000	1	1	1	1	1	1	9978111.0	9978111.0	9978111.0			
sp|P22139|RPAB5_YEAST	P22139	RPAB5_YEAST	RPB10	70	false	false	Saccharomyces cerevisiae (strain ATCC 204508 / S288c)	DNA-directed RNA polymerases I, II, and III subunit RPABC5	1:Experimental evidence at protein level	15.71	0.9674	0.9990	0.00000000000000	1	1	1	1	1	1	8421319.0	8421319.0	8421319.0			
sp|P22804|BET1_YEAST	P22804	BET1_YEAST	BET1	142	false	false	Saccharomyces cerevisiae (strain ATCC 204508 / S288c)	Protein transport protein BET1	1:Experimental evidence at protein level	13.38	0.9674	0.9990	0.00000000000000	1	1	1	1	1	1	5731422.5	5731422.5	5731422.5			
sp|P23287|PP2B1_YEAST	P23287	PP2B1_YEAST	CNA1	553	false	false	Saccharomyces cerevisiae (strain ATCC 204508 / S288c)	Serine/threonine-protein phosphatase 2B catalytic subunit A1	1:Experimental evidence at protein level	1.99	0.9674	0.9990	0.00000000000000	1	1	1	1	1	1	6237535.0	6237535.0	6237535.0			
sp|P23642|VAN1_YEAST	P23642	VAN1_YEAST	VAN1	535	false	false	Saccharomyces cerevisiae (strain ATCC 204508 / S288c)	Mannan polymerase I complex VAN1 subunit	1:Experimental evidence at protein level	2.06	0.9674	0.9990	0.00000000000000	1	1	1	2	2	2	2667843.2	2667843.2	2667843.2			
sp|P25371|ADP1_YEAST	P25371	ADP1_YEAST	ADP1	1049	false	false	Saccharomyces cerevisiae (strain ATCC 204508 / S288c)	Probable ATP-dependent permease	1:Experimental evidence at protein level	0.95	0.9674	0.9990	0.00000000000000	1	1	1	2	2	2	1880869.8	1880869.8	1880869.8			
sp|P25515|VATL1_YEAST	P25515	VATL1_YEAST	VMA3	160	false	false	Saccharomyces cerevisiae (strain ATCC 204508 / S288c)	V-type proton ATPase subunit c	1:Experimental evidence at protein level	11.25	0.9674	0.9990	0.00000000000000	1	1	1	5	5	5	2913816.0	2913816.0	2913816.0	6C(57.0215),9C(57.0215)		
sp|P28496|LAC1_YEAST	P28496	LAC1_YEAST	LAC1	418	false	false	Saccharomyces cerevisiae (strain ATCC 204508 / S288c)	Ceramide synthase LAC1	1:Experimental evidence at protein level	3.11	0.9674	0.9990	0.00000000000000	1	1	1	1	1	1	1.0473057E7	1.0473057E7	1.0473057E7	N-term(42.0106)		
sp|P28737|MSP1_YEAST	P28737	MSP1_YEAST	MSP1	362	false	false	Saccharomyces cerevisiae (strain ATCC 204508 / S288c)	Outer mitochondrial transmembrane helix translocase	1:Experimental evidence at protein level	2.76	0.9674	0.9990	0.00000000000000	1	1	1	1	1	1	2542794.8	2542794.8	2542794.8			
sp|P29478|SEC65_YEAST	P29478	SEC65_YEAST	SEC65	273	false	false	Saccharomyces cerevisiae (strain ATCC 204508 / S288c)	Signal recognition particle subunit SEC65	1:Experimental evidence at protein level	3.66	0.9674	0.9990	0.00000000000000	1	1	1	1	1	1	5007379.0	5007379.0	5007379.0			
sp|P30656|PSB5_YEAST	P30656	PSB5_YEAST	PRE2	287	false	false	Saccharomyces cerevisiae (strain ATCC 204508 / S288c)	Proteasome subunit beta type-5	1:Experimental evidence at protein level	4.53	0.9674	0.9990	0.00000000000000	1	1	1	1	1	1	1.9288024E7	1.9288024E7	1.9288024E7			
sp|P32329|YPS1_YEAST	P32329	YPS1_YEAST	YPS1	569	false	false	Saccharomyces cerevisiae (strain ATCC 204508 / S288c)	Aspartic proteinase 3	1:Experimental evidence at protein level	1.58	0.9674	0.9990	0.00000000000000	1	1	1	2	2	2	2.1077702E7	2.1077702E7	2.1077702E7			
sp|P32474|EUG1_YEAST	P32474	EUG1_YEAST	EUG1	517	false	false	Saccharomyces cerevisiae (strain ATCC 204508 / S288c)	Protein disulfide-isomerase EUG1	1:Experimental evidence at protein level	1.93	0.9674	0.9990	0.00000000000000	1	1	1	1	1	1	2421836.2	2421836.2	2421836.2			
sp|P32486|KRE6_YEAST	P32486	KRE6_YEAST	KRE6	720	false	false	Saccharomyces cerevisiae (strain ATCC 204508 / S288c)	Beta-glucan synthesis-associated protein KRE6	1:Experimental evidence at protein level	2.92	0.9674	0.9990	0.00000000000000	1	1	1	1	1	1	3712855.0	3712855.0	3712855.0			
sp|P32604|F26_YEAST	P32604	F26_YEAST	FBP26	452	false	false	Saccharomyces cerevisiae (strain ATCC 204508 / S288c)	Fructose-2,6-bisphosphatase	1:Experimental evidence at protein level	5.31	0.9674	0.9990	0.00000000000000	1	1	1	1	1	1	3812846.5	3812846.5	3812846.5			
sp|P32642|GLRX4_YEAST	P32642	GLRX4_YEAST	GRX4	244	false	false	Saccharomyces cerevisiae (strain ATCC 204508 / S288c)	Monothiol glutaredoxin-4	1:Experimental evidence at protein level	3.28	0.9674	0.9990	0.00000000000000	1	0	1	2	0	2	5374464.0	0	5374464.0			sp|Q03835|GLRX3_YEAST
sp|P32806|GYP6_YEAST	P32806	GYP6_YEAST	GYP6	458	false	false	Saccharomyces cerevisiae (strain ATCC 204508 / S288c)	GTPase-activating protein GYP6	1:Experimental evidence at protein level	1.97	0.9674	0.9990	0.00000000000000	1	1	1	1	1	1	873431.4	873431.4	873431.4	2C(57.0215)		
sp|P32895|KPR1_YEAST	P32895	KPR1_YEAST	PRS1	427	false	false	Saccharomyces cerevisiae (strain ATCC 204508 / S288c)	Ribose-phosphate pyrophosphokinase 1	1:Experimental evidence at protein level	2.58	0.9674	0.9990	0.00000000000000	1	1	1	1	1	1	5941874.0	5941874.0	5941874.0			
sp|P34163|TGL1_YEAST	P34163	TGL1_YEAST	TGL1	548	false	false	Saccharomyces cerevisiae (strain ATCC 204508 / S288c)	Sterol esterase TGL1	1:Experimental evidence at protein level	4.56	0.9674	0.9990	0.00000000000000	1	1	1	1	1	1	5237339.0	5237339.0	5237339.0			
sp|P35725|YKG3_YEAST	P35725	YKG3_YEAST	YKL063C	167	false	false	Saccharomyces cerevisiae (strain ATCC 204508 / S288c)	Uncharacterized protein YKL063C	1:Experimental evidence at protein level	8.38	0.9674	0.9990	0.00000000000000	1	1	1	1	1	1	7000786.0	7000786.0	7000786.0			
sp|P36076|CAB3_YEAST	P36076	CAB3_YEAST	CAB3	571	false	false	Saccharomyces cerevisiae (strain ATCC 204508 / S288c)	Coenzyme A biosynthesis protein 3	1:Experimental evidence at protein level	1.75	0.9674	0.9990	0.00000000000000	1	1	1	1	1	1	1509855.0	1509855.0	1509855.0			
sp|P36151|YK50_YEAST	P36151	YK50_YEAST	YKR070W	352	false	false	Saccharomyces cerevisiae (strain ATCC 204508 / S288c)	Uncharacterized protein YKR070W	1:Experimental evidence at protein level	5.40	0.9674	0.9990	0.00000000000000	1	1	1	1	1	1	3280525.5	3280525.5	3280525.5			
sp|P38131|KTR4_YEAST	P38131	KTR4_YEAST	KTR4	464	false	false	Saccharomyces cerevisiae (strain ATCC 204508 / S288c)	Probable mannosyltransferase KTR4	1:Experimental evidence at protein level	4.53	0.9674	0.9990	0.00000000000000	1	1	1	2	2	2	4772459.5	4772459.5	4772459.5			
sp|P38166|SFT2_YEAST	P38166	SFT2_YEAST	SFT2	215	false	false	Saccharomyces cerevisiae (strain ATCC 204508 / S288c)	Protein transport protein SFT2	1:Experimental evidence at protein level	5.58	0.9674	0.9990	0.00000000000000	1	1	1	1	1	1	3458398.0	3458398.0	3458398.0			
sp|P38216|YBM6_YEAST	P38216	YBM6_YEAST	YBR016W	128	false	false	Saccharomyces cerevisiae (strain ATCC 204508 / S288c)	Uncharacterized protein YBR016W	1:Experimental evidence at protein level	10.16	0.9674	0.9990	0.00000000000000	1	1	1	1	1	1	1.7679936E7	1.7679936E7	1.7679936E7			
sp|P38247|SLM4_YEAST	P38247	SLM4_YEAST	SLM4	162	false	false	Saccharomyces cerevisiae (strain ATCC 204508 / S288c)	Protein SLM4	1:Experimental evidence at protein level	5.56	0.9674	0.9990	0.00000000000000	1	1	1	1	1	1	2581712.2	2581712.2	2581712.2			
sp|P38970|HAL5_YEAST	P38970	HAL5_YEAST	HAL5	855	false	false	Saccharomyces cerevisiae (strain ATCC 204508 / S288c)	Serine/threonine-protein kinase HAL5	1:Experimental evidence at protein level	2.81	0.9674	0.9990	0.00000000000000	1	1	1	1	1	1	5007991.5	5007991.5	5007991.5			
sp|P39005|KRE9_YEAST	P39005	KRE9_YEAST	KRE9	276	false	false	Saccharomyces cerevisiae (strain ATCC 204508 / S288c)	Cell wall synthesis protein KRE9	1:Experimental evidence at protein level	9.78	0.9674	0.9990	0.00000000000000	1	1	1	1	1	1	1688762.2	1688762.2	1688762.2			
sp|P39012|GAA1_YEAST	P39012	GAA1_YEAST	GAA1	614	false	false	Saccharomyces cerevisiae (strain ATCC 204508 / S288c)	GPI transamidase component GAA1	1:Experimental evidence at protein level	3.09	0.9674	0.9990	0.00000000000000	1	1	1	1	1	1	2344574.8	2344574.8	2344574.8			
sp|P39524|ATC3_YEAST	P39524	ATC3_YEAST	DRS2	1355	false	false	Saccharomyces cerevisiae (strain ATCC 204508 / S288c)	Probable phospholipid-transporting ATPase DRS2	1:Experimental evidence at protein level	0.74	0.9674	0.9990	0.00000000000000	1	1	1	1	1	1	7.908232E7	7.908232E7	7.908232E7			
sp|P40005|PFD2_YEAST	P40005	PFD2_YEAST	GIM4	111	false	false	Saccharomyces cerevisiae (strain ATCC 204508 / S288c)	Prefoldin subunit 2	1:Experimental evidence at protein level	8.11	0.9674	0.9990	0.00000000000000	1	1	1	1	1	1	6434947.0	6434947.0	6434947.0			
sp|P40006|IRC22_YEAST	P40006	IRC22_YEAST	IRC22	225	false	false	Saccharomyces cerevisiae (strain ATCC 204508 / S288c)	Increased recombination centers protein 22	1:Experimental evidence at protein level	4.89	0.9674	0.9990	0.00000000000000	1	1	1	2	2	2	1.1442438E7	1.1442438E7	1.1442438E7			
sp|P40011|RRAAH_YEAST	P40011	RRAAH_YEAST	YER010C	234	false	false	Saccharomyces cerevisiae (strain ATCC 204508 / S288c)	4-hydroxy-4-methyl-2-oxoglutarate aldolase	1:Experimental evidence at protein level	4.27	0.9674	0.9990	0.00000000000000	1	1	1	1	1	1	6989129.5	6989129.5	6989129.5			
sp|P40018|RSMB_YEAST	P40018	RSMB_YEAST	SMB1	196	false	false	Saccharomyces cerevisiae (strain ATCC 204508 / S288c)	Small nuclear ribonucleoprotein-associated protein B	1:Experimental evidence at protein level	4.08	0.9674	0.9990	0.00000000000000	1	1	1	1	1	1	1844048.8	1844048.8	1844048.8			
sp|P40030|ERG28_YEAST	P40030	ERG28_YEAST	ERG28	148	false	false	Saccharomyces cerevisiae (strain ATCC 204508 / S288c)	Ergosterol biosynthetic protein 28	1:Experimental evidence at protein level	8.11	0.9674	0.9990	0.00000000000000	1	1	1	2	2	2	3.2067514E7	3.2067514E7	3.2067514E7			
sp|P40318|DOA10_YEAST	P40318	DOA10_YEAST	SSM4	1319	false	false	Saccharomyces cerevisiae (strain ATCC 204508 / S288c)	ERAD-associated E3 ubiquitin-protein ligase DOA10	1:Experimental evidence at protein level	2.43	0.9674	0.9990	0.00000000000000	1	1	1	1	1	1	1931400.0	1931400.0	1931400.0			
sp|P40341|YTA12_YEAST	P40341	YTA12_YEAST	YTA12	825	false	false	Saccharomyces cerevisiae (strain ATCC 204508 / S288c)	Mitochondrial respiratory chain complexes assembly protein YTA12	1:Experimental evidence at protein level	1.09	0.9674	0.9990	0.00000000000000	1	1	1	1	1	1	3543431.5	3543431.5	3543431.5			
sp|P40347|PPAL_YEAST	P40347	PPAL_YEAST	LTP1	161	false	false	Saccharomyces cerevisiae (strain ATCC 204508 / S288c)	Low molecular weight phosphotyrosine protein phosphatase	1:Experimental evidence at protein level	11.18	0.9674	0.9990	0.00000000000000	1	1	1	1	1	1	9997472.0	9997472.0	9997472.0			
sp|P40499|ICE2_YEAST	P40499	ICE2_YEAST	ICE2	491	false	false	Saccharomyces cerevisiae (strain ATCC 204508 / S288c)	Protein ICE2	1:Experimental evidence at protein level	2.04	0.9674	0.9990	0.00000000000000	1	1	1	1	1	1	0	0	0	3C(57.0215),7C(57.0215)		
sp|P40501|AVT7_YEAST	P40501	AVT7_YEAST	AVT7	490	false	false	Saccharomyces cerevisiae (strain ATCC 204508 / S288c)	Vacuolar amino acid transporter 7	1:Experimental evidence at protein level	2.24	0.9674	0.9990	0.00000000000000	1	1	1	1	1	1	4743653.5	4743653.5	4743653.5			
sp|P40857|HACD_YEAST	P40857	HACD_YEAST	PHS1	217	false	false	Saccharomyces cerevisiae (strain ATCC 204508 / S288c)	Very-long-chain (3R)-3-hydroxyacyl-CoA dehydratase PHS1	1:Experimental evidence at protein level	5.07	0.9674	0.9990	0.00000000000000	1	1	1	1	1	1	8751128.0	8751128.0	8751128.0			
sp|P46965|SPC1_YEAST	P46965	SPC1_YEAST	SPC1	94	false	false	Saccharomyces cerevisiae (strain ATCC 204508 / S288c)	Signal peptidase complex subunit 1	1:Experimental evidence at protein level	11.70	0.9674	0.9990	0.00000000000000	1	1	1	2	2	2	6670664.0	6670664.0	6670664.0			
sp|P47031|IML2_YEAST	P47031	IML2_YEAST	IML2	731	false	false	Saccharomyces cerevisiae (strain ATCC 204508 / S288c)	Inclusion body clearance protein IML2	1:Experimental evidence at protein level	2.87	0.9674	0.9990	0.00000000000000	1	1	1	1	1	1	6423583.5	6423583.5	6423583.5			
sp|P47064|AP3S_YEAST	P47064	AP3S_YEAST	APS3	194	false	false	Saccharomyces cerevisiae (strain ATCC 204508 / S288c)	AP-3 complex subunit sigma	1:Experimental evidence at protein level	5.15	0.9674	0.9990	0.00000000000000	1	1	1	1	1	1	4381756.5	4381756.5	4381756.5			
sp|P47095|MTNB_YEAST	P47095	MTNB_YEAST	MDE1	244	false	false	Saccharomyces cerevisiae (strain ATCC 204508 / S288c)	Methylthioribulose-1-phosphate dehydratase	1:Experimental evidence at protein level	7.79	0.9674	0.9990	0.00000000000000	1	1	1	2	2	2	3233646.0	3233646.0	3233646.0			
sp|P47155|ILM1_YEAST	P47155	ILM1_YEAST	ILM1	203	false	false	Saccharomyces cerevisiae (strain ATCC 204508 / S288c)	Protein ILM1	1:Experimental evidence at protein level	14.29	0.9674	0.9990	0.00000000000000	1	1	1	1	1	1	7068017.5	7068017.5	7068017.5			
sp|P52871|SC6B2_YEAST	P52871	SC6B2_YEAST	SBH2	88	false	false	Saccharomyces cerevisiae (strain ATCC 204508 / S288c)	Protein transport protein SBH2	1:Experimental evidence at protein level	14.77	0.9674	0.9990	0.00000000000000	1	1	1	1	1	1	2.363673E7	2.363673E7	2.363673E7			
sp|P53112|PEX14_YEAST	P53112	PEX14_YEAST	PEX14	341	false	false	Saccharomyces cerevisiae (strain ATCC 204508 / S288c)	Peroxisomal membrane protein PEX14	1:Experimental evidence at protein level	4.69	0.9674	0.9990	0.00000000000000	1	1	1	1	1	1	1731468.4	1731468.4	1731468.4			
sp|P53128|MTHR2_YEAST	P53128	MTHR2_YEAST	MET13	600	false	false	Saccharomyces cerevisiae (strain ATCC 204508 / S288c)	Methylenetetrahydrofolate reductase 2	1:Experimental evidence at protein level	3.50	0.9674	0.9990	0.00000000000000	1	1	1	2	2	2	3744521.0	3744521.0	3744521.0			
sp|P53172|SDS23_YEAST	P53172	SDS23_YEAST	SDS23	527	false	false	Saccharomyces cerevisiae (strain ATCC 204508 / S288c)	Protein SDS23	1:Experimental evidence at protein level	3.04	0.9674	0.9990	0.00000000000000	1	1	1	1	1	1	3360446.2	3360446.2	3360446.2			
sp|P53173|ERV14_YEAST	P53173	ERV14_YEAST	ERV14	138	false	false	Saccharomyces cerevisiae (strain ATCC 204508 / S288c)	ER-derived vesicles protein ERV14	1:Experimental evidence at protein level	7.97	0.9674	0.9990	0.00000000000000	1	1	1	3	3	3	2.2628922E7	2.2628922E7	2.2628922E7			
sp|P53332|COAD_YEAST	P53332	COAD_YEAST	CAB4	305	false	false	Saccharomyces cerevisiae (strain ATCC 204508 / S288c)	Phosphopantetheine adenylyltransferase	1:Experimental evidence at protein level	3.61	0.9674	0.9990	0.00000000000000	1	1	1	1	1	1	2325461.2	2325461.2	2325461.2	6C(57.0215)		
sp|P53600|COPZ_YEAST	P53600	COPZ_YEAST	RET3	189	false	false	Saccharomyces cerevisiae (strain ATCC 204508 / S288c)	Coatomer subunit zeta	1:Experimental evidence at protein level	6.88	0.9674	0.9990	0.00000000000000	1	1	1	1	1	1	6531974.5	6531974.5	6531974.5			
sp|P53893|RIA1_YEAST	P53893	RIA1_YEAST	RIA1	1110	false	false	Saccharomyces cerevisiae (strain ATCC 204508 / S288c)	Ribosome assembly protein 1	1:Experimental evidence at protein level	1.17	0.9674	0.9990	0.00000000000000	1	1	1	1	1	1	1581786.6	1581786.6	1581786.6			
sp|P54730|UBX4_YEAST	P54730	UBX4_YEAST	UBX4	416	false	false	Saccharomyces cerevisiae (strain ATCC 204508 / S288c)	UBX domain-containing protein 4	1:Experimental evidence at protein level	2.40	0.9674	0.9990	0.00000000000000	1	1	1	1	1	1	3694924.2	3694924.2	3694924.2			
sp|P57744|TIM8_YEAST	P57744	TIM8_YEAST	TIM8	87	false	false	Saccharomyces cerevisiae (strain ATCC 204508 / S288c)	Mitochondrial import inner membrane translocase subunit TIM8	1:Experimental evidence at protein level	10.34	0.9674	0.9990	0.00000000000000	1	1	1	1	1	1	6808058.5	6808058.5	6808058.5			
sp|Q05874|EFM7_YEAST	Q05874	EFM7_YEAST	NNT1	261	false	false	Saccharomyces cerevisiae (strain ATCC 204508 / S288c)	Protein N-terminal and lysine N-methyltransferase EFM7	1:Experimental evidence at protein level	3.45	0.9674	0.9990	0.00000000000000	1	1	1	1	1	1	2830280.2	2830280.2	2830280.2			
sp|Q06089|YP098_YEAST	Q06089	YP098_YEAST	YPR098C	161	false	false	Saccharomyces cerevisiae (strain ATCC 204508 / S288c)	Uncharacterized mitochondrial outer membrane protein YPR098C	1:Experimental evidence at protein level	5.59	0.9674	0.9990	0.00000000000000	1	1	1	1	1	1	9665131.0	9665131.0	9665131.0			
sp|Q06178|NMA1_YEAST	Q06178	NMA1_YEAST	NMA1	401	false	false	Saccharomyces cerevisiae (strain ATCC 204508 / S288c)	Nicotinamide/nicotinic acid mononucleotide adenylyltransferase 1	1:Experimental evidence at protein level	3.74	0.9674	0.9990	0.00000000000000	1	1	1	2	2	2	2422508.2	2422508.2	2422508.2			
sp|Q06485|ATG33_YEAST	Q06485	ATG33_YEAST	ATG33	197	false	false	Saccharomyces cerevisiae (strain ATCC 204508 / S288c)	Autophagy-related protein 33	1:Experimental evidence at protein level	12.69	0.9674	0.9990	0.00000000000000	1	1	1	1	1	1	1.4493843E7	1.4493843E7	1.4493843E7			
sp|Q07418|PEX19_YEAST	Q07418	PEX19_YEAST	PEX19	342	false	false	Saccharomyces cerevisiae (strain ATCC 204508 / S288c)	Peroxisomal membrane protein import receptor PEX19	1:Experimental evidence at protein level	2.92	0.9674	0.9990	0.00000000000000	1	1	1	1	1	1	4889549.0	4889549.0	4889549.0			
sp|Q07915|RLP24_YEAST	Q07915	RLP24_YEAST	RLP24	199	false	false	Saccharomyces cerevisiae (strain ATCC 204508 / S288c)	Ribosome biogenesis protein RLP24	1:Experimental evidence at protein level	5.03	0.9674	0.9990	0.00000000000000	1	1	1	1	1	1	6308935.5	6308935.5	6308935.5			
sp|Q08548|ALE1_YEAST	Q08548	ALE1_YEAST	ALE1	619	false	false	Saccharomyces cerevisiae (strain ATCC 204508 / S288c)	Lysophospholipid acyltransferase	1:Experimental evidence at protein level	1.78	0.9674	0.9990	0.00000000000000	1	1	1	1	1	1	2426609.5	2426609.5	2426609.5			
sp|Q08689|NAT5_YEAST	Q08689	NAT5_YEAST	NAT5	176	false	false	Saccharomyces cerevisiae (strain ATCC 204508 / S288c)	N-alpha-acetyltransferase NAT5	1:Experimental evidence at protein level	7.39	0.9674	0.9990	0.00000000000000	1	1	1	1	1	1	1.3650292E7	1.3650292E7	1.3650292E7			
sp|Q12012|YO289_YEAST	Q12012	YO289_YEAST	YOR289W	251	false	false	Saccharomyces cerevisiae (strain ATCC 204508 / S288c)	Uncharacterized protein YOR289W	1:Experimental evidence at protein level	3.98	0.9674	0.9990	0.00000000000000	1	1	1	1	1	1	6875766.0	6875766.0	6875766.0			
sp|Q12349|ATP14_YEAST	Q12349	ATP14_YEAST	ATP14	124	false	false	Saccharomyces cerevisiae (strain ATCC 204508 / S288c)	ATP synthase subunit H, mitochondrial	1:Experimental evidence at protein level	29.03	0.9674	0.9990	0.00000000000000	1	1	1	1	1	1	7413627.5	7413627.5	7413627.5			
sp|Q3E772|LSO2_YEAST	Q3E772	LSO2_YEAST	LSO2	92	false	false	Saccharomyces cerevisiae (strain ATCC 204508 / S288c)	Protein LSO2	1:Experimental evidence at protein level	14.13	0.9674	0.9990	0.00000000000000	1	1	1	1	1	1	1.7035792E7	1.7035792E7	1.7035792E7			
sp|Q3E830|EGO2_YEAST	Q3E830	EGO2_YEAST	EGO2	75	false	false	Saccharomyces cerevisiae (strain ATCC 204508 / S288c)	Protein EGO2	1:Experimental evidence at protein level	12.00	0.9674	0.9990	0.00000000000000	1	1	1	2	2	2	6906797.0	6906797.0	6906797.0			
sp|P06704|CDC31_YEAST	P06704	CDC31_YEAST	CDC31	161	false	false	Saccharomyces cerevisiae (strain ATCC 204508 / S288c)	Cell division control protein 31	1:Experimental evidence at protein level	7.45	0.9673	0.9990	0.00000000000000	1	1	1	1	1	1	6201414.0	6201414.0	6201414.0			
sp|P38153|AP3M_YEAST	P38153	AP3M_YEAST	APM3	483	false	false	Saccharomyces cerevisiae (strain ATCC 204508 / S288c)	AP-3 complex subunit mu	1:Experimental evidence at protein level	2.07	0.9673	0.9990	0.00000000000000	1	1	1	1	1	1	1852560.6	1852560.6	1852560.6			
sp|P38885|AIM46_YEAST	P38885	AIM46_YEAST	AIM46	310	false	false	Saccharomyces cerevisiae (strain ATCC 204508 / S288c)	Altered inheritance of mitochondria protein 46, mitochondrial	1:Experimental evidence at protein level	4.19	0.9673	0.9990	0.00000000000000	1	1	1	1	1	1	3291267.2	3291267.2	3291267.2	11C(57.0215)		
sp|P39960|BEM2_YEAST	P39960	BEM2_YEAST	BEM2	2167	false	false	Saccharomyces cerevisiae (strain ATCC 204508 / S288c)	GTPase-activating protein BEM2/IPL2	1:Experimental evidence at protein level	0.46	0.9673	0.9990	0.00000000000000	1	1	1	1	1	1	1335744.0	1335744.0	1335744.0			
sp|P40335|PEP8_YEAST	P40335	PEP8_YEAST	PEP8	379	false	false	Saccharomyces cerevisiae (strain ATCC 204508 / S288c)	Carboxypeptidase Y-deficient protein 8	1:Experimental evidence at protein level	2.64	0.9673	0.9990	0.00000000000000	1	1	1	1	1	1	3752538.8	3752538.8	3752538.8			
sp|P52891|NUP84_YEAST	P52891	NUP84_YEAST	NUP84	726	false	false	Saccharomyces cerevisiae (strain ATCC 204508 / S288c)	Nucleoporin NUP84	1:Experimental evidence at protein level	1.24	0.9673	0.9990	0.00000000000000	1	1	1	1	1	1	2323505.0	2323505.0	2323505.0			
sp|P53110|YGP9_YEAST	P53110	YGP9_YEAST	YGL159W	370	false	false	Saccharomyces cerevisiae (strain ATCC 204508 / S288c)	Uncharacterized protein YGL159W	1:Experimental evidence at protein level	5.41	0.9673	0.9990	0.00000000000000	1	1	1	1	1	1	2523696.8	2523696.8	2523696.8			
sp|P53155|YGI2_YEAST	P53155	YGI2_YEAST	YGL082W	381	false	false	Saccharomyces cerevisiae (strain ATCC 204508 / S288c)	Uncharacterized protein YGL082W	1:Experimental evidence at protein level	2.10	0.9673	0.9990	0.00000000000000	1	1	1	1	1	1	3170066.0	3170066.0	3170066.0			
sp|Q03778|RIFK_YEAST	Q03778	RIFK_YEAST	FMN1	218	false	false	Saccharomyces cerevisiae (strain ATCC 204508 / S288c)	Riboflavin kinase	1:Experimental evidence at protein level	5.50	0.9673	0.9990	0.00000000000000	1	1	1	1	1	1	6071348.0	6071348.0	6071348.0			
sp|Q08746|RRS1_YEAST	Q08746	RRS1_YEAST	RRS1	203	false	false	Saccharomyces cerevisiae (strain ATCC 204508 / S288c)	Regulator of ribosome biosynthesis	1:Experimental evidence at protein level	4.43	0.9673	0.9990	0.00000000000000	1	1	1	1	1	1	4145841.2	4145841.2	4145841.2			
sp|Q3E7B6|VA0E_YEAST	Q3E7B6	VA0E_YEAST	VMA9	73	false	false	Saccharomyces cerevisiae (strain ATCC 204508 / S288c)	V-type proton ATPase subunit e	1:Experimental evidence at protein level	12.33	0.9673	0.9990	0.00000000000000	1	1	1	1	1	1	2.3179368E7	2.3179368E7	2.3179368E7			
sp|Q92317|NCB2_YEAST	Q92317	NCB2_YEAST	NCB2	146	false	false	Saccharomyces cerevisiae (strain ATCC 204508 / S288c)	Negative cofactor 2 complex subunit beta	1:Experimental evidence at protein level	6.85	0.9673	0.9990	0.00000000000000	1	1	1	1	1	1	5137424.0	5137424.0	5137424.0			
sp|P32911|SUI1_YEAST	P32911	SUI1_YEAST	SUI1	108	false	false	Saccharomyces cerevisiae (strain ATCC 204508 / S288c)	Eukaryotic translation initiation factor eIF-1	1:Experimental evidence at protein level	9.26	0.9672	0.9990	0.00000000000000	1	1	1	1	1	1	9024925.0	9024925.0	9024925.0	4C(57.0215)		
sp|P38922|HRB1_YEAST	P38922	HRB1_YEAST	HRB1	454	false	false	Saccharomyces cerevisiae (strain ATCC 204508 / S288c)	Serine/arginine (SR)-type shuttling mRNA binding protein HRB1	1:Experimental evidence at protein level	2.42	0.9672	0.9990	0.00000000000000	1	1	1	1	1	1	4671601.0	4671601.0	4671601.0			
sp|P53192|GET1_YEAST	P53192	GET1_YEAST	GET1	235	false	false	Saccharomyces cerevisiae (strain ATCC 204508 / S288c)	Golgi to ER traffic protein 1	1:Experimental evidence at protein level	3.83	0.9672	0.9990	0.00000000000000	1	1	1	1	1	1	8005336.0	8005336.0	8005336.0			
sp|P34232|MTR2_YEAST	P34232	MTR2_YEAST	MTR2	184	false	false	Saccharomyces cerevisiae (strain ATCC 204508 / S288c)	mRNA transport regulator MTR2	1:Experimental evidence at protein level	6.52	0.9671	0.9990	0.00000000000000	1	1	1	1	1	1	9852929.0	9852929.0	9852929.0			
sp|Q08230|SDHF2_YEAST	Q08230	SDHF2_YEAST	SDH5	162	false	false	Saccharomyces cerevisiae (strain ATCC 204508 / S288c)	Succinate dehydrogenase assembly factor 2, mitochondrial	1:Experimental evidence at protein level	6.17	0.9671	0.9990	0.00000000000000	1	1	1	1	1	1	2287775.2	2287775.2	2287775.2			
sp|P32767|KA122_YEAST	P32767	KA122_YEAST	KAP122	1081	false	false	Saccharomyces cerevisiae (strain ATCC 204508 / S288c)	Importin beta-like protein KAP122	1:Experimental evidence at protein level	1.02	0.9670	0.9990	0.00000000000000	1	1	1	1	1	1	9660252.0	9660252.0	9660252.0			
sp|P39969|BOI2_YEAST	P39969	BOI2_YEAST	BOI2	1040	false	false	Saccharomyces cerevisiae (strain ATCC 204508 / S288c)	Protein BOI2	1:Experimental evidence at protein level	0.96	0.9670	0.9990	0.00000000000000	1	1	1	1	1	1	464680.38	464680.38	464680.38			
sp|Q05948|YL225_YEAST	Q05948	YL225_YEAST	YLR225C	407	false	false	Saccharomyces cerevisiae (strain ATCC 204508 / S288c)	Uncharacterized SVF1-like protein YLR225C	1:Experimental evidence at protein level	2.21	0.9670	0.9990	0.00000000000000	1	1	1	1	1	1	4682098.0	4682098.0	4682098.0			
sp|Q06169|PEX30_YEAST	Q06169	PEX30_YEAST	PEX30	523	false	false	Saccharomyces cerevisiae (strain ATCC 204508 / S288c)	Peroxisomal membrane protein PEX30	1:Experimental evidence at protein level	1.91	0.9670	0.9990	0.00000000000000	1	1	1	1	1	1	3100781.0	3100781.0	3100781.0			
sp|P20484|MAK11_YEAST	P20484	MAK11_YEAST	MAK11	414	false	false	Saccharomyces cerevisiae (strain ATCC 204508 / S288c)	Protein MAK11	1:Experimental evidence at protein level	2.17	0.9669	0.9990	0.00000000000000	1	1	1	1	1	1	2788716.2	2788716.2	2788716.2			
sp|Q12754|RRP12_YEAST	Q12754	RRP12_YEAST	RRP12	1228	false	false	Saccharomyces cerevisiae (strain ATCC 204508 / S288c)	Ribosomal RNA-processing protein 12	1:Experimental evidence at protein level	0.73	0.9667	0.9990	0.00000000000000	1	1	1	1	1	1	1214407.5	1214407.5	1214407.5			
sp|P53108|YIP5_YEAST	P53108	YIP5_YEAST	YIP5	310	false	false	Saccharomyces cerevisiae (strain ATCC 204508 / S288c)	Protein YIP5	1:Experimental evidence at protein level	3.23	0.9666	0.9990	0.00000000000000	1	1	1	1	1	1	2506390.8	2506390.8	2506390.8			
sp|Q12211|PUS1_YEAST	Q12211	PUS1_YEAST	PUS1	544	false	false	Saccharomyces cerevisiae (strain ATCC 204508 / S288c)	tRNA pseudouridine synthase 1	1:Experimental evidence at protein level	1.65	0.9666	0.9990	0.00000000000000	1	1	1	1	1	1	1509421.0	1509421.0	1509421.0			
sp|P38801|LRP1_YEAST	P38801	LRP1_YEAST	LRP1	184	false	false	Saccharomyces cerevisiae (strain ATCC 204508 / S288c)	Exosome complex protein LRP1	1:Experimental evidence at protein level	4.89	0.9664	0.9990	0.00000000000000	1	1	1	1	1	1	3076908.0	3076908.0	3076908.0			
sp|Q6Q547|NOP10_YEAST	Q6Q547	NOP10_YEAST	NOP10	58	false	false	Saccharomyces cerevisiae (strain ATCC 204508 / S288c)	H/ACA ribonucleoprotein complex subunit NOP10	1:Experimental evidence at protein level	15.52	0.9664	0.9990	0.00000000000000	1	1	1	1	1	1	7974154.0	7974154.0	7974154.0			
sp|P32842|VATL2_YEAST	P32842	VATL2_YEAST	VMA11	164	false	false	Saccharomyces cerevisiae (strain ATCC 204508 / S288c)	V-type proton ATPase subunit c'	1:Experimental evidence at protein level	10.98	0.9663	0.9990	0.00000000000000	1	1	1	2	2	2	1479404.0	1479404.0	1479404.0			
sp|Q02774|SHR3_YEAST	Q02774	SHR3_YEAST	SHR3	210	false	false	Saccharomyces cerevisiae (strain ATCC 204508 / S288c)	Secretory component protein SHR3	1:Experimental evidence at protein level	3.81	0.9662	0.9990	0.00000000000000	1	1	1	1	1	1	8815934.0	8815934.0	8815934.0			
sp|Q07651|FMP45_YEAST	Q07651	FMP45_YEAST	FMP45	309	false	false	Saccharomyces cerevisiae (strain ATCC 204508 / S288c)	SUR7 family protein FMP45	1:Experimental evidence at protein level	4.53	0.9662	0.9990	0.00000000000000	1	1	1	1	1	1	5744796.5	5744796.5	5744796.5			
sp|P38251|RFC5_YEAST	P38251	RFC5_YEAST	RFC5	354	false	false	Saccharomyces cerevisiae (strain ATCC 204508 / S288c)	Replication factor C subunit 5	1:Experimental evidence at protein level	2.82	0.9661	0.9990	0.00000000000000	1	1	1	1	1	1	2178406.5	2178406.5	2178406.5			
sp|P36149|BET3_YEAST	P36149	BET3_YEAST	BET3	193	false	false	Saccharomyces cerevisiae (strain ATCC 204508 / S288c)	Trafficking protein particle complex subunit BET3	1:Experimental evidence at protein level	4.15	0.9660	0.9990	0.00000000000000	1	1	1	1	1	1	4628059.0	4628059.0	4628059.0			
sp|P40442|CSS1_YEAST	P40442	CSS1_YEAST	CSS1	995	false	false	Saccharomyces cerevisiae (strain ATCC 204508 / S288c)	Secreted protein CSS1	2:Experimental evidence at transcript level	0.80	0.9660	0.9990	0.00000000000000	1	0	1	2	0	2	5397219.5	0	5397219.5			sp|Q05164|HPF1_YEAST
sp|P25617|YCQ6_YEAST	P25617	YCQ6_YEAST	YCR016W	290	false	false	Saccharomyces cerevisiae (strain ATCC 204508 / S288c)	Uncharacterized protein YCR016W	1:Experimental evidence at protein level	2.41	0.9659	0.9990	0.00000000000000	1	1	1	1	1	1	991204.1	991204.1	991204.1			
sp|Q00873|CYT2_YEAST	Q00873	CYT2_YEAST	CYT2	224	false	false	Saccharomyces cerevisiae (strain ATCC 204508 / S288c)	Holocytochrome-c1 synthase	1:Experimental evidence at protein level	5.36	0.9659	0.9990	0.00000000000000	1	1	1	1	1	1	2566935.8	2566935.8	2566935.8			
sp|P40557|EPS1_YEAST	P40557	EPS1_YEAST	EPS1	701	false	false	Saccharomyces cerevisiae (strain ATCC 204508 / S288c)	ER-retained PMA1-suppressing protein 1	1:Experimental evidence at protein level	1.28	0.9658	0.9989	0.00000000000000	1	1	1	1	1	1	0	0	0			
sp|Q12676|FOLD_YEAST	Q12676	FOLD_YEAST	FOL3	427	false	false	Saccharomyces cerevisiae (strain ATCC 204508 / S288c)	Dihydrofolate synthetase	1:Experimental evidence at protein level	4.45	0.9658	0.9989	0.00000000000000	1	1	1	1	1	1	2224602.5	2224602.5	2224602.5			
sp|P32583|SRP40_YEAST	P32583	SRP40_YEAST	SRP40	406	false	false	Saccharomyces cerevisiae (strain ATCC 204508 / S288c)	Suppressor protein SRP40	1:Experimental evidence at protein level	2.71	0.9657	0.9989	0.00000000000000	1	1	1	1	1	1	1.4191576E7	1.4191576E7	1.4191576E7			
sp|P36053|ELF1_YEAST	P36053	ELF1_YEAST	ELF1	145	false	false	Saccharomyces cerevisiae (strain ATCC 204508 / S288c)	Transcription elongation factor 1	1:Experimental evidence at protein level	6.21	0.9657	0.9989	0.00000000000000	1	1	1	1	1	1	7017713.0	7017713.0	7017713.0	8C(57.0215),8C(57.0215)		
sp|P53107|YRB30_YEAST	P53107	YRB30_YEAST	YRB30	440	false	false	Saccharomyces cerevisiae (strain ATCC 204508 / S288c)	Ran-specific GTPase-activating protein 30	1:Experimental evidence at protein level	2.27	0.9657	0.9989	0.00000000000000	1	1	1	1	1	1	1042035.56	1042035.56	1042035.56			
sp|Q12428|PRPD_YEAST	Q12428	PRPD_YEAST	PDH1	516	false	false	Saccharomyces cerevisiae (strain ATCC 204508 / S288c)	Probable 2-methylcitrate dehydratase	1:Experimental evidence at protein level	1.55	0.9657	0.9891	0.00403458213256	1	1	1	1	1	1	1555198.4	1555198.4	1555198.4			
sp|P40350|ALG5_YEAST	P40350	ALG5_YEAST	ALG5	334	false	false	Saccharomyces cerevisiae (strain ATCC 204508 / S288c)	Dolichyl-phosphate beta-glucosyltransferase	1:Experimental evidence at protein level	2.69	0.9656	0.9989	0.00000000000000	1	1	1	1	1	1	0	0	0			
sp|P43558|OTU1_YEAST	P43558	OTU1_YEAST	OTU1	301	false	false	Saccharomyces cerevisiae (strain ATCC 204508 / S288c)	Ubiquitin thioesterase OTU1	1:Experimental evidence at protein level	5.65	0.9656	0.9989	0.00000000000000	1	1	1	2	2	2	2482771.2	2482771.2	2482771.2			
sp|P38779|CIC1_YEAST	P38779	CIC1_YEAST	CIC1	376	false	false	Saccharomyces cerevisiae (strain ATCC 204508 / S288c)	Proteasome-interacting protein CIC1	1:Experimental evidence at protein level	2.13	0.9648	0.9989	0.00000000000000	1	1	1	1	1	1	5633066.5	5633066.5	5633066.5	6C(57.0215)		
sp|P38777|FSH1_YEAST	P38777	FSH1_YEAST	FSH1	243	false	false	Saccharomyces cerevisiae (strain ATCC 204508 / S288c)	Family of serine hydrolases 1	1:Experimental evidence at protein level	4.12	0.9645	0.9989	0.00000000000000	1	1	1	1	1	1	5223162.0	5223162.0	5223162.0			
sp|Q06217|SMD2_YEAST	Q06217	SMD2_YEAST	SMD2	110	false	false	Saccharomyces cerevisiae (strain ATCC 204508 / S288c)	Small nuclear ribonucleoprotein Sm D2	1:Experimental evidence at protein level	7.27	0.9645	0.9989	0.00000000000000	1	1	1	1	1	1	3183806.2	3183806.2	3183806.2			
sp|P32913|VPS17_YEAST	P32913	VPS17_YEAST	VPS17	551	false	false	Saccharomyces cerevisiae (strain ATCC 204508 / S288c)	Vacuolar protein sorting-associated protein 17	1:Experimental evidence at protein level	1.63	0.9643	0.9989	0.00000000000000	1	1	1	1	1	1	3303656.2	3303656.2	3303656.2			
sp|P43599|YFI8_YEAST	P43599	YFI8_YEAST	YFR018C	363	false	false	Saccharomyces cerevisiae (strain ATCC 204508 / S288c)	Uncharacterized protein YFR018C	1:Experimental evidence at protein level	2.20	0.9641	0.9989	0.00000000000000	1	1	1	1	1	1	3294685.5	3294685.5	3294685.5			
sp|P38775|YHK5_YEAST	P38775	YHK5_YEAST	YHR045W	560	false	false	Saccharomyces cerevisiae (strain ATCC 204508 / S288c)	Putative uncharacterized protein YHR045W	4:Protein predicted	1.79	0.9638	0.9989	0.00000000000000	1	1	1	1	1	1	4198965.0	4198965.0	4198965.0			
sp|P43597|YFI6_YEAST	P43597	YFI6_YEAST	YFR016C	1233	false	false	Saccharomyces cerevisiae (strain ATCC 204508 / S288c)	Uncharacterized protein YFR016C	1:Experimental evidence at protein level	0.73	0.9636	0.9989	0.00000000000000	1	1	1	1	1	1	0	0	0			
sp|Q05521|DPP1_YEAST	Q05521	DPP1_YEAST	DPP1	289	false	false	Saccharomyces cerevisiae (strain ATCC 204508 / S288c)	Diacylglycerol pyrophosphate phosphatase 1	1:Experimental evidence at protein level	2.77	0.9636	0.9989	0.00000000000000	1	1	1	1	1	1	3424700.2	3424700.2	3424700.2			
sp|P46988|PFD1_YEAST	P46988	PFD1_YEAST	PFD1	109	false	false	Saccharomyces cerevisiae (strain ATCC 204508 / S288c)	Prefoldin subunit 1	1:Experimental evidence at protein level	8.26	0.9624	0.9988	0.00000000000000	1	1	1	1	1	1	4173343.0	4173343.0	4173343.0			
sp|P53334|SCW4_YEAST	P53334	SCW4_YEAST	SCW4	386	false	false	Saccharomyces cerevisiae (strain ATCC 204508 / S288c)	Probable family 17 glucosidase SCW4	1:Experimental evidence at protein level	2.07	0.9622	0.9988	0.00000000000000	1	1	1	1	1	1	5818379.0	5818379.0	5818379.0			
sp|P48445|BPL1_YEAST	P48445	BPL1_YEAST	BPL1	690	false	false	Saccharomyces cerevisiae (strain ATCC 204508 / S288c)	Biotin--protein ligase	1:Experimental evidence at protein level	3.19	0.9612	0.9988	0.00000000000000	1	1	1	1	1	1	0	0	0			
sp|P38304|MED8_YEAST	P38304	MED8_YEAST	MED8	223	false	false	Saccharomyces cerevisiae (strain ATCC 204508 / S288c)	Mediator of RNA polymerase II transcription subunit 8	1:Experimental evidence at protein level	4.04	0.9609	0.9988	0.00000000000000	1	1	1	1	1	1	2411764.8	2411764.8	2411764.8			
sp|P38439|LEO1_YEAST	P38439	LEO1_YEAST	LEO1	464	false	false	Saccharomyces cerevisiae (strain ATCC 204508 / S288c)	RNA polymerase-associated protein LEO1	1:Experimental evidence at protein level	3.45	0.9603	0.9896	0.00403458213256	2	2	2	2	2	2	4644785.5	4644785.5	4644785.5			
sp|P38698|PPX1_YEAST	P38698	PPX1_YEAST	PPX1	397	false	false	Saccharomyces cerevisiae (strain ATCC 204508 / S288c)	Polyphosphatase	1:Experimental evidence at protein level	1.76	0.9600	0.9988	0.00000000000000	1	1	1	1	1	1	3343195.0	3343195.0	3343195.0			
sp|P46970|NMD5_YEAST	P46970	NMD5_YEAST	NMD5	1048	false	false	Saccharomyces cerevisiae (strain ATCC 204508 / S288c)	Nonsense-mediated mRNA decay protein 5	1:Experimental evidence at protein level	0.95	0.9600	0.9988	0.00000000000000	1	1	1	1	1	1	6297767.0	6297767.0	6297767.0	8C(57.0215)		
sp|P32478|HS150_YEAST	P32478	HS150_YEAST	HSP150	413	false	false	Saccharomyces cerevisiae (strain ATCC 204508 / S288c)	Cell wall mannoprotein HSP150	1:Experimental evidence at protein level	1.94	0.9592	0.9987	0.00000000000000	1	0	1	2	0	2	1.1085073E7	0	1.1085073E7			sp|P46999|PIR5_YEAST, sp|P47001|CIS3_YEAST, sp|Q03178|PIR1_YEAST, sp|Q03180|PIR3_YEAST
sp|P25580|PBN1_YEAST	P25580	PBN1_YEAST	PBN1	416	false	false	Saccharomyces cerevisiae (strain ATCC 204508 / S288c)	Protein PBN1	1:Experimental evidence at protein level	2.40	0.9589	0.9987	0.00000000000000	1	1	1	1	1	1	6317222.0	6317222.0	6317222.0			
sp|P29468|PAP_YEAST	P29468	PAP_YEAST	PAP1	568	false	false	Saccharomyces cerevisiae (strain ATCC 204508 / S288c)	Poly(A) polymerase	1:Experimental evidence at protein level	1.76	0.9586	0.9987	0.00000000000000	1	1	1	1	1	1	0	0	0			
sp|P52488|UBA2_YEAST	P52488	UBA2_YEAST	UBA2	636	false	false	Saccharomyces cerevisiae (strain ATCC 204508 / S288c)	Ubiquitin-activating enzyme E1-like	1:Experimental evidence at protein level	1.42	0.9584	0.9987	0.00000000000000	1	1	1	1	1	1	2230431.2	2230431.2	2230431.2			
sp|P24279|MCM3_YEAST	P24279	MCM3_YEAST	MCM3	971	false	false	Saccharomyces cerevisiae (strain ATCC 204508 / S288c)	DNA replication licensing factor MCM3	1:Experimental evidence at protein level	1.96	0.9582	0.9898	0.00403458213256	2	2	2	2	2	2	0	0	0	4C(57.0215)		
sp|Q04119|PPN1_YEAST	Q04119	PPN1_YEAST	PPN1	674	false	false	Saccharomyces cerevisiae (strain ATCC 204508 / S288c)	Endopolyphosphatase	1:Experimental evidence at protein level	1.34	0.9570	0.9987	0.00000000000000	1	1	1	1	1	1	0	0	0			
sp|P38930|CSK2C_YEAST	P38930	CSK2C_YEAST	CKB2	258	false	false	Saccharomyces cerevisiae (strain ATCC 204508 / S288c)	Casein kinase II subunit beta'	1:Experimental evidence at protein level	3.49	0.9568	0.9987	0.00000000000000	1	1	1	1	1	1	5919432.0	5919432.0	5919432.0			
sp|P39925|AFG3_YEAST	P39925	AFG3_YEAST	AFG3	761	false	false	Saccharomyces cerevisiae (strain ATCC 204508 / S288c)	Mitochondrial respiratory chain complexes assembly protein AFG3	1:Experimental evidence at protein level	1.97	0.9566	0.9824	0.00620767494357	2	2	2	2	2	2	3597009.5	3597009.5	3597009.5			
sp|Q07457|BRE1_YEAST	Q07457	BRE1_YEAST	BRE1	700	false	false	Saccharomyces cerevisiae (strain ATCC 204508 / S288c)	E3 ubiquitin-protein ligase BRE1	1:Experimental evidence at protein level	1.43	0.9566	0.9987	0.00000000000000	1	1	1	1	1	1	5143364.0	5143364.0	5143364.0			
sp|P47818|CCC1_YEAST	P47818	CCC1_YEAST	CCC1	322	false	false	Saccharomyces cerevisiae (strain ATCC 204508 / S288c)	Protein CCC1	1:Experimental evidence at protein level	2.80	0.9552	0.9986	0.00000000000000	1	1	1	1	1	1	4504844.5	4504844.5	4504844.5			
sp|P40433|6P21_YEAST	P40433	6P21_YEAST	PFK26	827	false	false	Saccharomyces cerevisiae (strain ATCC 204508 / S288c)	6-phosphofructo-2-kinase 1	1:Experimental evidence at protein level	1.09	0.9550	0.9986	0.00000000000000	1	1	1	1	1	1	4465941.5	4465941.5	4465941.5			
sp|Q06143|DIC1_YEAST	Q06143	DIC1_YEAST	DIC1	298	false	false	Saccharomyces cerevisiae (strain ATCC 204508 / S288c)	Mitochondrial dicarboxylate transporter	1:Experimental evidence at protein level	2.68	0.9550	0.9986	0.00000000000000	1	1	1	1	1	1	2143377.5	2143377.5	2143377.5			
sp|P42826|XKS1_YEAST	P42826	XKS1_YEAST	XKS1	600	false	false	Saccharomyces cerevisiae (strain ATCC 204508 / S288c)	Xylulose kinase	1:Experimental evidence at protein level	1.50	0.9546	0.9986	0.00000000000000	1	1	1	1	1	1	0	0	0			
sp|P47037|SMC3_YEAST	P47037	SMC3_YEAST	SMC3	1230	false	false	Saccharomyces cerevisiae (strain ATCC 204508 / S288c)	Structural maintenance of chromosomes protein 3	1:Experimental evidence at protein level	0.89	0.9539	0.9986	0.00000000000000	1	1	1	1	1	1	4278671.5	4278671.5	4278671.5			
sp|P34110|VPS35_YEAST	P34110	VPS35_YEAST	VPS35	944	false	false	Saccharomyces cerevisiae (strain ATCC 204508 / S288c)	Vacuolar protein sorting-associated protein 35	1:Experimental evidence at protein level	0.74	0.9522	0.9909	0.00403458213256	1	1	1	1	1	1	5680574.0	5680574.0	5680574.0			
sp|Q04693|RSE1_YEAST	Q04693	RSE1_YEAST	RSE1	1361	false	false	Saccharomyces cerevisiae (strain ATCC 204508 / S288c)	Pre-mRNA-splicing factor RSE1	1:Experimental evidence at protein level	0.73	0.9514	0.9985	0.00000000000000	1	1	1	1	1	1	318627.12	318627.12	318627.12			
sp|Q05029|BCH1_YEAST	Q05029	BCH1_YEAST	BCH1	724	false	false	Saccharomyces cerevisiae (strain ATCC 204508 / S288c)	Protein BCH1	1:Experimental evidence at protein level	1.24	0.9503	0.9984	0.00000000000000	1	1	1	1	1	1	2782382.5	2782382.5	2782382.5			
sp|Q12144|PER33_YEAST	Q12144	PER33_YEAST	PER33	273	false	false	Saccharomyces cerevisiae (strain ATCC 204508 / S288c)	Pore and endoplasmic reticulum protein of 33 kDa	1:Experimental evidence at protein level	2.56	0.9499	0.9984	0.00000000000000	1	1	1	1	1	1	1740666.4	1740666.4	1740666.4			
sp|P19812|UBR1_YEAST	P19812	UBR1_YEAST	UBR1	1950	false	false	Saccharomyces cerevisiae (strain ATCC 204508 / S288c)	E3 ubiquitin-protein ligase UBR1	1:Experimental evidence at protein level	0.36	0.9492	0.9875	0.00514579759863	2	2	2	1	1	1	8.1065872E7	8.1065872E7	8.1065872E7			
sp|P40986|CDC1_YEAST	P40986	CDC1_YEAST	CDC1	491	false	false	Saccharomyces cerevisiae (strain ATCC 204508 / S288c)	Cell division control protein 1	1:Experimental evidence at protein level	2.04	0.9471	0.9983	0.00000000000000	1	1	1	1	1	1	2021902.0	2021902.0	2021902.0			
sp|Q03705|CG121_YEAST	Q03705	CG121_YEAST	CGI121	181	false	false	Saccharomyces cerevisiae (strain ATCC 204508 / S288c)	EKC/KEOPS complex subunit CGI121	1:Experimental evidence at protein level	4.42	0.9463	0.9983	0.00000000000000	1	1	1	1	1	1	2796249.8	2796249.8	2796249.8			
sp|P50088|SPG1_YEAST	P50088	SPG1_YEAST	SPG1	95	false	false	Saccharomyces cerevisiae (strain ATCC 204508 / S288c)	Stationary phase gene 1 protein	1:Experimental evidence at protein level	11.58	0.9450	0.9983	0.00000000000000	1	1	1	1	1	1	5718721.5	5718721.5	5718721.5			
sp|Q01454|CTF4_YEAST	Q01454	CTF4_YEAST	CTF4	927	false	false	Saccharomyces cerevisiae (strain ATCC 204508 / S288c)	DNA polymerase alpha-binding protein	1:Experimental evidence at protein level	0.86	0.9450	0.9983	0.00000000000000	1	1	1	1	1	1	1655226.0	1655226.0	1655226.0			
sp|P53738|TR112_YEAST	P53738	TR112_YEAST	TRM112	135	false	false	Saccharomyces cerevisiae (strain ATCC 204508 / S288c)	Multifunctional methyltransferase subunit TRM112	1:Experimental evidence at protein level	5.93	0.9436	0.9982	0.00000000000000	1	1	1	1	1	1	5137243.5	5137243.5	5137243.5			
sp|P21560|CBP3_YEAST	P21560	CBP3_YEAST	CBP3	335	false	false	Saccharomyces cerevisiae (strain ATCC 204508 / S288c)	Protein CBP3, mitochondrial	1:Experimental evidence at protein level	2.69	0.9425	0.9982	0.00000000000000	1	1	1	1	1	1	2086238.9	2086238.9	2086238.9			
sp|Q05031|DFG5_YEAST	Q05031	DFG5_YEAST	DFG5	458	false	false	Saccharomyces cerevisiae (strain ATCC 204508 / S288c)	Mannan endo-1,6-alpha-mannosidase DFG5	1:Experimental evidence at protein level	1.75	0.9401	0.9981	0.00000000000000	1	1	1	1	1	1	3529855.5	3529855.5	3529855.5			
sp|P33309|DOM34_YEAST	P33309	DOM34_YEAST	DOM34	386	false	false	Saccharomyces cerevisiae (strain ATCC 204508 / S288c)	Protein DOM34	1:Experimental evidence at protein level	2.33	0.9382	0.9980	0.00000000000000	1	1	1	1	1	1	5079703.5	5079703.5	5079703.5			
sp|P38167|ECM21_YEAST	P38167	ECM21_YEAST	ECM21	1117	false	false	Saccharomyces cerevisiae (strain ATCC 204508 / S288c)	Protein ECM21	1:Experimental evidence at protein level	0.72	0.9362	0.9980	0.00000000000000	1	1	1	1	1	1	0	0	0			
sp|P22936|APN1_YEAST	P22936	APN1_YEAST	APN1	367	false	false	Saccharomyces cerevisiae (strain ATCC 204508 / S288c)	Apurinic-apyrimidinic endonuclease 1	1:Experimental evidence at protein level	2.45	0.9347	0.9979	0.00000000000000	1	1	1	1	1	1	3162835.8	3162835.8	3162835.8			
sp|Q03337|TRS31_YEAST	Q03337	TRS31_YEAST	TRS31	283	false	false	Saccharomyces cerevisiae (strain ATCC 204508 / S288c)	Trafficking protein particle complex subunit 31	1:Experimental evidence at protein level	2.83	0.9341	0.9979	0.00000000000000	1	1	1	1	1	1	741635.8	741635.8	741635.8			
sp|Q02354|UTP6_YEAST	Q02354	UTP6_YEAST	UTP6	440	false	false	Saccharomyces cerevisiae (strain ATCC 204508 / S288c)	U3 small nucleolar RNA-associated protein 6	1:Experimental evidence at protein level	2.05	0.9334	0.9979	0.00000000000000	1	1	1	1	1	1	5068728.5	5068728.5	5068728.5			
sp|P41835|THI6_YEAST	P41835	THI6_YEAST	THI6	540	false	false	Saccharomyces cerevisiae (strain ATCC 204508 / S288c)	Thiamine biosynthetic bifunctional enzyme	3:Protein inferred from homology	4.81	0.9317	0.9978	0.00000000000000	1	1	1	3	3	3	0	0	0	17C(57.0215),19C(57.0215)		
sp|P40343|VPS27_YEAST	P40343	VPS27_YEAST	VPS27	622	false	false	Saccharomyces cerevisiae (strain ATCC 204508 / S288c)	Vacuolar protein sorting-associated protein 27	1:Experimental evidence at protein level	1.61	0.9315	0.9978	0.00000000000000	1	1	1	1	1	1	2437252.0	2437252.0	2437252.0			
contam_sp|P12081|HARS1_HUMAN	P12081	HARS1_HUMAN	HARS1	509	false	true	Homo sapiens	Histidine--tRNA ligase, cytoplasmic	1:Experimental evidence at protein level	1.77	0.9301	0.9864	0.00514579759863	2	1	1	3	0	0	1.2524842E7	2647322.2	2647322.2			
sp|P21524|RIR1_YEAST	P21524	RIR1_YEAST	RNR1	888	false	false	Saccharomyces cerevisiae (strain ATCC 204508 / S288c)	Ribonucleoside-diphosphate reductase large chain 1	1:Experimental evidence at protein level	1.91	0.9295	0.9977	0.00000000000000	1	1	1	1	1	1	1424961.8	1424961.8	1424961.8			
sp|Q05024|TRI1_YEAST	Q05024	TRI1_YEAST	TRI1	226	false	false	Saccharomyces cerevisiae (strain ATCC 204508 / S288c)	Protein TRI1	1:Experimental evidence at protein level	5.31	0.9294	0.9977	0.00000000000000	1	1	1	1	1	1	0	0	0			
sp|P54781|ERG5_YEAST	P54781	ERG5_YEAST	ERG5	538	false	false	Saccharomyces cerevisiae (strain ATCC 204508 / S288c)	C-22 sterol desaturase ERG5	1:Experimental evidence at protein level	1.49	0.9290	0.9977	0.00000000000000	1	1	1	1	1	1	1786844.2	1786844.2	1786844.2			
sp|P25365|SED4_YEAST	P25365	SED4_YEAST	SED4	1065	false	false	Saccharomyces cerevisiae (strain ATCC 204508 / S288c)	Putative guanine nucleotide-exchange factor SED4	1:Experimental evidence at protein level	0.75	0.9289	0.9977	0.00000000000000	1	1	1	1	1	1	6203971.0	6203971.0	6203971.0			
sp|P36057|SRPB_YEAST	P36057	SRPB_YEAST	SRP102	244	false	false	Saccharomyces cerevisiae (strain ATCC 204508 / S288c)	Signal recognition particle receptor subunit beta	1:Experimental evidence at protein level	4.51	0.9214	0.9975	0.00060459492140	1	1	1	1	1	1	5722864.0	5722864.0	5722864.0			
sp|P38089|PP2C4_YEAST	P38089	PP2C4_YEAST	PTC4	393	false	false	Saccharomyces cerevisiae (strain ATCC 204508 / S288c)	Protein phosphatase 2C homolog 4	1:Experimental evidence at protein level	2.29	0.9207	0.9974	0.00060459492140	1	1	1	1	1	1	0	0	0			
sp|P38325|OM14_YEAST	P38325	OM14_YEAST	OM14	134	false	false	Saccharomyces cerevisiae (strain ATCC 204508 / S288c)	Mitochondrial outer membrane protein OM14	1:Experimental evidence at protein level	5.97	0.9167	0.9973	0.00060459492140	1	1	1	1	1	1	1.0265466E7	1.0265466E7	1.0265466E7	2C(57.0215)		
sp|P57743|LSM3_YEAST	P57743	LSM3_YEAST	LSM3	89	false	false	Saccharomyces cerevisiae (strain ATCC 204508 / S288c)	U6 snRNA-associated Sm-like protein LSm3	1:Experimental evidence at protein level	7.87	0.9166	0.9973	0.00060459492140	1	1	1	1	1	1	7340018.5	7340018.5	7340018.5	1C(57.0215)		
sp|Q06214|JIP5_YEAST	Q06214	JIP5_YEAST	JIP5	492	false	false	Saccharomyces cerevisiae (strain ATCC 204508 / S288c)	WD repeat-containing protein JIP5	1:Experimental evidence at protein level	1.83	0.9165	0.9973	0.00060459492140	1	1	1	1	1	1	3239805.8	3239805.8	3239805.8			
sp|P38293|UMP1_YEAST	P38293	UMP1_YEAST	UMP1	148	false	false	Saccharomyces cerevisiae (strain ATCC 204508 / S288c)	Proteasome maturation factor UMP1	1:Experimental evidence at protein level	6.76	0.9137	0.9972	0.00060459492140	1	1	1	1	1	1	1384841.9	1384841.9	1384841.9			
sp|P53276|UTP8_YEAST	P53276	UTP8_YEAST	UTP8	713	false	false	Saccharomyces cerevisiae (strain ATCC 204508 / S288c)	U3 small nucleolar RNA-associated protein 8	1:Experimental evidence at protein level	1.12	0.9120	0.9971	0.00060459492140	1	1	1	1	1	1	1530142.9	1530142.9	1530142.9			
sp|P53178|ALG13_YEAST	P53178	ALG13_YEAST	ALG13	202	false	false	Saccharomyces cerevisiae (strain ATCC 204508 / S288c)	UDP-N-acetylglucosamine transferase subunit ALG13	1:Experimental evidence at protein level	4.46	0.9078	0.9970	0.00060459492140	1	1	1	1	1	1	0	0	0			
sp|Q12502|LDB19_YEAST	Q12502	LDB19_YEAST	LDB19	818	false	false	Saccharomyces cerevisiae (strain ATCC 204508 / S288c)	Protein LDB19	1:Experimental evidence at protein level	1.34	0.9070	0.9970	0.00060459492140	1	1	1	1	1	1	5818492.0	5818492.0	5818492.0			
sp|Q04120|TSA2_YEAST	Q04120	TSA2_YEAST	TSA2	196	false	false	Saccharomyces cerevisiae (strain ATCC 204508 / S288c)	Peroxiredoxin TSA2	1:Experimental evidence at protein level	7.65	0.9065	0.9814	0.00620767494357	2	1	1	8	1	1	3.2439664E8	0	0			
sp|P39705|NUP60_YEAST	P39705	NUP60_YEAST	NUP60	539	false	false	Saccharomyces cerevisiae (strain ATCC 204508 / S288c)	Nucleoporin NUP60	1:Experimental evidence at protein level	1.86	0.9047	0.9969	0.00060459492140	1	1	1	1	1	1	1.0272324E7	1.0272324E7	1.0272324E7			
sp|Q05040|FAR8_YEAST	Q05040	FAR8_YEAST	FAR8	523	false	false	Saccharomyces cerevisiae (strain ATCC 204508 / S288c)	Factor arrest protein 8	1:Experimental evidence at protein level	1.34	0.9038	0.9968	0.00060459492140	1	1	1	1	1	1	3405189.2	3405189.2	3405189.2			
sp|Q99316|MPD2_YEAST	Q99316	MPD2_YEAST	MPD2	277	false	false	Saccharomyces cerevisiae (strain ATCC 204508 / S288c)	Protein disulfide isomerase MPD2	1:Experimental evidence at protein level	3.61	0.9001	0.9967	0.00060459492140	1	1	1	1	1	1	922861.4	922861.4	922861.4			
sp|Q06679|UTP4_YEAST	Q06679	UTP4_YEAST	UTP4	776	false	false	Saccharomyces cerevisiae (strain ATCC 204508 / S288c)	U3 small nucleolar RNA-associated protein 4	1:Experimental evidence at protein level	1.03	0.8979	0.9966	0.00060459492140	1	1	1	2	2	2	2368192.8	2368192.8	2368192.8			
sp|P53903|PGA2_YEAST	P53903	PGA2_YEAST	PGA2	129	false	false	Saccharomyces cerevisiae (strain ATCC 204508 / S288c)	Processing of GAS1 and ALP protein 2	1:Experimental evidence at protein level	6.20	0.8969	0.9966	0.00060459492140	1	1	1	1	1	1	9255794.0	9255794.0	9255794.0			
sp|P32901|PTR2_YEAST	P32901	PTR2_YEAST	PTR2	601	false	false	Saccharomyces cerevisiae (strain ATCC 204508 / S288c)	Peptide transporter PTR2	1:Experimental evidence at protein level	1.16	0.8965	0.9966	0.00060459492140	1	1	1	1	1	1	3503166.2	3503166.2	3503166.2			
sp|P40517|YRB2_YEAST	P40517	YRB2_YEAST	YRB2	327	false	false	Saccharomyces cerevisiae (strain ATCC 204508 / S288c)	Ran-specific GTPase-activating protein 2	1:Experimental evidence at protein level	2.75	0.8949	0.9965	0.00060459492140	1	1	1	1	1	1	6827949.0	6827949.0	6827949.0			
sp|P40563|AIM21_YEAST	P40563	AIM21_YEAST	AIM21	679	false	false	Saccharomyces cerevisiae (strain ATCC 204508 / S288c)	Altered inheritance of mitochondria protein 21	1:Experimental evidence at protein level	1.47	0.8939	0.9965	0.00060459492140	1	1	1	1	1	1	0	0	0			
sp|Q08278|MED7_YEAST	Q08278	MED7_YEAST	MED7	222	false	false	Saccharomyces cerevisiae (strain ATCC 204508 / S288c)	Mediator of RNA polymerase II transcription subunit 7	1:Experimental evidence at protein level	4.05	0.8894	0.9963	0.00120409391933	1	1	1	1	1	1	2601455.8	2601455.8	2601455.8			
sp|P53753|ENG1_YEAST	P53753	ENG1_YEAST	DSE4	1117	false	false	Saccharomyces cerevisiae (strain ATCC 204508 / S288c)	Glucan endo-1,3-beta-D-glucosidase 1	1:Experimental evidence at protein level	0.72	0.8851	0.9962	0.00120409391933	1	1	1	1	1	1	2971218.2	2971218.2	2971218.2			
sp|P53617|NRD1_YEAST	P53617	NRD1_YEAST	NRD1	575	false	false	Saccharomyces cerevisiae (strain ATCC 204508 / S288c)	Protein NRD1	1:Experimental evidence at protein level	1.39	0.8847	0.9961	0.00179533213645	1	1	1	1	1	1	2988770.0	2988770.0	2988770.0			
sp|Q02206|RSC4_YEAST	Q02206	RSC4_YEAST	RSC4	625	false	false	Saccharomyces cerevisiae (strain ATCC 204508 / S288c)	Chromatin structure-remodeling complex subunit RSC4	1:Experimental evidence at protein level	1.92	0.8819	0.9960	0.00179533213645	1	1	1	1	1	1	397470.94	397470.94	397470.94			
sp|Q12298|YD061_YEAST	Q12298	YD061_YEAST	YDR061W	539	false	false	Saccharomyces cerevisiae (strain ATCC 204508 / S288c)	Uncharacterized ABC transporter ATP-binding protein YDR061W	1:Experimental evidence at protein level	1.67	0.8789	0.9959	0.00179533213645	1	1	1	1	1	1	0	0	0			
sp|P42840|YN60_YEAST	P42840	YN60_YEAST	YNL320W	284	false	false	Saccharomyces cerevisiae (strain ATCC 204508 / S288c)	Uncharacterized membrane protein YNL320W	1:Experimental evidence at protein level	3.87	0.8757	0.9958	0.00179533213645	1	1	1	1	1	1	9232668.0	9232668.0	9232668.0			
sp|Q99252|ECM3_YEAST	Q99252	ECM3_YEAST	ECM3	613	false	false	Saccharomyces cerevisiae (strain ATCC 204508 / S288c)	Protein ECM3	1:Experimental evidence at protein level	1.31	0.8694	0.9956	0.00179533213645	1	1	1	1	1	1	984560.7	984560.7	984560.7			
sp|P32899|IMP3_YEAST	P32899	IMP3_YEAST	IMP3	183	false	false	Saccharomyces cerevisiae (strain ATCC 204508 / S288c)	U3 small nucleolar ribonucleoprotein protein IMP3	1:Experimental evidence at protein level	4.37	0.8687	0.9955	0.00179533213645	1	1	1	1	1	1	3562548.0	3562548.0	3562548.0			
sp|Q05543|RT103_YEAST	Q05543	RT103_YEAST	RTT103	409	false	false	Saccharomyces cerevisiae (strain ATCC 204508 / S288c)	Regulator of Ty1 transposition protein 103	1:Experimental evidence at protein level	2.20	0.8666	0.9954	0.00238805970149	1	1	1	1	1	1	2048688.6	2048688.6	2048688.6			
sp|P38719|DBP8_YEAST	P38719	DBP8_YEAST	DBP8	431	false	false	Saccharomyces cerevisiae (strain ATCC 204508 / S288c)	ATP-dependent RNA helicase DBP8	1:Experimental evidence at protein level	2.55	0.8618	0.9953	0.00238805970149	1	1	1	1	1	1	4.6761188E7	4.6761188E7	4.6761188E7			
sp|Q02642|NACB1_YEAST	Q02642	NACB1_YEAST	EGD1	157	false	false	Saccharomyces cerevisiae (strain ATCC 204508 / S288c)	Nascent polypeptide-associated complex subunit beta-1	1:Experimental evidence at protein level	4.46	0.8444	0.9945	0.00351699882767	1	1	1	4	4	4	1.06016E8	1.06016E8	1.06016E8			
sp|Q04600|TMA64_YEAST	Q04600	TMA64_YEAST	TMA64	565	false	false	Saccharomyces cerevisiae (strain ATCC 204508 / S288c)	Translation machinery-associated protein 64	1:Experimental evidence at protein level	1.59	0.8403	0.9944	0.00351699882767	1	1	1	1	1	1	3328998.0	3328998.0	3328998.0			
sp|P38112|MAK5_YEAST	P38112	MAK5_YEAST	MAK5	773	false	false	Saccharomyces cerevisiae (strain ATCC 204508 / S288c)	ATP-dependent RNA helicase MAK5	1:Experimental evidence at protein level	0.91	0.8388	0.9943	0.00351699882767	1	1	1	1	1	1	0	0	0			
sp|P42934|PMT6_YEAST	P42934	PMT6_YEAST	PMT6	759	false	false	Saccharomyces cerevisiae (strain ATCC 204508 / S288c)	Dolichyl-phosphate-mannose--protein mannosyltransferase 6	1:Experimental evidence at protein level	2.11	0.8359	0.9942	0.00351699882767	1	1	1	1	1	1	2339938.5	2339938.5	2339938.5			
sp|P39526|LAA1_YEAST	P39526	LAA1_YEAST	LAA1	2014	false	false	Saccharomyces cerevisiae (strain ATCC 204508 / S288c)	AP-1 accessory protein LAA1	1:Experimental evidence at protein level	0.45	0.8330	0.9941	0.00351699882767	1	1	1	1	1	1	1218445.2	1218445.2	1218445.2			
sp|P47123|MOG1_YEAST	P47123	MOG1_YEAST	MOG1	218	false	false	Saccharomyces cerevisiae (strain ATCC 204508 / S288c)	Nuclear import protein MOG1	1:Experimental evidence at protein level	5.96	0.8319	0.9940	0.00351699882767	1	1	1	1	1	1	0	0	0	1C(57.0215)		
sp|Q02767|VPS28_YEAST	Q02767	VPS28_YEAST	VPS28	242	false	false	Saccharomyces cerevisiae (strain ATCC 204508 / S288c)	Vacuolar protein sorting-associated protein 28	1:Experimental evidence at protein level	5.37	0.8223	0.9936	0.00351699882767	1	1	1	1	1	1	0	0	0			
sp|Q03533|TDA1_YEAST	Q03533	TDA1_YEAST	TDA1	586	false	false	Saccharomyces cerevisiae (strain ATCC 204508 / S288c)	Serine/threonine-protein kinase TDA1	1:Experimental evidence at protein level	1.88	0.8190	0.9935	0.00351699882767	1	1	1	1	1	1	3399667.2	3399667.2	3399667.2			
sp|P29295|HRR25_YEAST	P29295	HRR25_YEAST	HRR25	494	false	false	Saccharomyces cerevisiae (strain ATCC 204508 / S288c)	Casein kinase I homolog HRR25	1:Experimental evidence at protein level	1.82	0.8185	0.9934	0.00351699882767	1	0	1	1	0	1	5554887.5	0	5554887.5			sp|P39962|KC13_YEAST
sp|Q06639|RSC3_YEAST	Q06639	RSC3_YEAST	RSC3	885	false	false	Saccharomyces cerevisiae (strain ATCC 204508 / S288c)	Chromatin structure-remodeling complex protein RSC3	1:Experimental evidence at protein level	1.02	0.8165	0.9934	0.00351699882767	1	1	1	6	6	6	2.63842752E8	2.63842752E8	2.63842752E8	2M(15.9949),3C(57.0215)		
sp|P20448|DBP4_YEAST	P20448	DBP4_YEAST	HCA4	770	false	false	Saccharomyces cerevisiae (strain ATCC 204508 / S288c)	ATP-dependent RNA helicase HCA4	1:Experimental evidence at protein level	0.91	0.8127	0.9932	0.00351699882767	1	1	1	1	1	1	3914747.8	3914747.8	3914747.8			
sp|P48563|MON2_YEAST	P48563	MON2_YEAST	MON2	1636	false	false	Saccharomyces cerevisiae (strain ATCC 204508 / S288c)	Protein MON2	1:Experimental evidence at protein level	0.61	0.8087	0.9930	0.00351699882767	1	1	1	1	1	1	901881.75	901881.75	901881.75			
sp|P43611|OSW7_YEAST	P43611	OSW7_YEAST	OSW7	510	false	false	Saccharomyces cerevisiae (strain ATCC 204508 / S288c)	Outer spore wall protein 7	1:Experimental evidence at protein level	5.29	0.8058	0.9929	0.00351699882767	1	1	1	1	1	1	9341292.0	9341292.0	9341292.0			
sp|Q12133|SPC3_YEAST	Q12133	SPC3_YEAST	SPC3	184	false	false	Saccharomyces cerevisiae (strain ATCC 204508 / S288c)	Signal peptidase complex subunit 3	1:Experimental evidence at protein level	3.80	0.8053	0.9929	0.00351699882767	1	1	1	2	2	2	7619936.0	7619936.0	7619936.0			
sp|P42949|TIM16_YEAST	P42949	TIM16_YEAST	PAM16	149	false	false	Saccharomyces cerevisiae (strain ATCC 204508 / S288c)	Mitochondrial import inner membrane translocase subunit TIM16	1:Experimental evidence at protein level	5.37	0.7964	0.9925	0.00351699882767	1	1	1	1	1	1	0	0	0			
sp|P47137|YJ66_YEAST	P47137	YJ66_YEAST	YJR096W	282	false	false	Saccharomyces cerevisiae (strain ATCC 204508 / S288c)	Uncharacterized oxidoreductase YJR096W	1:Experimental evidence at protein level	2.84	0.7962	0.9924	0.00351699882767	1	1	1	1	1	1	3266280.8	3266280.8	3266280.8			
sp|Q02647|DYL1_YEAST	Q02647	DYL1_YEAST	DYN2	92	false	false	Saccharomyces cerevisiae (strain ATCC 204508 / S288c)	Dynein light chain 1, cytoplasmic	1:Experimental evidence at protein level	8.70	0.7894	0.9921	0.00351699882767	1	1	1	1	1	1	7988582.0	7988582.0	7988582.0			
sp|Q06156|CND1_YEAST	Q06156	CND1_YEAST	YCS4	1176	false	false	Saccharomyces cerevisiae (strain ATCC 204508 / S288c)	Condensin complex subunit 1	1:Experimental evidence at protein level	0.68	0.7855	0.9919	0.00403458213256	1	1	1	2	2	2	3.7010668E7	3.7010668E7	3.7010668E7			
sp|P11632|NHP6A_YEAST	P11632	NHP6A_YEAST	NHP6A	93	false	false	Saccharomyces cerevisiae (strain ATCC 204508 / S288c)	Non-histone chromosomal protein 6A	1:Experimental evidence at protein level	7.53	0.7853	0.9919	0.00403458213256	1	1	1	1	1	1	3902061.2	3902061.2	3902061.2			
sp|P48360|ADRO_YEAST	P48360	ADRO_YEAST	ARH1	493	false	false	Saccharomyces cerevisiae (strain ATCC 204508 / S288c)	Probable NADPH:adrenodoxin oxidoreductase, mitochondrial	1:Experimental evidence at protein level	2.23	0.7780	0.9916	0.00403458213256	1	1	1	1	1	1	3985500.0	3985500.0	3985500.0			
sp|P01098|STF1_YEAST	P01098	STF1_YEAST	STF1	86	false	false	Saccharomyces cerevisiae (strain ATCC 204508 / S288c)	ATPase-stabilizing factor 9 kDa, mitochondrial	1:Experimental evidence at protein level	8.14	0.7742	0.9914	0.00403458213256	1	1	1	1	1	1	5412434.0	5412434.0	5412434.0			
sp|P38072|SCO2_YEAST	P38072	SCO2_YEAST	SCO2	301	false	false	Saccharomyces cerevisiae (strain ATCC 204508 / S288c)	Protein SCO2, mitochondrial	1:Experimental evidence at protein level	3.99	0.7537	0.9904	0.00403458213256	1	1	1	1	1	1	1.8059428E7	1.8059428E7	1.8059428E7	8C(57.0215)		
sp|Q12386|ARP8_YEAST	Q12386	ARP8_YEAST	ARP8	881	false	false	Saccharomyces cerevisiae (strain ATCC 204508 / S288c)	Actin-like protein ARP8	1:Experimental evidence at protein level	0.91	0.7530	0.9903	0.00403458213256	1	1	1	1	1	1	618011.94	618011.94	618011.94			
sp|Q04228|UBX2_YEAST	Q04228	UBX2_YEAST	UBX2	584	false	false	Saccharomyces cerevisiae (strain ATCC 204508 / S288c)	UBX domain-containing protein 2	1:Experimental evidence at protein level	3.42	0.7520	0.9903	0.00403458213256	1	1	1	1	1	1	4259600.5	4259600.5	4259600.5			
sp|P52593|NU188_YEAST	P52593	NU188_YEAST	NUP188	1655	false	false	Saccharomyces cerevisiae (strain ATCC 204508 / S288c)	Nucleoporin NUP188	1:Experimental evidence at protein level	0.48	0.7515	0.9903	0.00403458213256	1	1	1	1	1	1	2495678.5	2495678.5	2495678.5			
sp|P39984|HAT2_YEAST	P39984	HAT2_YEAST	HAT2	401	false	false	Saccharomyces cerevisiae (strain ATCC 204508 / S288c)	Histone acetyltransferase type B subunit 2	1:Experimental evidence at protein level	2.00	0.7418	0.9898	0.00403458213256	1	1	1	1	1	1	1.2358926E7	1.2358926E7	1.2358926E7			
sp|P53040|TAF6_YEAST	P53040	TAF6_YEAST	TAF6	516	false	false	Saccharomyces cerevisiae (strain ATCC 204508 / S288c)	Transcription initiation factor TFIID subunit 6	1:Experimental evidence at protein level	1.36	0.7411	0.9897	0.00403458213256	1	1	1	1	1	1	2654830.8	2654830.8	2654830.8			
sp|P00912|TRPF_YEAST	P00912	TRPF_YEAST	TRP1	224	false	false	Saccharomyces cerevisiae (strain ATCC 204508 / S288c)	N-(5'-phosphoribosyl)anthranilate isomerase	1:Experimental evidence at protein level	3.12	0.7405	0.9897	0.00403458213256	1	1	1	1	1	1	3095354.8	3095354.8	3095354.8			
sp|Q04080|GPI17_YEAST	Q04080	GPI17_YEAST	GPI17	534	false	false	Saccharomyces cerevisiae (strain ATCC 204508 / S288c)	GPI transamidase component GPI17	1:Experimental evidence at protein level	1.69	0.7252	0.9889	0.00403458213256	1	1	1	1	1	1	1.09820976E8	1.09820976E8	1.09820976E8			
sp|P38226|CST26_YEAST	P38226	CST26_YEAST	CST26	397	false	false	Saccharomyces cerevisiae (strain ATCC 204508 / S288c)	2-acyl-1-lysophosphatidylinositol acyltransferase	1:Experimental evidence at protein level	2.02	0.7251	0.9889	0.00403458213256	1	1	1	3	3	3	2498778.0	2498778.0	2498778.0			
contam_sp|Q92764|KRT35_HUMAN	Q92764	KRT35_HUMAN	KRT35	455	false	true	Homo sapiens	Keratin, type I cuticular Ha5	1:Experimental evidence at protein level	1.54	0.7195	0.9885	0.00403458213256	1	1	1	1	1	1	4885324.5	4885324.5	4885324.5			
sp|P25608|YCZ2_YEAST	P25608	YCZ2_YEAST	YCR102C	368	false	false	Saccharomyces cerevisiae (strain ATCC 204508 / S288c)	Uncharacterized protein YCR102C	3:Protein inferred from homology	2.17	0.7173	0.9884	0.00403458213256	1	0	1	2	0	2	6830200.0	0	6830200.0			sp|P54007|YL460_YEAST
sp|P36141|FMP46_YEAST	P36141	FMP46_YEAST	FMP46	133	false	false	Saccharomyces cerevisiae (strain ATCC 204508 / S288c)	Putative redox protein FMP46, mitochondrial	1:Experimental evidence at protein level	8.27	0.7138	0.9882	0.00403458213256	1	1	1	1	1	1	0	0	0			
sp|P53277|SYF2_YEAST	P53277	SYF2_YEAST	SYF2	215	false	false	Saccharomyces cerevisiae (strain ATCC 204508 / S288c)	Pre-mRNA-splicing factor SYF2	1:Experimental evidence at protein level	4.65	0.7114	0.9881	0.00403458213256	1	1	1	1	1	1	0	0	0			
sp|P40994|ARF3_YEAST	P40994	ARF3_YEAST	ARF3	183	false	false	Saccharomyces cerevisiae (strain ATCC 204508 / S288c)	ADP-ribosylation factor 3	1:Experimental evidence at protein level	4.37	0.7107	0.9880	0.00403458213256	1	1	1	1	1	1	2928632.8	2928632.8	2928632.8			
sp|Q92316|OST5_YEAST	Q92316	OST5_YEAST	OST5	86	false	false	Saccharomyces cerevisiae (strain ATCC 204508 / S288c)	Dolichyl-diphosphooligosaccharide--protein glycosyltransferase subunit OST5	1:Experimental evidence at protein level	8.14	0.7069	0.9878	0.00461095100865	1	1	1	1	1	1	9242365.0	9242365.0	9242365.0			
sp|P39722|GEM1_YEAST	P39722	GEM1_YEAST	GEM1	662	false	false	Saccharomyces cerevisiae (strain ATCC 204508 / S288c)	Mitochondrial Rho GTPase 1	1:Experimental evidence at protein level	1.66	0.6925	0.9870	0.00514579759863	1	1	1	1	1	1	0	0	0	4C(57.0215)		
sp|P47102|GEA1_YEAST	P47102	GEA1_YEAST	GEA1	1408	false	false	Saccharomyces cerevisiae (strain ATCC 204508 / S288c)	ARF guanine-nucleotide exchange factor 1	1:Experimental evidence at protein level	0.64	0.6865	0.9866	0.00514579759863	1	1	1	1	1	1	6178510.0	6178510.0	6178510.0			
sp|Q08650|DGAT2_YEAST	Q08650	DGAT2_YEAST	DGA1	418	false	false	Saccharomyces cerevisiae (strain ATCC 204508 / S288c)	Diacylglycerol O-acyltransferase 1	1:Experimental evidence at protein level	4.78	0.6803	0.9862	0.00514579759863	1	1	1	1	1	1	1121842.9	1121842.9	1121842.9	11C(57.0215),12C(57.0215)		
contam_sp|P69905|HBA_HUMAN	P69905	HBA_HUMAN	HBA2	142	false	true	Homo sapiens	Hemoglobin subunit alpha	1:Experimental evidence at protein level	4.93	0.6750	0.9859	0.00514579759863	1	1	1	1	1	1	4647874.5	4647874.5	4647874.5			
sp|P38736|GOSR1_YEAST	P38736	GOSR1_YEAST	GOS1	223	false	false	Saccharomyces cerevisiae (strain ATCC 204508 / S288c)	Golgi SNAP receptor complex member 1	1:Experimental evidence at protein level	3.14	0.6685	0.9855	0.00514579759863	1	1	1	1	1	1	3356623.0	3356623.0	3356623.0			
sp|Q12517|DCP1_YEAST	Q12517	DCP1_YEAST	DCP1	231	false	false	Saccharomyces cerevisiae (strain ATCC 204508 / S288c)	mRNA-decapping enzyme subunit 1	1:Experimental evidence at protein level	4.76	0.6674	0.9854	0.00514579759863	1	1	1	1	1	1	2178264.2	2178264.2	2178264.2	9C(57.0215)		
sp|P32644|ECM32_YEAST	P32644	ECM32_YEAST	ECM32	1121	false	false	Saccharomyces cerevisiae (strain ATCC 204508 / S288c)	Putative ATP-dependent RNA helicase ECM32	1:Experimental evidence at protein level	0.80	0.6630	0.9851	0.00514579759863	1	1	1	1	1	1	856849.1	856849.1	856849.1			
sp|P06700|SIR2_YEAST	P06700	SIR2_YEAST	SIR2	562	false	false	Saccharomyces cerevisiae (strain ATCC 204508 / S288c)	NAD-dependent histone deacetylase SIR2	1:Experimental evidence at protein level	1.42	0.6566	0.9847	0.00514579759863	1	1	1	1	1	1	0	0	0			
sp|P47054|NU192_YEAST	P47054	NU192_YEAST	NUP192	1683	false	false	Saccharomyces cerevisiae (strain ATCC 204508 / S288c)	Nucleoporin NUP192	1:Experimental evidence at protein level	0.53	0.6518	0.9844	0.00568504832291	1	1	1	1	1	1	2098556.0	2098556.0	2098556.0			
sp|Q3E756|YB029_YEAST	Q3E756	YB029_YEAST	YBL029C-A	94	false	false	Saccharomyces cerevisiae (strain ATCC 204508 / S288c)	UPF0768 protein YBL029C-A	1:Experimental evidence at protein level	9.57	0.6420	0.9837	0.00568504832291	1	1	1	1	1	1	0	0	0			
sp|P37296|VPP2_YEAST	P37296	VPP2_YEAST	STV1	890	false	false	Saccharomyces cerevisiae (strain ATCC 204508 / S288c)	V-type proton ATPase subunit a, Golgi isoform	1:Experimental evidence at protein level	0.90	0.6363	0.9833	0.00568504832291	1	1	1	1	1	1	3995849.2	3995849.2	3995849.2			
sp|P36004|KKQ8_YEAST	P36004	KKQ8_YEAST	KKQ8	724	false	false	Saccharomyces cerevisiae (strain ATCC 204508 / S288c)	Probable serine/threonine-protein kinase KKQ8	1:Experimental evidence at protein level	0.97	0.6328	0.9830	0.00568504832291	1	1	1	3	3	3	2.5661316E7	2.5661316E7	2.5661316E7			
sp|Q05946|UTP13_YEAST	Q05946	UTP13_YEAST	UTP13	817	false	false	Saccharomyces cerevisiae (strain ATCC 204508 / S288c)	U3 small nucleolar RNA-associated protein 13	1:Experimental evidence at protein level	1.10	0.6311	0.9829	0.00568504832291	1	1	1	1	1	1	1484111.4	1484111.4	1484111.4			
sp|Q02896|YDC1_YEAST	Q02896	YDC1_YEAST	YDC1	317	false	false	Saccharomyces cerevisiae (strain ATCC 204508 / S288c)	Alkaline ceramidase YDC1	1:Experimental evidence at protein level	2.84	0.6300	0.9828	0.00568504832291	1	1	1	1	1	1	1434539.0	1434539.0	1434539.0			
sp|P18412|TEC1_YEAST	P18412	TEC1_YEAST	TEC1	486	false	false	Saccharomyces cerevisiae (strain ATCC 204508 / S288c)	Ty transcription activator TEC1	1:Experimental evidence at protein level	1.65	0.6152	0.9817	0.00620767494357	1	1	1	2	2	2	1.0266069E7	1.0266069E7	1.0266069E7			
sp|P35178|RRP1_YEAST	P35178	RRP1_YEAST	RRP1	278	false	false	Saccharomyces cerevisiae (strain ATCC 204508 / S288c)	Ribosomal RNA-processing protein 1	1:Experimental evidence at protein level	5.76	0.6128	0.9816	0.00620767494357	1	1	1	1	1	1	6002904.5	6002904.5	6002904.5			
sp|P46949|FYV8_YEAST	P46949	FYV8_YEAST	FYV8	817	false	false	Saccharomyces cerevisiae (strain ATCC 204508 / S288c)	Protein FYV8	1:Experimental evidence at protein level	1.10	0.6041	0.9809	0.00620767494357	1	1	1	1	1	1	5160830.0	5160830.0	5160830.0			
sp|P53853|VPS75_YEAST	P53853	VPS75_YEAST	VPS75	264	false	false	Saccharomyces cerevisiae (strain ATCC 204508 / S288c)	Vacuolar protein sorting-associated protein 75	1:Experimental evidence at protein level	2.65	0.6027	0.9808	0.00620767494357	1	1	1	1	1	1	996124.75	996124.75	996124.75			
sp|Q04053|SNX41_YEAST	Q04053	SNX41_YEAST	SNX41	625	false	false	Saccharomyces cerevisiae (strain ATCC 204508 / S288c)	Sorting nexin-41	1:Experimental evidence at protein level	1.60	0.5915	0.9799	0.00789622109419	1	1	1	1	1	1	8140395.5	8140395.5	8140395.5			
sp|P35724|MNR2_YEAST	P35724	MNR2_YEAST	MNR2	969	false	false	Saccharomyces cerevisiae (strain ATCC 204508 / S288c)	Manganese resistance protein MNR2	1:Experimental evidence at protein level	1.34	0.5756	0.9785	0.00901408450704	1	1	1	1	1	1	2082095.9	2082095.9	2082095.9			
sp|P05986|KAPC_YEAST	P05986	KAPC_YEAST	TPK3	398	false	false	Saccharomyces cerevisiae (strain ATCC 204508 / S288c)	cAMP-dependent protein kinase type 3	1:Experimental evidence at protein level	2.01	0.0000	0.9988	0.00000000000000	2	0	2	1	0	1	1.1487817E7	0	1.1487817E7			
